comment_id,text,session_id,source_file,timestamp,intent,sentiment,confidence,needs_review,reason
comment_000001,Spil ukuran s dong kak yg spider,2dfdad83-e04f-4b8e-a1c7-bc8ed2a6fa58,4endshop_7671505719457581844_20260808-161802.jsonl,1786180643361,ask_detail,neutral,0.75,False,minta spill/lihat detail ukuran S
comment_000002,oke kak makasih,2dfdad83-e04f-4b8e-a1c7-bc8ed2a6fa58,4endshop_7671505719457581844_20260808-161802.jsonl,1786180653836,other,positive,0.8,False,ucapan terima kasih
comment_000003,kak kalo buat BB 100+ bisa ga kak?,2dfdad83-e04f-4b8e-a1c7-bc8ed2a6fa58,4endshop_7671505719457581844_20260808-161802.jsonl,1786180663619,ask_size_fit,neutral,0.6,False,tanya fit untuk BB 100+
comment_000004,bahan buat T shirt,2dfdad83-e04f-4b8e-a1c7-bc8ed2a6fa58,4endshop_7671505719457581844_20260808-161802.jsonl,1786180664729,ask_detail,neutral,0.85,False,tanya bahan T-shirt
comment_000005,kalo TB 140 BB 41 ukuran apa kak,2dfdad83-e04f-4b8e-a1c7-bc8ed2a6fa58,4endshop_7671505719457581844_20260808-161802.jsonl,1786180675781,ask_measurement,neutral,0.9,False,BB/TB + tanya ukuran
comment_000006,bahan kaos apa kak?,2dfdad83-e04f-4b8e-a1c7-bc8ed2a6fa58,4endshop_7671505719457581844_20260808-161802.jsonl,1786180680585,ask_detail,neutral,0.9,False,tanya bahan kaos
comment_000013,kaos untuk bb 77 tb 172 kak uk apa ya?,2dfdad83-e04f-4b8e-a1c7-bc8ed2a6fa58,4endshop_7671505719457581844_20260808-161802.jsonl,1786180702315,ask_measurement,neutral,0.9,False,BB/TB + tanya ukuran
comment_000014,spil yg ukuran m kak,2dfdad83-e04f-4b8e-a1c7-bc8ed2a6fa58,4endshop_7671505719457581844_20260808-161802.jsonl,1786180709165,ask_detail,neutral,0.75,False,minta spill ukuran M
comment_000015,Oky kak yg spider ukuran s pas kan TB 140 TB 41,2dfdad83-e04f-4b8e-a1c7-bc8ed2a6fa58,4endshop_7671505719457581844_20260808-161802.jsonl,1786180757478,ask_measurement,neutral,0.7,False,konfirmasi ukuran dgn BB/TB
comment_000016,ka bener ga si harganya segitu,2dfdad83-e04f-4b8e-a1c7-bc8ed2a6fa58,4endshop_7671505719457581844_20260808-161802.jsonl,1786180789568,ask_price,neutral,0.8,False,verifikasi harga
comment_000017,etalase 3 ka,2dfdad83-e04f-4b8e-a1c7-bc8ed2a6fa58,4endshop_7671505719457581844_20260808-161802.jsonl,1786180827655,ask_stock,neutral,0.85,False,sebut etalase 3
comment_000018,tb 180 BB 89,2dfdad83-e04f-4b8e-a1c7-bc8ed2a6fa58,4endshop_7671505719457581844_20260808-161802.jsonl,1786180846994,ask_measurement,neutral,0.9,False,ukuran tubuh saja
comment_000019,tb 150 bb 53 size apa ka,2dfdad83-e04f-4b8e-a1c7-bc8ed2a6fa58,4endshop_7671505719457581844_20260808-161802.jsonl,1786180857151,ask_measurement,neutral,0.9,False,BB/TB + tanya size
comment_000020,aku co yg size l tpi ka hhe,2dfdad83-e04f-4b8e-a1c7-bc8ed2a6fa58,4endshop_7671505719457581844_20260808-161802.jsonl,1786180893257,purchase_intent,neutral,0.85,False,sudah checkout size L
comment_000021,yg spiderman bb 95 bisa ga kk?,2dfdad83-e04f-4b8e-a1c7-bc8ed2a6fa58,4endshop_7671505719457581844_20260808-161802.jsonl,1786180933000,ask_size_fit,neutral,0.6,False,fit untuk BB 95
comment_000023,tb 177 bb 77,2dfdad83-e04f-4b8e-a1c7-bc8ed2a6fa58,4endshop_7671505719457581844_20260808-161802.jsonl,1786181082358,ask_measurement,neutral,0.9,False,ukuran tubuh saja
comment_000024,belakangnya gmna ka,2dfdad83-e04f-4b8e-a1c7-bc8ed2a6fa58,4endshop_7671505719457581844_20260808-161802.jsonl,1786181174373,ask_detail,neutral,0.8,False,tanya model bagian belakang
comment_000025,yg di pake ukuran apa ka,2dfdad83-e04f-4b8e-a1c7-bc8ed2a6fa58,4endshop_7671505719457581844_20260808-161802.jsonl,1786181187229,ask_size_fit,neutral,0.85,False,ukuran yg dipakai model
comment_000026,tb 160 bb 70 uk apa?,2dfdad83-e04f-4b8e-a1c7-bc8ed2a6fa58,4endshop_7671505719457581844_20260808-161802.jsonl,1786181190539,ask_measurement,neutral,0.9,False,BB/TB + tanya ukuran
comment_000027,kak cirengnya redygak,2dfdad83-e04f-4b8e-a1c7-bc8ed2a6fa58,4endshop_7671505719457581844_20260808-161802.jsonl,1786181216503,ask_stock,neutral,0.7,False,tanya ready cireng
comment_000028,et 1 tb 160 bb 70 uk apa kak,2dfdad83-e04f-4b8e-a1c7-bc8ed2a6fa58,4endshop_7671505719457581844_20260808-161802.jsonl,1786181237796,ask_measurement,neutral,0.85,False,ET + BB/TB tanya ukuran
comment_000030,kak BB 75 tinggi 173 ambil apa ya,2dfdad83-e04f-4b8e-a1c7-bc8ed2a6fa58,4endshop_7671505719457581844_20260808-161802.jsonl,1786181281833,ask_measurement,neutral,0.9,False,BB/tinggi + ambil apa
comment_000031,"Bb 55, tinggi 170’an uk apa ka",2dfdad83-e04f-4b8e-a1c7-bc8ed2a6fa58,4endshop_7671505719457581844_20260808-161802.jsonl,1786181318256,ask_measurement,neutral,0.9,False,BB/tinggi + tanya ukuran
comment_000032,Bb 100 tinggi 175 pake uk apa ka,2dfdad83-e04f-4b8e-a1c7-bc8ed2a6fa58,4endshop_7671505719457581844_20260808-161802.jsonl,1786181330416,ask_measurement,neutral,0.9,False,BB/tinggi + tanya ukuran
comment_000033,Iya bep,2dfdad83-e04f-4b8e-a1c7-bc8ed2a6fa58,4endshop_7671505719457581844_20260808-161802.jsonl,1786181346893,other,neutral,0.75,False,jawaban singkat
comment_000034,kak sepil eta 2,2dfdad83-e04f-4b8e-a1c7-bc8ed2a6fa58,4endshop_7671505719457581844_20260808-161802.jsonl,1786181369775,ask_detail,neutral,0.8,False,minta spill etalase 2
comment_000035,tb 170.bb 85 uk berapa,2dfdad83-e04f-4b8e-a1c7-bc8ed2a6fa58,4endshop_7671505719457581844_20260808-161802.jsonl,1786181372137,ask_measurement,neutral,0.9,False,TB/BB + tanya ukuran
comment_000036,udah co eta 2,2dfdad83-e04f-4b8e-a1c7-bc8ed2a6fa58,4endshop_7671505719457581844_20260808-161802.jsonl,1786181482898,purchase_intent,neutral,0.85,False,sudah checkout
comment_000037,baju yang spiderman kak spil,2dfdad83-e04f-4b8e-a1c7-bc8ed2a6fa58,4endshop_7671505719457581844_20260808-161802.jsonl,1786181638389,ask_detail,neutral,0.85,False,minta spill produk
comment_000038,et 19 kk,2dfdad83-e04f-4b8e-a1c7-bc8ed2a6fa58,4endshop_7671505719457581844_20260808-161802.jsonl,1786181647193,ask_stock,neutral,0.85,False,sebut etalase 19
comment_000039,BB 65 kk,2dfdad83-e04f-4b8e-a1c7-bc8ed2a6fa58,4endshop_7671505719457581844_20260808-161802.jsonl,1786181647924,ask_measurement,neutral,0.7,False,BB saja
comment_000040,udah co kk eta 19,2dfdad83-e04f-4b8e-a1c7-bc8ed2a6fa58,4endshop_7671505719457581844_20260808-161802.jsonl,1786181677408,purchase_intent,neutral,0.85,False,sudah checkout
comment_000041,udah co 3 kak,2dfdad83-e04f-4b8e-a1c7-bc8ed2a6fa58,4endshop_7671505719457581844_20260808-161802.jsonl,1786181680309,purchase_intent,neutral,0.85,False,sudah checkout 3 item
comment_000042,kk eta 2 untuk bb 63 ambil xl kegedean gk?,2dfdad83-e04f-4b8e-a1c7-bc8ed2a6fa58,4endshop_7671505719457581844_20260808-161802.jsonl,1786181687314,ask_size_fit,neutral,0.6,False,tanya fit ukuran XL unt BB63
comment_000043,itu bahan yg spiderman apa,2dfdad83-e04f-4b8e-a1c7-bc8ed2a6fa58,4endshop_7671505719457581844_20260808-161802.jsonl,1786181701025,ask_detail,neutral,0.85,False,tanya bahan
comment_000045,Bahan apan?,2dfdad83-e04f-4b8e-a1c7-bc8ed2a6fa58,4endshop_7671505719457581844_20260808-161802.jsonl,1786181723274,ask_detail,neutral,0.9,False,tanya bahan
comment_000046,sya 68,2dfdad83-e04f-4b8e-a1c7-bc8ed2a6fa58,4endshop_7671505719457581844_20260808-161802.jsonl,1786181726287,ask_measurement,neutral,0.5,True,"mungkin BB 68, ambigu"
comment_000048,68 ambil ukuran apa,2dfdad83-e04f-4b8e-a1c7-bc8ed2a6fa58,4endshop_7671505719457581844_20260808-161802.jsonl,1786181734534,ask_measurement,neutral,0.7,False,berat 68 tanya ukuran
comment_000050,@💅🏻✨🦩 okkkoooooo,2dfdad83-e04f-4b8e-a1c7-bc8ed2a6fa58,4endshop_7671505719457581844_20260808-161802.jsonl,1786181761191,noise,neutral,0.75,False,emoji + teks tak bermakna
comment_000051,ka ini kmrn udh co 2 tp dateng nya ko 1 doang ya,2dfdad83-e04f-4b8e-a1c7-bc8ed2a6fa58,4endshop_7671505719457581844_20260808-161802.jsonl,1786181769113,purchase_intent,negative,0.8,False,keluhan pesanan kurang 1
comment_000052,bb 50 tb 170 apa,2dfdad83-e04f-4b8e-a1c7-bc8ed2a6fa58,4endshop_7671505719457581844_20260808-161802.jsonl,1786181770513,ask_measurement,neutral,0.85,False,BB/TB tanya ukuran
comment_000053,sablon yg di blkang et brpa aj kk,2dfdad83-e04f-4b8e-a1c7-bc8ed2a6fa58,4endshop_7671505719457581844_20260808-161802.jsonl,1786181775341,ask_stock,neutral,0.7,False,tanya etalase untuk sablon
comment_000054,spil eta 5 kak,2dfdad83-e04f-4b8e-a1c7-bc8ed2a6fa58,4endshop_7671505719457581844_20260808-161802.jsonl,1786181777564,ask_detail,neutral,0.85,False,minta spill etalase 5
comment_000055,Hitam polos,2dfdad83-e04f-4b8e-a1c7-bc8ed2a6fa58,4endshop_7671505719457581844_20260808-161802.jsonl,1786181785373,ask_stock,neutral,0.5,True,"hanya warna, ambigu"
comment_000056,kakanya pake uk apa?,2dfdad83-e04f-4b8e-a1c7-bc8ed2a6fa58,4endshop_7671505719457581844_20260808-161802.jsonl,1786181804328,ask_size_fit,neutral,0.85,False,ukuran yg dipakai host
comment_000057,kk sepil eta 31,2dfdad83-e04f-4b8e-a1c7-bc8ed2a6fa58,4endshop_7671505719457581844_20260808-161802.jsonl,1786181807878,ask_detail,neutral,0.85,False,minta spill etalase 31
comment_000058,udah kak aku CO yg spiderman,2dfdad83-e04f-4b8e-a1c7-bc8ed2a6fa58,4endshop_7671505719457581844_20260808-161802.jsonl,1786181853823,purchase_intent,neutral,0.9,False,sudah checkout
comment_000059,aku udh co 2 kk,2dfdad83-e04f-4b8e-a1c7-bc8ed2a6fa58,4endshop_7671505719457581844_20260808-161802.jsonl,1786181885464,purchase_intent,neutral,0.9,False,sudah checkout 2 item
comment_000060,berapa,2dfdad83-e04f-4b8e-a1c7-bc8ed2a6fa58,4endshop_7671505719457581844_20260808-161802.jsonl,1786181922833,ask_price,neutral,0.5,True,"berapa saja, kemungkinan harga"
comment_000061,bb 55 ambil apa ka,2dfdad83-e04f-4b8e-a1c7-bc8ed2a6fa58,4endshop_7671505719457581844_20260808-161802.jsonl,1786181952446,ask_measurement,neutral,0.85,False,BB + ambil apa
comment_000062,BB 85 MBA,2dfdad83-e04f-4b8e-a1c7-bc8ed2a6fa58,4endshop_7671505719457581844_20260808-161802.jsonl,1786181954588,ask_measurement,neutral,0.8,False,BB 85 saja
comment_000064,kak yang gambar cwe melet etalase berpa,2dfdad83-e04f-4b8e-a1c7-bc8ed2a6fa58,4endshop_7671505719457581844_20260808-161802.jsonl,1786181978677,ask_stock,neutral,0.7,False,tanya etalase produk
comment_000065,tb 178 bb 65 pake size berpa ya,2dfdad83-e04f-4b8e-a1c7-bc8ed2a6fa58,4endshop_7671505719457581844_20260808-161802.jsonl,1786182021651,ask_measurement,neutral,0.9,False,BB/TB + tanya size
comment_000066,etalase no 21 kak,2dfdad83-e04f-4b8e-a1c7-bc8ed2a6fa58,4endshop_7671505719457581844_20260808-161802.jsonl,1786182086660,ask_stock,neutral,0.85,False,etalase no 21
comment_000067,bb 55 tb 167 ambil apa ka,2dfdad83-e04f-4b8e-a1c7-bc8ed2a6fa58,4endshop_7671505719457581844_20260808-161802.jsonl,1786182100895,ask_measurement,neutral,0.9,False,BB/TB + ambil apa
comment_000068,yg dipake ets brp,2dfdad83-e04f-4b8e-a1c7-bc8ed2a6fa58,4endshop_7671505719457581844_20260808-161802.jsonl,1786182102148,ask_stock,neutral,0.7,False,tanya etalase yg dipakai
comment_000069,pengiriman Jayapura ga bisah ya mba,2dfdad83-e04f-4b8e-a1c7-bc8ed2a6fa58,4endshop_7671505719457581844_20260808-161802.jsonl,1786182146954,ask_price,neutral,0.65,False,tanya pengiriman Jayapura
comment_000070,kak aku mau lihat ukuran S etalase no 6,2dfdad83-e04f-4b8e-a1c7-bc8ed2a6fa58,4endshop_7671505719457581844_20260808-161802.jsonl,1786182168740,ask_stock,neutral,0.6,False,lihat produk etalase 6
comment_000071,Spil eta 18 kak,2dfdad83-e04f-4b8e-a1c7-bc8ed2a6fa58,4endshop_7671505719457581844_20260808-161802.jsonl,1786182186525,ask_detail,neutral,0.85,False,minta spill etalase 18
comment_000072,Spil yg size m kak,2dfdad83-e04f-4b8e-a1c7-bc8ed2a6fa58,4endshop_7671505719457581844_20260808-161802.jsonl,1786182249955,ask_detail,neutral,0.75,False,minta spill size M
comment_000073,etalase 1 cb lihat ukuran XL,2dfdad83-e04f-4b8e-a1c7-bc8ed2a6fa58,4endshop_7671505719457581844_20260808-161802.jsonl,1786182259403,ask_stock,neutral,0.65,False,lihat etalase 1 ukuran XL
comment_000074,aku udh co ka etalase 19,2dfdad83-e04f-4b8e-a1c7-bc8ed2a6fa58,4endshop_7671505719457581844_20260808-161802.jsonl,1786182323841,purchase_intent,neutral,0.85,False,sudah checkout etalase 19
comment_000075,spil eta 2 ukuran xl,2dfdad83-e04f-4b8e-a1c7-bc8ed2a6fa58,4endshop_7671505719457581844_20260808-161802.jsonl,1786182372819,ask_detail,neutral,0.75,False,minta spill ukuran XL
comment_000076,XL muat BB brapa,2dfdad83-e04f-4b8e-a1c7-bc8ed2a6fa58,4endshop_7671505719457581844_20260808-161802.jsonl,1786182378469,ask_measurement,neutral,0.55,True,muat BB berapa utk XL
comment_000077,bb 68 ukuran apa kak,2dfdad83-e04f-4b8e-a1c7-bc8ed2a6fa58,4endshop_7671505719457581844_20260808-161802.jsonl,1786182444397,ask_measurement,neutral,0.85,False,BB + ukuran apa
comment_000078,ukuran s gmna,2dfdad83-e04f-4b8e-a1c7-bc8ed2a6fa58,4endshop_7671505719457581844_20260808-161802.jsonl,1786182448912,ask_size_fit,neutral,0.7,False,tanya info ukuran S
comment_000079,buat BB 69 TB 165 apa ka,2dfdad83-e04f-4b8e-a1c7-bc8ed2a6fa58,4endshop_7671505719457581844_20260808-161802.jsonl,1786182458451,ask_measurement,neutral,0.85,False,BB/TB + tanya ukuran
comment_000080,ka bb 68 Tb 150,2dfdad83-e04f-4b8e-a1c7-bc8ed2a6fa58,4endshop_7671505719457581844_20260808-161802.jsonl,1786182464282,ask_measurement,neutral,0.85,False,BB/TB saja
comment_000081,buat kaos Spiderman bb 68 ukuran apa kak,2dfdad83-e04f-4b8e-a1c7-bc8ed2a6fa58,4endshop_7671505719457581844_20260808-161802.jsonl,1786182483416,ask_measurement,neutral,0.85,False,BB + tanya ukuran kaos
comment_000082,itu ukuran berapa kak yg Spiderman,2dfdad83-e04f-4b8e-a1c7-bc8ed2a6fa58,4endshop_7671505719457581844_20260808-161802.jsonl,1786182512948,ask_size_fit,neutral,0.85,False,ukuran berapa produk
comment_000083,kalau BB 70 TB 165 kk,2dfdad83-e04f-4b8e-a1c7-bc8ed2a6fa58,4endshop_7671505719457581844_20260808-161802.jsonl,1786182519507,ask_measurement,neutral,0.85,False,BB/TB saja
comment_000084,ukuran L ld berapa ka,2dfdad83-e04f-4b8e-a1c7-bc8ed2a6fa58,4endshop_7671505719457581844_20260808-161802.jsonl,1786182550186,ask_measurement,neutral,0.7,False,lingkar dada size L
comment_000085,kak eta 42 kak,2dfdad83-e04f-4b8e-a1c7-bc8ed2a6fa58,4endshop_7671505719457581844_20260808-161802.jsonl,1786182636714,ask_stock,neutral,0.85,False,etalase 42
comment_000086,kak liat Spiderman ukuran XL,2dfdad83-e04f-4b8e-a1c7-bc8ed2a6fa58,4endshop_7671505719457581844_20260808-161802.jsonl,1786182645751,ask_size_fit,neutral,0.6,False,minta lihat ukuran XL
comment_000087,"bajunya sudah sampe, langsug di pake",2dfdad83-e04f-4b8e-a1c7-bc8ed2a6fa58,4endshop_7671505719457581844_20260808-161802.jsonl,1786182655143,purchase_intent,positive,0.7,False,pesanan sudah diterima
comment_000089,tb 165+ BB 46+ size ap kak?,2dfdad83-e04f-4b8e-a1c7-bc8ed2a6fa58,4endshop_7671505719457581844_20260808-161802.jsonl,1786182657778,ask_measurement,neutral,0.85,False,TB/BB + tanya size
comment_000090,ka itu bahan baju kaosnya apa ka yang spider,2dfdad83-e04f-4b8e-a1c7-bc8ed2a6fa58,4endshop_7671505719457581844_20260808-161802.jsonl,1786182689842,ask_detail,neutral,0.85,False,tanya bahan baju
comment_000091,tebal ga ka,2dfdad83-e04f-4b8e-a1c7-bc8ed2a6fa58,4endshop_7671505719457581844_20260808-161802.jsonl,1786182728052,ask_detail,neutral,0.8,False,tanya ketebalan
comment_000092,Spiderman buat BB 38 TB 153 berapa kak,2dfdad83-e04f-4b8e-a1c7-bc8ed2a6fa58,4endshop_7671505719457581844_20260808-161802.jsonl,1786182733696,ask_measurement,neutral,0.7,False,BB/TB tanya ukuran
comment_000093,tebal ya kak bahannya,2dfdad83-e04f-4b8e-a1c7-bc8ed2a6fa58,4endshop_7671505719457581844_20260808-161802.jsonl,1786182770434,ask_detail,neutral,0.75,False,tanya ketebalan bahan
comment_000094,tb 158 kaos Spiderman ukuran apa kak,2dfdad83-e04f-4b8e-a1c7-bc8ed2a6fa58,4endshop_7671505719457581844_20260808-161802.jsonl,1786182790426,ask_measurement,neutral,0.85,False,TB + tanya ukuran
comment_000095,bb 52,2dfdad83-e04f-4b8e-a1c7-bc8ed2a6fa58,4endshop_7671505719457581844_20260808-161802.jsonl,1786182811140,ask_measurement,neutral,0.75,False,BB saja
comment_000096,bahan dan ketebalan,2dfdad83-e04f-4b8e-a1c7-bc8ed2a6fa58,4endshop_7671505719457581844_20260808-161802.jsonl,1786182840487,ask_detail,neutral,0.8,False,tanya bahan & ketebalan
comment_000097,163 berat 70 sweter apa cowoknya sm kaos,2dfdad83-e04f-4b8e-a1c7-bc8ed2a6fa58,4endshop_7671505719457581844_20260808-161802.jsonl,1786182849797,ask_measurement,neutral,0.7,False,tinggi/berat tanya produk
comment_000098,yg Kaka tadi pegang etalase no brpa,2dfdad83-e04f-4b8e-a1c7-bc8ed2a6fa58,4endshop_7671505719457581844_20260808-161802.jsonl,1786182862551,ask_stock,neutral,0.75,False,tanya etalase yg dipegang host
comment_000099,okee kaosny,2dfdad83-e04f-4b8e-a1c7-bc8ed2a6fa58,4endshop_7671505719457581844_20260808-161802.jsonl,1786182891548,other,neutral,0.7,False,akuisisi singkat
comment_000100,@Sri Nurhayati,2dfdad83-e04f-4b8e-a1c7-bc8ed2a6fa58,4endshop_7671505719457581844_20260808-161802.jsonl,1786182936780,noise,neutral,0.8,False,mention saja
comment_000101,Spil yg spederman,2dfdad83-e04f-4b8e-a1c7-bc8ed2a6fa58,4endshop_7671505719457581844_20260808-161802.jsonl,1786182985239,ask_detail,neutral,0.85,False,minta spill produk
comment_000102,oke,2dfdad83-e04f-4b8e-a1c7-bc8ed2a6fa58,4endshop_7671505719457581844_20260808-161802.jsonl,1786182994679,other,neutral,0.7,False,akuisisi singkat
comment_000103,bahan apa itu,2dfdad83-e04f-4b8e-a1c7-bc8ed2a6fa58,4endshop_7671505719457581844_20260808-161802.jsonl,1786183002864,ask_detail,neutral,0.9,False,tanya bahan
comment_000104,tebal gak kk,2dfdad83-e04f-4b8e-a1c7-bc8ed2a6fa58,4endshop_7671505719457581844_20260808-161802.jsonl,1786183035388,ask_detail,neutral,0.8,False,tanya ketebalan
comment_000105,tb 154 BB 44 ukuran apa,2dfdad83-e04f-4b8e-a1c7-bc8ed2a6fa58,4endshop_7671505719457581844_20260808-161802.jsonl,1786183055372,ask_measurement,neutral,0.9,False,BB/TB tanya ukuran
comment_000106,TB 163 BB 45 cocok yg mna,2dfdad83-e04f-4b8e-a1c7-bc8ed2a6fa58,4endshop_7671505719457581844_20260808-161802.jsonl,1786183068081,ask_measurement,neutral,0.6,False,BB/TB cocok yg mana
comment_000107,baju yg tebel yg mana ka,2dfdad83-e04f-4b8e-a1c7-bc8ed2a6fa58,4endshop_7671505719457581844_20260808-161802.jsonl,1786183105599,ask_detail,neutral,0.75,False,cari produk tebal
comment_000108,yg kk pake uk brp,2dfdad83-e04f-4b8e-a1c7-bc8ed2a6fa58,4endshop_7671505719457581844_20260808-161802.jsonl,1786183144275,ask_size_fit,neutral,0.85,False,ukuran yg dipakai host
comment_000109,yg di pke KK ukuran apa itu kk,2dfdad83-e04f-4b8e-a1c7-bc8ed2a6fa58,4endshop_7671505719457581844_20260808-161802.jsonl,1786183149379,ask_size_fit,neutral,0.85,False,ukuran yg dipakai host
comment_000110,lengan panjang ET berapa,2dfdad83-e04f-4b8e-a1c7-bc8ed2a6fa58,4endshop_7671505719457581844_20260808-161802.jsonl,1786183150763,ask_stock,neutral,0.6,False,letak produk lengan panjang
comment_000111,udah ambil itu 1 sweter sm kaosny,2dfdad83-e04f-4b8e-a1c7-bc8ed2a6fa58,4endshop_7671505719457581844_20260808-161802.jsonl,1786183153978,purchase_intent,neutral,0.8,False,sudah beli sweeter+kaos
comment_000112,eta 2 itu sweater ga kakk,2dfdad83-e04f-4b8e-a1c7-bc8ed2a6fa58,4endshop_7671505719457581844_20260808-161802.jsonl,1786183165611,ask_stock,neutral,0.7,False,konfirmasi produk etalase 2
comment_000113,pengiriman brp hari ka?,2dfdad83-e04f-4b8e-a1c7-bc8ed2a6fa58,4endshop_7671505719457581844_20260808-161802.jsonl,1786183286690,ask_price,neutral,0.7,False,tanya lama pengiriman
comment_000114,dr tanggal 4,2dfdad83-e04f-4b8e-a1c7-bc8ed2a6fa58,4endshop_7671505719457581844_20260808-161802.jsonl,1786183287294,purchase_intent,negative,0.5,True,"konteks pesanan, ambigu"
comment_000115,dr tanggal 4 b3lum terima terima udah di bayar,2dfdad83-e04f-4b8e-a1c7-bc8ed2a6fa58,4endshop_7671505719457581844_20260808-161802.jsonl,1786183321181,purchase_intent,negative,0.85,False,keluhan pesanan belum datang
comment_000117,eta 10 3xl ka,2dfdad83-e04f-4b8e-a1c7-bc8ed2a6fa58,4endshop_7671505719457581844_20260808-161802.jsonl,1786183380845,ask_stock,neutral,0.6,False,etalase 10 ukuran 3XL
comment_000118,eta 1 spil uk s,2dfdad83-e04f-4b8e-a1c7-bc8ed2a6fa58,4endshop_7671505719457581844_20260808-161802.jsonl,1786183397934,ask_detail,neutral,0.7,False,minta spill ukuran S
comment_000119,spil etlse 21 kak,2dfdad83-e04f-4b8e-a1c7-bc8ed2a6fa58,4endshop_7671505719457581844_20260808-161802.jsonl,1786183406943,ask_detail,neutral,0.85,False,minta spill etalase 21
comment_000120,pengirimanya kaya sifut,2dfdad83-e04f-4b8e-a1c7-bc8ed2a6fa58,4endshop_7671505719457581844_20260808-161802.jsonl,1786183524352,purchase_intent,negative,0.5,True,"keluhan pengiriman, istilah tak jelas"
comment_000121,dari tanggal 4,2dfdad83-e04f-4b8e-a1c7-bc8ed2a6fa58,4endshop_7671505719457581844_20260808-161802.jsonl,1786183551556,purchase_intent,negative,0.6,True,"konteks pesanan, ambigu"
comment_000122,belum dateng dateng ka sampe sekarang,2dfdad83-e04f-4b8e-a1c7-bc8ed2a6fa58,4endshop_7671505719457581844_20260808-161802.jsonl,1786183574103,purchase_intent,negative,0.85,False,keluhan pengiriman
comment_000123,itu bahan tebal?,2dfdad83-e04f-4b8e-a1c7-bc8ed2a6fa58,4endshop_7671505719457581844_20260808-161802.jsonl,1786183576304,ask_detail,neutral,0.85,False,tanya ketebalan bahan
comment_000124,tarnya berbuku gak kain nya?,2dfdad83-e04f-4b8e-a1c7-bc8ed2a6fa58,4endshop_7671505719457581844_20260808-161802.jsonl,1786183612595,ask_detail,neutral,0.75,False,tanya tekstur kain
comment_000125,ke bogor ka,2dfdad83-e04f-4b8e-a1c7-bc8ed2a6fa58,4endshop_7671505719457581844_20260808-161802.jsonl,1786183618154,ask_price,neutral,0.5,True,"tanya kirim ke Bogor, ambigu"
comment_000126,estimasi datang tgl 6,2dfdad83-e04f-4b8e-a1c7-bc8ed2a6fa58,4endshop_7671505719457581844_20260808-161802.jsonl,1786183628682,purchase_intent,neutral,0.7,False,info estimasi pesanan
comment_000127,nantinya berbulu ga kainnya?,2dfdad83-e04f-4b8e-a1c7-bc8ed2a6fa58,4endshop_7671505719457581844_20260808-161802.jsonl,1786183646673,ask_detail,neutral,0.8,False,tanya tekstur kain
comment_000128,"salah tcl katanya ka ,muter muter",2dfdad83-e04f-4b8e-a1c7-bc8ed2a6fa58,4endshop_7671505719457581844_20260808-161802.jsonl,1786183669382,purchase_intent,negative,0.75,False,keluhan resi pengiriman
comment_000129,Spil etalase 4,2dfdad83-e04f-4b8e-a1c7-bc8ed2a6fa58,4endshop_7671505719457581844_20260808-161802.jsonl,1786183785482,ask_detail,neutral,0.85,False,minta spill etalase 4
comment_000130,bb 74 ukuran brp,2dfdad83-e04f-4b8e-a1c7-bc8ed2a6fa58,4endshop_7671505719457581844_20260808-161802.jsonl,1786183798050,ask_measurement,neutral,0.8,False,BB + ukuran brp
comment_000131,bb 41 tb 160,2dfdad83-e04f-4b8e-a1c7-bc8ed2a6fa58,4endshop_7671505719457581844_20260808-161802.jsonl,1786183826501,ask_measurement,neutral,0.85,False,BB/TB saja
comment_000132,bb 80 size apa,2dfdad83-e04f-4b8e-a1c7-bc8ed2a6fa58,4endshop_7671505719457581844_20260808-161802.jsonl,1786183873920,ask_measurement,neutral,0.85,False,BB + size apa
comment_000133,BB 95,2dfdad83-e04f-4b8e-a1c7-bc8ed2a6fa58,4endshop_7671505719457581844_20260808-161802.jsonl,1786183881972,ask_measurement,neutral,0.75,False,BB saja
comment_000134,BB 45,2dfdad83-e04f-4b8e-a1c7-bc8ed2a6fa58,4endshop_7671505719457581844_20260808-161802.jsonl,1786183904101,ask_measurement,neutral,0.75,False,BB saja
comment_000135,rekomendasi gambar untuk perempuan kak,2dfdad83-e04f-4b8e-a1c7-bc8ed2a6fa58,4endshop_7671505719457581844_20260808-161802.jsonl,1786183935491,ask_detail,neutral,0.6,False,minta rekomendasi desain
comment_000136,Spil etalase 2,2dfdad83-e04f-4b8e-a1c7-bc8ed2a6fa58,4endshop_7671505719457581844_20260808-161802.jsonl,1786183937271,ask_detail,neutral,0.85,False,minta spill etalase 2
comment_000137,Etalase 66 kak,2dfdad83-e04f-4b8e-a1c7-bc8ed2a6fa58,4endshop_7671505719457581844_20260808-161802.jsonl,1786183957860,ask_stock,neutral,0.85,False,etalase 66
comment_000138,bahan apa,2dfdad83-e04f-4b8e-a1c7-bc8ed2a6fa58,4endshop_7671505719457581844_20260808-161802.jsonl,1786183962704,ask_detail,neutral,0.9,False,tanya bahan
comment_000139,merk apa kak,2dfdad83-e04f-4b8e-a1c7-bc8ed2a6fa58,4endshop_7671505719457581844_20260808-161802.jsonl,1786183974413,ask_detail,neutral,0.8,False,tanya merk
comment_000140,etalase 1 ukuran XXL,2dfdad83-e04f-4b8e-a1c7-bc8ed2a6fa58,4endshop_7671505719457581844_20260808-161802.jsonl,1786183998237,ask_stock,neutral,0.65,False,etalase 1 ukuran XXL
comment_000141,tb 170 ambil ap,2dfdad83-e04f-4b8e-a1c7-bc8ed2a6fa58,4endshop_7671505719457581844_20260808-161802.jsonl,1786184001394,ask_measurement,neutral,0.8,False,TB + ambil apa
comment_000142,"ET 4 , BB 45 ambil ukuran apa kk",2dfdad83-e04f-4b8e-a1c7-bc8ed2a6fa58,4endshop_7671505719457581844_20260808-161802.jsonl,1786184034466,ask_measurement,neutral,0.85,False,ET + BB tanya ukuran
comment_000143,host nya pake size apa itu,2dfdad83-e04f-4b8e-a1c7-bc8ed2a6fa58,4endshop_7671505719457581844_20260808-161802.jsonl,1786184036156,ask_size_fit,neutral,0.8,False,size yg dipakai host
comment_000144,yang kepala spider mau lihat gede xxxl nya kak,2dfdad83-e04f-4b8e-a1c7-bc8ed2a6fa58,4endshop_7671505719457581844_20260808-161802.jsonl,1786184053440,ask_size_fit,neutral,0.7,False,lihat ukuran XXXL
comment_000145,bb45 TB 170 ambil apa,2dfdad83-e04f-4b8e-a1c7-bc8ed2a6fa58,4endshop_7671505719457581844_20260808-161802.jsonl,1786184080403,ask_measurement,neutral,0.9,False,BB/TB + ambil apa
comment_000146,Bb 70 tb 170,2dfdad83-e04f-4b8e-a1c7-bc8ed2a6fa58,4endshop_7671505719457581844_20260808-161802.jsonl,1786184081510,ask_measurement,neutral,0.85,False,BB/TB saja
comment_000147,co sekarang dikirim kapan?,2dfdad83-e04f-4b8e-a1c7-bc8ed2a6fa58,4endshop_7671505719457581844_20260808-161802.jsonl,1786184082874,purchase_intent,neutral,0.7,False,tanya pengiriman pesanan
comment_000149,BB 45 TB 170 ambil apa,2dfdad83-e04f-4b8e-a1c7-bc8ed2a6fa58,4endshop_7671505719457581844_20260808-161802.jsonl,1786184123600,ask_measurement,neutral,0.9,False,BB/TB + ambil apa
comment_000150,Kak boleh liat etalase 24,2dfdad83-e04f-4b8e-a1c7-bc8ed2a6fa58,4endshop_7671505719457581844_20260808-161802.jsonl,1786184133275,ask_stock,neutral,0.85,False,minta lihat etalase 24
comment_000151,BB 60 TB 175,2dfdad83-e04f-4b8e-a1c7-bc8ed2a6fa58,4endshop_7671505719457581844_20260808-161802.jsonl,1786184258732,ask_measurement,neutral,0.85,False,BB/TB saja
comment_000152,etalase 1,2dfdad83-e04f-4b8e-a1c7-bc8ed2a6fa58,4endshop_7671505719457581844_20260808-161802.jsonl,1786184284701,ask_stock,neutral,0.8,False,etalase 1
comment_000153,bb 45 tb 170 uk apa kak,2dfdad83-e04f-4b8e-a1c7-bc8ed2a6fa58,4endshop_7671505719457581844_20260808-161802.jsonl,1786184294784,ask_measurement,neutral,0.85,False,BB/TB tanya ukuran
comment_000155,BB 66 TB 153,2dfdad83-e04f-4b8e-a1c7-bc8ed2a6fa58,4endshop_7671505719457581844_20260808-161802.jsonl,1786184356363,ask_measurement,neutral,0.85,False,BB/TB saja
comment_000157,ET 23 kak,2dfdad83-e04f-4b8e-a1c7-bc8ed2a6fa58,4endshop_7671505719457581844_20260808-161802.jsonl,1786184370937,ask_stock,neutral,0.85,False,etalase 23
comment_000158,sablon nya apa kak,2dfdad83-e04f-4b8e-a1c7-bc8ed2a6fa58,4endshop_7671505719457581844_20260808-161802.jsonl,1786184371946,ask_detail,neutral,0.85,False,tanya sablon
comment_000159,tb 158 bb 40 uk?,2dfdad83-e04f-4b8e-a1c7-bc8ed2a6fa58,4endshop_7671505719457581844_20260808-161802.jsonl,1786184378810,ask_measurement,neutral,0.85,False,BB/TB tanya ukuran
comment_000160,ET 23 kk,2dfdad83-e04f-4b8e-a1c7-bc8ed2a6fa58,4endshop_7671505719457581844_20260808-161802.jsonl,1786184386659,ask_stock,neutral,0.85,False,etalase 23
comment_000162,sablonnya apa kak,2dfdad83-e04f-4b8e-a1c7-bc8ed2a6fa58,4endshop_7671505719457581844_20260808-161802.jsonl,1786184400517,ask_detail,neutral,0.85,False,tanya sablon
comment_000164,"@hi, kamu",2dfdad83-e04f-4b8e-a1c7-bc8ed2a6fa58,4endshop_7671505719457581844_20260808-161802.jsonl,1786184417650,other,neutral,0.6,False,sapaan
comment_000168,Bb 73 tb 167 size ap kk,2dfdad83-e04f-4b8e-a1c7-bc8ed2a6fa58,4endshop_7671505719457581844_20260808-161802.jsonl,1786184451544,ask_measurement,neutral,0.9,False,BB/TB + tanya size
comment_000170,Bahan apa kk,2dfdad83-e04f-4b8e-a1c7-bc8ed2a6fa58,4endshop_7671505719457581844_20260808-161802.jsonl,1786184472607,ask_detail,neutral,0.9,False,tanya bahan
comment_000171,BB 73 tinggi 158 UK apa kak,2dfdad83-e04f-4b8e-a1c7-bc8ed2a6fa58,4endshop_7671505719457581844_20260808-161802.jsonl,1786184504287,ask_measurement,neutral,0.85,False,BB/tinggi + tanya ukuran
comment_000172,BB 72 TB 155,2dfdad83-e04f-4b8e-a1c7-bc8ed2a6fa58,4endshop_7671505719457581844_20260808-161802.jsonl,1786184523584,ask_measurement,neutral,0.85,False,BB/TB saja
comment_000173,tb 155 bb 35 ambil apa kak,2dfdad83-e04f-4b8e-a1c7-bc8ed2a6fa58,4endshop_7671505719457581844_20260808-161802.jsonl,1786184541200,ask_measurement,neutral,0.85,False,TB/BB + ambil apa
comment_000174,tb 180 bb 70,2dfdad83-e04f-4b8e-a1c7-bc8ed2a6fa58,4endshop_7671505719457581844_20260808-161802.jsonl,1786184552772,ask_measurement,neutral,0.9,False,BB/TB saja
comment_000175,kk beneran gratis parfum,2dfdad83-e04f-4b8e-a1c7-bc8ed2a6fa58,4endshop_7671505719457581844_20260808-161802.jsonl,1786184566093,ask_detail,neutral,0.6,False,konfirmasi promo gratis parfum
comment_000177,spil et 1 yg ukuran M kak,2dfdad83-e04f-4b8e-a1c7-bc8ed2a6fa58,4endshop_7671505719457581844_20260808-161802.jsonl,1786184607710,ask_detail,neutral,0.85,False,spil etalase 1 ukuran M
comment_000178,udh co kak,2dfdad83-e04f-4b8e-a1c7-bc8ed2a6fa58,4endshop_7671505719457581844_20260808-161802.jsonl,1786184642405,purchase_intent,neutral,0.85,False,sudah checkout
comment_000179,liat ukuran s nya kak,2dfdad83-e04f-4b8e-a1c7-bc8ed2a6fa58,4endshop_7671505719457581844_20260808-161802.jsonl,1786184692509,ask_detail,neutral,0.7,False,minta lihat ukuran S
comment_000180,untuk bb 57 size apa ka?,2dfdad83-e04f-4b8e-a1c7-bc8ed2a6fa58,4endshop_7671505719457581844_20260808-161802.jsonl,1786184705567,ask_measurement,neutral,0.85,False,BB + tanya size
comment_000181,itu cuttingan nya oversize yaa ka?,2dfdad83-e04f-4b8e-a1c7-bc8ed2a6fa58,4endshop_7671505719457581844_20260808-161802.jsonl,1786184758135,ask_size_fit,neutral,0.75,False,tanya potongan oversize
comment_000182,LD yg size XL brp ka?,2dfdad83-e04f-4b8e-a1c7-bc8ed2a6fa58,4endshop_7671505719457581844_20260808-161802.jsonl,1786184787452,ask_measurement,neutral,0.9,False,tanya LD size XL
comment_000183,BB 61 TB 160,2dfdad83-e04f-4b8e-a1c7-bc8ed2a6fa58,4endshop_7671505719457581844_20260808-161802.jsonl,1786184835596,ask_measurement,neutral,0.9,False,BB/TB saja
comment_000184,ka bb 60 tb 160 ambil apa biar pas?,2dfdad83-e04f-4b8e-a1c7-bc8ed2a6fa58,4endshop_7671505719457581844_20260808-161802.jsonl,1786184878755,ask_measurement,neutral,0.8,False,BB/TB + tanya ukuran
comment_000185,yang ga over size,2dfdad83-e04f-4b8e-a1c7-bc8ed2a6fa58,4endshop_7671505719457581844_20260808-161802.jsonl,1786184896279,ask_size_fit,neutral,0.65,False,minta yang bukan oversize
comment_000186,catton combed 16s ny etalase brp,81d1cdd2-dd39-4c12-976e-df809e50ca4f,4endshop_7673732512627985173_20260814-190752.jsonl,1786709046919,ask_stock,neutral,0.8,False,tanya etalase bahan tertentu
comment_000187,BB 93 kilo pakai ukuran apa kak,81d1cdd2-dd39-4c12-976e-df809e50ca4f,4endshop_7673732512627985173_20260814-190752.jsonl,1786709195007,ask_measurement,neutral,0.85,False,BB + tanya ukuran
comment_000188,uda co uda byar kok belum datang” ya?,81d1cdd2-dd39-4c12-976e-df809e50ca4f,4endshop_7673732512627985173_20260814-190752.jsonl,1786709222755,purchase_intent,negative,0.7,False,keluhan pesanan sudah bayar belum datang
comment_000189,estimasi 12-14 agustus,81d1cdd2-dd39-4c12-976e-df809e50ca4f,4endshop_7673732512627985173_20260814-190752.jsonl,1786709233278,other,neutral,0.7,False,info estimasi pengiriman
comment_000190,kak baju nya semua wrna item?,81d1cdd2-dd39-4c12-976e-df809e50ca4f,4endshop_7673732512627985173_20260814-190752.jsonl,1786709251622,ask_detail,neutral,0.85,False,tanya warna baju
comment_000191,makan mhh udh biasa mas 🗿,81d1cdd2-dd39-4c12-976e-df809e50ca4f,4endshop_7673732512627985173_20260814-190752.jsonl,1786709254324,other,neutral,0.6,False,obrolan bebas
comment_000198,etalase berapa itu ka,81d1cdd2-dd39-4c12-976e-df809e50ca4f,4endshop_7673732512627985173_20260814-190752.jsonl,1786709330320,ask_stock,neutral,0.8,False,tanya etalase berapa
comment_000199,Eta 22 kak,81d1cdd2-dd39-4c12-976e-df809e50ca4f,4endshop_7673732512627985173_20260814-190752.jsonl,1786709406135,ask_stock,neutral,0.85,False,sebut etalase 22
comment_000200,eta 19 kak,81d1cdd2-dd39-4c12-976e-df809e50ca4f,4endshop_7673732512627985173_20260814-190752.jsonl,1786709432407,ask_stock,neutral,0.85,False,sebut etalase 19
comment_000201,Liat uk s nya kak,81d1cdd2-dd39-4c12-976e-df809e50ca4f,4endshop_7673732512627985173_20260814-190752.jsonl,1786709436153,ask_detail,neutral,0.7,False,minta lihat ukuran S
comment_000202,"sory kak,pesenan saya katanya sudh di batalkan ya,tapi dana nya blm di kembalikan dari 2 hari lalu?",81d1cdd2-dd39-4c12-976e-df809e50ca4f,4endshop_7673732512627985173_20260814-190752.jsonl,1786709495387,other,negative,0.75,False,keluhan dana refund belum kembali
comment_000203,eta 45 kak,81d1cdd2-dd39-4c12-976e-df809e50ca4f,4endshop_7673732512627985173_20260814-190752.jsonl,1786709502237,ask_stock,neutral,0.85,False,sebut etalase 45
comment_000205,L bb 62 masuk gk kak,81d1cdd2-dd39-4c12-976e-df809e50ca4f,4endshop_7673732512627985173_20260814-190752.jsonl,1786709516459,ask_measurement,neutral,0.7,False,fit ukuran L untuk BB 62
comment_000206,Gk bisa cod ya kak,81d1cdd2-dd39-4c12-976e-df809e50ca4f,4endshop_7673732512627985173_20260814-190752.jsonl,1786709524968,ask_price,neutral,0.65,False,tanya metode pembayaran COD
comment_000207,bales dong dm an nya😊,81d1cdd2-dd39-4c12-976e-df809e50ca4f,4endshop_7673732512627985173_20260814-190752.jsonl,1786709533811,other,neutral,0.7,False,minta admin balas DM
comment_000208,etalase 3 dong kak,81d1cdd2-dd39-4c12-976e-df809e50ca4f,4endshop_7673732512627985173_20260814-190752.jsonl,1786709542840,ask_stock,neutral,0.85,False,sebut etalase 3
comment_000209,"respon nya aja gajelas dri admin,pdhl paket sedang di kirim loh?",81d1cdd2-dd39-4c12-976e-df809e50ca4f,4endshop_7673732512627985173_20260814-190752.jsonl,1786709574716,other,negative,0.7,False,keluhan respon admin
comment_000210,etalase 5 kak,81d1cdd2-dd39-4c12-976e-df809e50ca4f,4endshop_7673732512627985173_20260814-190752.jsonl,1786709604624,ask_stock,neutral,0.85,False,sebut etalase 5
comment_000213,coba liat dm an saya astaga dri hp yg lain,81d1cdd2-dd39-4c12-976e-df809e50ca4f,4endshop_7673732512627985173_20260814-190752.jsonl,1786709621944,other,neutral,0.7,False,konteks pribadi DM
comment_000215,tebel ga kak bahan nya,81d1cdd2-dd39-4c12-976e-df809e50ca4f,4endshop_7673732512627985173_20260814-190752.jsonl,1786709649507,ask_detail,neutral,0.85,False,tanya ketebalan bahan
comment_000216,kak cb suru admin nya bls cht sy,81d1cdd2-dd39-4c12-976e-df809e50ca4f,4endshop_7673732512627985173_20260814-190752.jsonl,1786709673046,other,neutral,0.7,False,minta admin balas chat
comment_000217,kirim nomer resi nya kirm dmn?,81d1cdd2-dd39-4c12-976e-df809e50ca4f,4endshop_7673732512627985173_20260814-190752.jsonl,1786709697904,other,neutral,0.7,False,tanya pengiriman nomor resi
comment_000218,etalase 28 ka,81d1cdd2-dd39-4c12-976e-df809e50ca4f,4endshop_7673732512627985173_20260814-190752.jsonl,1786709708186,ask_stock,neutral,0.85,False,sebut etalase 28
comment_000219,bb55 tb172 size apa ka,81d1cdd2-dd39-4c12-976e-df809e50ca4f,4endshop_7673732512627985173_20260814-190752.jsonl,1786709746198,ask_measurement,neutral,0.9,False,BB/TB + tanya size
comment_000220,yg gambar di belakang yang mana,81d1cdd2-dd39-4c12-976e-df809e50ca4f,4endshop_7673732512627985173_20260814-190752.jsonl,1786709757725,ask_detail,neutral,0.7,False,tanya desain/gambar belakang
comment_000221,etalase 2 BB 37 TB 140 ambil apa ka,81d1cdd2-dd39-4c12-976e-df809e50ca4f,4endshop_7673732512627985173_20260814-190752.jsonl,1786709795135,ask_measurement,neutral,0.85,False,BB/TB + tanya ukuran
comment_000222,"J Y 1 3 1 7 6 2 2 5 0 8,tuh resi ny",81d1cdd2-dd39-4c12-976e-df809e50ca4f,4endshop_7673732512627985173_20260814-190752.jsonl,1786709810406,other,neutral,0.7,False,bagi nomor resi
comment_000223,etalase spider kiri atas,81d1cdd2-dd39-4c12-976e-df809e50ca4f,4endshop_7673732512627985173_20260814-190752.jsonl,1786709833898,ask_stock,neutral,0.7,False,tunjuk etalase produk spider
comment_000224,(JY1317622508) tuh kak nmr nya,81d1cdd2-dd39-4c12-976e-df809e50ca4f,4endshop_7673732512627985173_20260814-190752.jsonl,1786709833572,other,neutral,0.7,False,bagi nomor resi
comment_000225,iyees,81d1cdd2-dd39-4c12-976e-df809e50ca4f,4endshop_7673732512627985173_20260814-190752.jsonl,1786709859557,other,neutral,0.6,True,jawaban singkat ambigu
comment_000227,TB 175/62 size?,81d1cdd2-dd39-4c12-976e-df809e50ca4f,4endshop_7673732512627985173_20260814-190752.jsonl,1786709869086,ask_measurement,neutral,0.9,False,TB/BB + tanya size
comment_000228,yg gambar Spiderman merah kak,81d1cdd2-dd39-4c12-976e-df809e50ca4f,4endshop_7673732512627985173_20260814-190752.jsonl,1786709870480,ask_stock,neutral,0.65,False,cari produk bergambar spiderman
comment_000229,Spil kaos Linkin Park,81d1cdd2-dd39-4c12-976e-df809e50ca4f,4endshop_7673732512627985173_20260814-190752.jsonl,1786709871962,ask_detail,neutral,0.85,False,spil produk Linkin Park
comment_000230,Spil etalase 2 uk m,81d1cdd2-dd39-4c12-976e-df809e50ca4f,4endshop_7673732512627985173_20260814-190752.jsonl,1786709891868,ask_detail,neutral,0.85,False,spil etalase 2 ukuran M
comment_000231,payment ga bisa Qris ka,81d1cdd2-dd39-4c12-976e-df809e50ca4f,4endshop_7673732512627985173_20260814-190752.jsonl,1786709893372,ask_price,neutral,0.65,False,tanya metode bayar QRIS
comment_000233,pengiriman dri mana ka,81d1cdd2-dd39-4c12-976e-df809e50ca4f,4endshop_7673732512627985173_20260814-190752.jsonl,1786709913006,ask_price,neutral,0.6,True,tanya asal pengiriman (borderline other)
comment_000235,bb 60 tb 165 size brp kk,81d1cdd2-dd39-4c12-976e-df809e50ca4f,4endshop_7673732512627985173_20260814-190752.jsonl,1786709931974,ask_measurement,neutral,0.9,False,BB/TB + tanya size
comment_000236,iya itu ka ambil s aja ka,81d1cdd2-dd39-4c12-976e-df809e50ca4f,4endshop_7673732512627985173_20260814-190752.jsonl,1786709936318,purchase_intent,neutral,0.8,False,akan ambil ukuran S
comment_000238,klo di cuci hilang gak sablon nya kak?,81d1cdd2-dd39-4c12-976e-df809e50ca4f,4endshop_7673732512627985173_20260814-190752.jsonl,1786709961919,ask_detail,neutral,0.8,False,tanya ketahanan sablon saat dicuci
comment_000239,udah co UK L sama XL,81d1cdd2-dd39-4c12-976e-df809e50ca4f,4endshop_7673732512627985173_20260814-190752.jsonl,1786709980781,purchase_intent,neutral,0.85,False,sudah checkout L dan XL
comment_000240,BB 48 TB 152 ambil size apa kk,81d1cdd2-dd39-4c12-976e-df809e50ca4f,4endshop_7673732512627985173_20260814-190752.jsonl,1786709982520,ask_measurement,neutral,0.9,False,BB/TB + tanya size
comment_000241,BB 48 TB 152 ambil size berapa,81d1cdd2-dd39-4c12-976e-df809e50ca4f,4endshop_7673732512627985173_20260814-190752.jsonl,1786710013641,ask_measurement,neutral,0.9,False,BB/TB + tanya size
comment_000242,kak aku dah co 3 kaos,81d1cdd2-dd39-4c12-976e-df809e50ca4f,4endshop_7673732512627985173_20260814-190752.jsonl,1786710103526,purchase_intent,neutral,0.85,False,sudah checkout 3 kaos
comment_000243,BB 37 TB 140 ambil S apa m,81d1cdd2-dd39-4c12-976e-df809e50ca4f,4endshop_7673732512627985173_20260814-190752.jsonl,1786710111968,ask_measurement,neutral,0.85,False,BB/TB + tanya pilihan ukuran
comment_000244,kain nya tebel ga kakk?,81d1cdd2-dd39-4c12-976e-df809e50ca4f,4endshop_7673732512627985173_20260814-190752.jsonl,1786710140218,ask_detail,neutral,0.85,False,tanya ketebalan kain
comment_000245,BB 65 TB 185 ambil UK apa kak?,81d1cdd2-dd39-4c12-976e-df809e50ca4f,4endshop_7673732512627985173_20260814-190752.jsonl,1786710166844,ask_measurement,neutral,0.9,False,BB/TB + tanya ukuran
comment_000246,KA etalase 2 TB 148 BB  40,81d1cdd2-dd39-4c12-976e-df809e50ca4f,4endshop_7673732512627985173_20260814-190752.jsonl,1786710182005,ask_measurement,neutral,0.85,False,BB/TB + sebut etalase
comment_000247,kak kalau beli 3 kaos dapat free parfum 3 juga kah,81d1cdd2-dd39-4c12-976e-df809e50ca4f,4endshop_7673732512627985173_20260814-190752.jsonl,1786710193117,ask_detail,neutral,0.7,False,tanya promo gratis parfum
comment_000248,etalase 11 kak yang dateng gambar nya kayak yang di keranjang kak?,81d1cdd2-dd39-4c12-976e-df809e50ca4f,4endshop_7673732512627985173_20260814-190752.jsonl,1786710199977,ask_detail,neutral,0.65,False,verifikasi gambar produk yang dikirim
comment_000249,kak bb 80 tb 175 uk apa kak,81d1cdd2-dd39-4c12-976e-df809e50ca4f,4endshop_7673732512627985173_20260814-190752.jsonl,1786710365163,ask_measurement,neutral,0.9,False,BB/TB + tanya ukuran
comment_000250,BB 65 TB 175,81d1cdd2-dd39-4c12-976e-df809e50ca4f,4endshop_7673732512627985173_20260814-190752.jsonl,1786710370834,ask_measurement,neutral,0.9,False,BB/TB saja
comment_000251,buat BB 95 pake ukuran apa kak,81d1cdd2-dd39-4c12-976e-df809e50ca4f,4endshop_7673732512627985173_20260814-190752.jsonl,1786710392465,ask_measurement,neutral,0.85,False,BB + tanya ukuran
comment_000252,bb56 tb 171,81d1cdd2-dd39-4c12-976e-df809e50ca4f,4endshop_7673732512627985173_20260814-190752.jsonl,1786710413695,ask_measurement,neutral,0.9,False,BB/TB saja
comment_000253,kak Spil etalase 27 sama 3,81d1cdd2-dd39-4c12-976e-df809e50ca4f,4endshop_7673732512627985173_20260814-190752.jsonl,1786710421021,ask_detail,neutral,0.85,False,spil etalase 27 dan 3
comment_000254,kain ap kk. kain katun kain yg gmbang bau,81d1cdd2-dd39-4c12-976e-df809e50ca4f,4endshop_7673732512627985173_20260814-190752.jsonl,1786710424500,ask_detail,neutral,0.7,False,tanya jenis kain
comment_000255,eta 11 ka,81d1cdd2-dd39-4c12-976e-df809e50ca4f,4endshop_7673732512627985173_20260814-190752.jsonl,1786710464343,ask_stock,neutral,0.85,False,sebut etalase 11
comment_000256,ka paket ku udah dtang bagus bgt,81d1cdd2-dd39-4c12-976e-df809e50ca4f,4endshop_7673732512627985173_20260814-190752.jsonl,1786710582723,other,positive,0.75,False,review paket datang bagus
comment_000257,eta 18 kak,81d1cdd2-dd39-4c12-976e-df809e50ca4f,4endshop_7673732512627985173_20260814-190752.jsonl,1786710670715,ask_stock,neutral,0.85,False,sebut etalase 18
comment_000258,kainnya ngk berbulu kak kalau di cuci,81d1cdd2-dd39-4c12-976e-df809e50ca4f,4endshop_7673732512627985173_20260814-190752.jsonl,1786710738331,ask_detail,neutral,0.8,False,tanya kain berbulu saat dicuci
comment_000259,eta 18 buat BB 95 cukup gak,81d1cdd2-dd39-4c12-976e-df809e50ca4f,4endshop_7673732512627985173_20260814-190752.jsonl,1786710749880,ask_measurement,neutral,0.65,False,fit etalase 18 untuk BB 95
comment_000260,Spil BB 100 kak,81d1cdd2-dd39-4c12-976e-df809e50ca4f,4endshop_7673732512627985173_20260814-190752.jsonl,1786710764105,ask_detail,neutral,0.75,False,spil untuk BB 100
comment_000261,buat BB 95 bisa gak eta 18,81d1cdd2-dd39-4c12-976e-df809e50ca4f,4endshop_7673732512627985173_20260814-190752.jsonl,1786710794279,ask_measurement,neutral,0.65,False,fit etalase 18 untuk BB 95
comment_000262,et 51 kak spil,81d1cdd2-dd39-4c12-976e-df809e50ca4f,4endshop_7673732512627985173_20260814-190752.jsonl,1786710904853,ask_detail,neutral,0.85,False,spil etalase 51
comment_000263,kak kalo XL Ld nya brp,81d1cdd2-dd39-4c12-976e-df809e50ca4f,4endshop_7673732512627985173_20260814-190752.jsonl,1786710961514,ask_measurement,neutral,0.9,False,tanya LD size XL
comment_000264,untuk umur 11 tahun pakek UK apa kak,81d1cdd2-dd39-4c12-976e-df809e50ca4f,4endshop_7673732512627985173_20260814-190752.jsonl,1786710977863,ask_size_fit,neutral,0.7,False,tanya ukuran untuk umur
comment_000265,aku udah co yah sweaternya,81d1cdd2-dd39-4c12-976e-df809e50ca4f,4endshop_7673732512627985173_20260814-190752.jsonl,1786711002230,purchase_intent,neutral,0.85,False,sudah checkout sweater
comment_000266,30 kg kak,81d1cdd2-dd39-4c12-976e-df809e50ca4f,4endshop_7673732512627985173_20260814-190752.jsonl,1786711021762,ask_measurement,neutral,0.5,True,BB ambigu tanpa konteks
comment_000267,eta 17,81d1cdd2-dd39-4c12-976e-df809e50ca4f,4endshop_7673732512627985173_20260814-190752.jsonl,1786711079510,ask_stock,neutral,0.85,False,sebut etalase 17
comment_000268,yg di pake kakaknya,81d1cdd2-dd39-4c12-976e-df809e50ca4f,4endshop_7673732512627985173_20260814-190752.jsonl,1786711116892,ask_stock,neutral,0.65,False,tanya produk yang dipakai host
comment_000269,Sdh co kak et 51,81d1cdd2-dd39-4c12-976e-df809e50ca4f,4endshop_7673732512627985173_20260814-190752.jsonl,1786711130734,purchase_intent,neutral,0.85,False,sudah checkout etalase 51
comment_000270,eta,81d1cdd2-dd39-4c12-976e-df809e50ca4f,4endshop_7673732512627985173_20260814-190752.jsonl,1786711138653,ask_stock,neutral,0.4,True,etalase ambigu tanpa nomor
comment_000271,bb 80 tb 170 size naon,81d1cdd2-dd39-4c12-976e-df809e50ca4f,4endshop_7673732512627985173_20260814-190752.jsonl,1786711175087,ask_measurement,neutral,0.9,False,BB/TB + tanya size
comment_000272,bb 62 tb 170,81d1cdd2-dd39-4c12-976e-df809e50ca4f,4endshop_7673732512627985173_20260814-190752.jsonl,1786711198300,ask_measurement,neutral,0.9,False,BB/TB saja
comment_000273,BB103 TB175 LDnya110 pake uk apa yang bener² oversize,81d1cdd2-dd39-4c12-976e-df809e50ca4f,4endshop_7673732512627985173_20260814-190752.jsonl,1786711220067,ask_measurement,neutral,0.7,False,BB/TB/LD + tanya ukuran oversize
comment_000274,spil 5 kk,81d1cdd2-dd39-4c12-976e-df809e50ca4f,4endshop_7673732512627985173_20260814-190752.jsonl,1786711229017,ask_detail,neutral,0.8,False,spil etalase 5
comment_000275,saya tb 170an,81d1cdd2-dd39-4c12-976e-df809e50ca4f,4endshop_7673732512627985173_20260814-190752.jsonl,1786711290769,ask_measurement,neutral,0.7,False,sebut TB
comment_000276,BB 50,81d1cdd2-dd39-4c12-976e-df809e50ca4f,4endshop_7673732512627985173_20260814-190752.jsonl,1786711325686,ask_measurement,neutral,0.65,False,sebut BB
comment_000277,saya mau ambil 2 rekomen dong kk saya mau ambil et 5 trus yang rekomen apa,81d1cdd2-dd39-4c12-976e-df809e50ca4f,4endshop_7673732512627985173_20260814-190752.jsonl,1786711381695,ask_stock,neutral,0.6,False,minta rekomendasi etalase produk
comment_000278,kak spil uk xxl,81d1cdd2-dd39-4c12-976e-df809e50ca4f,4endshop_7673732512627985173_20260814-190752.jsonl,1786711393256,ask_detail,neutral,0.85,False,spil ukuran XXL
comment_000279,bb 43 uk brp kak,81d1cdd2-dd39-4c12-976e-df809e50ca4f,4endshop_7673732512627985173_20260814-190752.jsonl,1786711510754,ask_measurement,neutral,0.9,False,BB + tanya ukuran
comment_000280,spil etalase 6 kk,81d1cdd2-dd39-4c12-976e-df809e50ca4f,4endshop_7673732512627985173_20260814-190752.jsonl,1786711588578,ask_detail,neutral,0.85,False,spil etalase 6
comment_000281,bb 55 tb 150 kk,81d1cdd2-dd39-4c12-976e-df809e50ca4f,4endshop_7673732512627985173_20260814-190752.jsonl,1786711676476,ask_measurement,neutral,0.9,False,BB/TB saja
comment_000282,oky kk da co,81d1cdd2-dd39-4c12-976e-df809e50ca4f,4endshop_7673732512627985173_20260814-190752.jsonl,1786711680146,purchase_intent,neutral,0.85,False,sudah checkout
comment_000283,spil etalase 24 ka,81d1cdd2-dd39-4c12-976e-df809e50ca4f,4endshop_7673732512627985173_20260814-190752.jsonl,1786711702335,ask_detail,neutral,0.85,False,spil etalase 24
comment_000284,disini baju termaksud murah dengan kualitas yang bagus,81d1cdd2-dd39-4c12-976e-df809e50ca4f,4endshop_7673732512627985173_20260814-190752.jsonl,1786711740005,other,positive,0.75,False,pujian harga dan kualitas
comment_000285,XL ld brp ka,81d1cdd2-dd39-4c12-976e-df809e50ca4f,4endshop_7673732512627985173_20260814-190752.jsonl,1786711757880,ask_measurement,neutral,0.9,False,tanya LD size XL
comment_000286,saya waktu tu beli sablon nya mesin cuci pun masi aman sampai sekarang,81d1cdd2-dd39-4c12-976e-df809e50ca4f,4endshop_7673732512627985173_20260814-190752.jsonl,1786711765463,other,positive,0.75,False,testimoni sablon awet
comment_000287,kak boleg rekues ka,81d1cdd2-dd39-4c12-976e-df809e50ca4f,4endshop_7673732512627985173_20260814-190752.jsonl,1786711856451,other,neutral,0.6,False,minta request produk
comment_000288,bb 56 tb 164 ambil uk apaaa kak,81d1cdd2-dd39-4c12-976e-df809e50ca4f,4endshop_7673732512627985173_20260814-190752.jsonl,1786711919188,ask_measurement,neutral,0.9,False,BB/TB + tanya ukuran
comment_000289,beli sepuluh berapa ka,81d1cdd2-dd39-4c12-976e-df809e50ca4f,4endshop_7673732512627985173_20260814-190752.jsonl,1786712071344,ask_price,neutral,0.7,False,tanya harga beli 10 pcs
comment_000290,"ketebalan brpa mb,,yg gambar blakang eta brap",81d1cdd2-dd39-4c12-976e-df809e50ca4f,4endshop_7673732512627985173_20260814-190752.jsonl,1786712178666,ask_detail,neutral,0.65,False,tanya ketebalan dan produk belakang
comment_000291,etalase 17,81d1cdd2-dd39-4c12-976e-df809e50ca4f,4endshop_7673732512627985173_20260814-190752.jsonl,1786712202303,ask_stock,neutral,0.85,False,sebut etalase 17
comment_000292,tlg bls cht,81d1cdd2-dd39-4c12-976e-df809e50ca4f,4endshop_7673732512627985173_20260814-190752.jsonl,1786712299605,other,neutral,0.7,False,minta admin balas chat
comment_000293,untuk sweater Tb 170 Bb 58?,81d1cdd2-dd39-4c12-976e-df809e50ca4f,4endshop_7673732512627985173_20260814-190752.jsonl,1786712324526,ask_measurement,neutral,0.8,False,BB/TB + konteks sweater
comment_000294,saya retur pkt udah sampai di kalian tpi uang saya ga di balikin,81d1cdd2-dd39-4c12-976e-df809e50ca4f,4endshop_7673732512627985173_20260814-190752.jsonl,1786712332403,other,negative,0.75,False,keluhan retur tidak dibalikin
comment_000295,kak nggak bisa pakai qris ya?,81d1cdd2-dd39-4c12-976e-df809e50ca4f,4endshop_7673732512627985173_20260814-190752.jsonl,1786712390338,ask_price,neutral,0.65,False,tanya metode bayar QRIS
comment_000296,bb75 TB 178,81d1cdd2-dd39-4c12-976e-df809e50ca4f,4endshop_7673732512627985173_20260814-190752.jsonl,1786712400593,ask_measurement,neutral,0.9,False,BB/TB saja
comment_000297,eta lase 5 ka,81d1cdd2-dd39-4c12-976e-df809e50ca4f,4endshop_7673732512627985173_20260814-190752.jsonl,1786712428800,ask_stock,neutral,0.85,False,sebut etalase 5
comment_000298,bb 55 tb 165 sz ap kk,81d1cdd2-dd39-4c12-976e-df809e50ca4f,4endshop_7673732512627985173_20260814-190752.jsonl,1786712482690,ask_measurement,neutral,0.9,False,BB/TB + tanya size
comment_000299,spil ukuran L teh,81d1cdd2-dd39-4c12-976e-df809e50ca4f,4endshop_7673732512627985173_20260814-190752.jsonl,1786712644651,ask_detail,neutral,0.8,False,spil ukuran L
comment_000300,Spil etalase 3 kak,81d1cdd2-dd39-4c12-976e-df809e50ca4f,4endshop_7673732512627985173_20260814-190752.jsonl,1786712682124,ask_detail,neutral,0.85,False,spil etalase 3
comment_000301,BB 92 TB 167,81d1cdd2-dd39-4c12-976e-df809e50ca4f,4endshop_7673732512627985173_20260814-190752.jsonl,1786712686005,ask_measurement,neutral,0.9,False,BB/TB saja
comment_000302,bb56 tb162 ambil apa,81d1cdd2-dd39-4c12-976e-df809e50ca4f,4endshop_7673732512627985173_20260814-190752.jsonl,1786712702465,ask_measurement,neutral,0.85,False,BB/TB + tanya ukuran
comment_000303,etalase 25 KA,81d1cdd2-dd39-4c12-976e-df809e50ca4f,4endshop_7673732512627985173_20260814-190752.jsonl,1786712727844,ask_stock,neutral,0.85,False,sebut etalase 25
comment_000304,eh salahh no 4,81d1cdd2-dd39-4c12-976e-df809e50ca4f,4endshop_7673732512627985173_20260814-190752.jsonl,1786712738605,other,neutral,0.6,False,koreksi nomor etalase
comment_000305,klo buat tb 173 bb 50 pke ukuran apa ka,81d1cdd2-dd39-4c12-976e-df809e50ca4f,4endshop_7673732512627985173_20260814-190752.jsonl,1786712744453,ask_measurement,neutral,0.9,False,BB/TB + tanya ukuran
comment_000306,kakk bb 60 tb 165 size berapa,81d1cdd2-dd39-4c12-976e-df809e50ca4f,4endshop_7673732512627985173_20260814-190752.jsonl,1786712830522,ask_measurement,neutral,0.9,False,BB/TB + tanya size
comment_000307,coba angkat tangan nya kk,81d1cdd2-dd39-4c12-976e-df809e50ca4f,4endshop_7673732512627985173_20260814-190752.jsonl,1786712866490,ask_size_fit,neutral,0.55,True,minta lihat fit (angkat tangan)
comment_000308,udh d co sayang,81d1cdd2-dd39-4c12-976e-df809e50ca4f,4endshop_7673732512627985173_20260814-190752.jsonl,1786712868224,purchase_intent,neutral,0.85,False,sudah checkout
comment_000309,biar tau kebelet atau engga bajunya,81d1cdd2-dd39-4c12-976e-df809e50ca4f,4endshop_7673732512627985173_20260814-190752.jsonl,1786712896304,ask_size_fit,neutral,0.7,False,cek keket baju
comment_000310,angkat aja coba,81d1cdd2-dd39-4c12-976e-df809e50ca4f,4endshop_7673732512627985173_20260814-190752.jsonl,1786712905730,ask_size_fit,neutral,0.65,False,minta lihat fit baju
comment_000311,coba spil baju etalase 15,81d1cdd2-dd39-4c12-976e-df809e50ca4f,4endshop_7673732512627985173_20260814-190752.jsonl,1786712912271,ask_detail,neutral,0.85,False,spil baju etalase 15
comment_000312,etalase no wa,81d1cdd2-dd39-4c12-976e-df809e50ca4f,4endshop_7673732512627985173_20260814-190752.jsonl,1786712923187,other,neutral,0.4,True,ambigu (etalase/nomor WA)
comment_000313,kak boleh lihat size chart nya gak,81d1cdd2-dd39-4c12-976e-df809e50ca4f,4endshop_7673732512627985173_20260814-190752.jsonl,1786712926258,ask_size_fit,neutral,0.75,False,minta size chart
comment_000314,biar tau ketet atau engga bajunya,81d1cdd2-dd39-4c12-976e-df809e50ca4f,4endshop_7673732512627985173_20260814-190752.jsonl,1786712927525,ask_size_fit,neutral,0.7,False,cek ketat/tidaknya baju
comment_000315,yng kaka pke di etalase brapa,81d1cdd2-dd39-4c12-976e-df809e50ca4f,4endshop_7673732512627985173_20260814-190752.jsonl,1786712968394,ask_stock,neutral,0.8,False,tanya etalase yang dipakai host
comment_000316,coba angkat tangan kak biar tau ketet bajunya,81d1cdd2-dd39-4c12-976e-df809e50ca4f,4endshop_7673732512627985173_20260814-190752.jsonl,1786712982666,ask_size_fit,neutral,0.75,False,angkat tangan untuk cek ketat baju
comment_000317,buat bb 120+,81d1cdd2-dd39-4c12-976e-df809e50ca4f,4endshop_7673732512627985173_20260814-190752.jsonl,1786712985759,ask_measurement,neutral,0.6,False,BB + cari ukuran
comment_000318,liat sablonan belakang yang lagi di pake,81d1cdd2-dd39-4c12-976e-df809e50ca4f,4endshop_7673732512627985173_20260814-190752.jsonl,1786713061968,ask_detail,neutral,0.75,False,minta lihat sablonan belakang
comment_000319,"Jahat yee, cuma di bca doang😂",81d1cdd2-dd39-4c12-976e-df809e50ca4f,4endshop_7673732512627985173_20260814-190752.jsonl,1786713111693,other,negative,0.6,False,keluhan chat hanya dibaca
comment_000320,ukuran s kaya AP kak,81d1cdd2-dd39-4c12-976e-df809e50ca4f,4endshop_7673732512627985173_20260814-190752.jsonl,1786713117967,ask_detail,neutral,0.55,True,tanya visual ukuran S
comment_000321,Chtku🤣,81d1cdd2-dd39-4c12-976e-df809e50ca4f,4endshop_7673732512627985173_20260814-190752.jsonl,1786713147261,other,neutral,0.5,True,singkatan ambigu + emoji
comment_000322,etalase 45,81d1cdd2-dd39-4c12-976e-df809e50ca4f,4endshop_7673732512627985173_20260814-190752.jsonl,1786713186547,ask_stock,neutral,0.85,False,sebut etalase 45
comment_000323,Dahlahh😌🤣,81d1cdd2-dd39-4c12-976e-df809e50ca4f,4endshop_7673732512627985173_20260814-190752.jsonl,1786713199219,other,neutral,0.5,True,slang singkat ambigu
comment_000325,alhamdulillah 😎😎😎,81d1cdd2-dd39-4c12-976e-df809e50ca4f,4endshop_7673732512627985173_20260814-190752.jsonl,1786713248281,other,positive,0.6,False,ungkapan syukur
comment_000326,ga jadi ganti rok 🤪🤪🤪,81d1cdd2-dd39-4c12-976e-df809e50ca4f,4endshop_7673732512627985173_20260814-190752.jsonl,1786713265392,other,neutral,0.6,False,obrolan perubahan pesanan
comment_000327,yg penting ga jadi 🤪🤪😎😎,81d1cdd2-dd39-4c12-976e-df809e50ca4f,4endshop_7673732512627985173_20260814-190752.jsonl,1786713290435,other,neutral,0.6,False,obrolan pribadi
comment_000328,boleh liat bahan nya KA??,81d1cdd2-dd39-4c12-976e-df809e50ca4f,4endshop_7673732512627985173_20260814-190752.jsonl,1786713294041,ask_detail,neutral,0.85,False,minta lihat bahan
comment_000329,itu tahu,81d1cdd2-dd39-4c12-976e-df809e50ca4f,4endshop_7673732512627985173_20260814-190752.jsonl,1786713308011,other,neutral,0.4,True,ambigu
comment_000330,spil ukuran s nya dong ka,81d1cdd2-dd39-4c12-976e-df809e50ca4f,4endshop_7673732512627985173_20260814-190752.jsonl,1786713328840,ask_detail,neutral,0.85,False,spil ukuran S
comment_000331,itu rambut makin banyak antenanya 🤪🤪,81d1cdd2-dd39-4c12-976e-df809e50ca4f,4endshop_7673732512627985173_20260814-190752.jsonl,1786713414953,other,neutral,0.6,False,obrolan/komentar host
comment_000332,yg kk pakai size ap,81d1cdd2-dd39-4c12-976e-df809e50ca4f,4endshop_7673732512627985173_20260814-190752.jsonl,1786713430258,ask_size_fit,neutral,0.75,False,tanya ukuran baju yang dipakai host
comment_000333,etalase no 24 kak,81d1cdd2-dd39-4c12-976e-df809e50ca4f,4endshop_7673732512627985173_20260814-190752.jsonl,1786713481595,ask_stock,neutral,0.85,False,sebut etalase 24
comment_000334,oke kak dh co tinggal nunggu,81d1cdd2-dd39-4c12-976e-df809e50ca4f,4endshop_7673732512627985173_20260814-190752.jsonl,1786713520784,purchase_intent,neutral,0.85,False,sudah checkout menunggu kirim
comment_000335,udah co ets3 kak,81d1cdd2-dd39-4c12-976e-df809e50ca4f,4endshop_7673732512627985173_20260814-190752.jsonl,1786713588385,purchase_intent,neutral,0.85,False,sudah checkout etalase 3
comment_000336,design yg keren yg mana kak,81d1cdd2-dd39-4c12-976e-df809e50ca4f,4endshop_7673732512627985173_20260814-190752.jsonl,1786713697415,ask_detail,neutral,0.65,False,minta rekomendasi design
comment_000337,montok banget,81d1cdd2-dd39-4c12-976e-df809e50ca4f,4endshop_7673732512627985173_20260814-190752.jsonl,1786713747143,other,neutral,0.6,False,komentar ke host
comment_000338,"pengen beli ,but... uang ga cukup buat ongkir",81d1cdd2-dd39-4c12-976e-df809e50ca4f,4endshop_7673732512627985173_20260814-190752.jsonl,1786713753508,purchase_intent,negative,0.7,False,mau beli tapi ongkir tidak cukup
comment_000339,tb 173 bb 73 ambil ukuran apa ka,81d1cdd2-dd39-4c12-976e-df809e50ca4f,4endshop_7673732512627985173_20260814-190752.jsonl,1786713796228,ask_measurement,neutral,0.9,False,BB/TB + tanya ukuran
comment_000340,tb 158 bb 46 ambil uk apa,81d1cdd2-dd39-4c12-976e-df809e50ca4f,4endshop_7673732512627985173_20260814-190752.jsonl,1786713853418,ask_measurement,neutral,0.9,False,BB/TB + tanya ukuran
comment_000341,spil etalase 7,81d1cdd2-dd39-4c12-976e-df809e50ca4f,4endshop_7673732512627985173_20260814-190752.jsonl,1786713890947,ask_detail,neutral,0.85,False,spil etalase 7
comment_000342,eta brpa yg d pake kaka,81d1cdd2-dd39-4c12-976e-df809e50ca4f,4endshop_7673732512627985173_20260814-190752.jsonl,1786713902427,ask_stock,neutral,0.8,False,tanya etalase yang dipakai
comment_000343,belanja minimum 80rb itu dapat parfum ka? parfum apa ka?,81d1cdd2-dd39-4c12-976e-df809e50ca4f,4endshop_7673732512627985173_20260814-190752.jsonl,1786714009031,ask_detail,neutral,0.75,False,tanya syarat dan jenis promo parfum
comment_000344,buat cowok,81d1cdd2-dd39-4c12-976e-df809e50ca4f,4endshop_7673732512627985173_20260814-190752.jsonl,1786714036037,ask_size_fit,neutral,0.5,True,"konteks pendek, tanya ukuran untuk cowok"
comment_000345,yg kk pake etl brpa,81d1cdd2-dd39-4c12-976e-df809e50ca4f,4endshop_7673732512627985173_20260814-190752.jsonl,1786714090809,ask_stock,neutral,0.8,False,tanya etalase yang dipakai
comment_000346,merdeka,81d1cdd2-dd39-4c12-976e-df809e50ca4f,4endshop_7673732512627985173_20260814-190752.jsonl,1786714110424,other,neutral,0.4,True,kata tunggal tanpa konteks
comment_000347,uk brp yg kk pke,81d1cdd2-dd39-4c12-976e-df809e50ca4f,4endshop_7673732512627985173_20260814-190752.jsonl,1786714116737,ask_size_fit,neutral,0.75,False,tanya ukuran yang dipakai host
comment_000348,Bb 97 ukuran apa kak,81d1cdd2-dd39-4c12-976e-df809e50ca4f,4endshop_7673732512627985173_20260814-190752.jsonl,1786714263264,ask_measurement,neutral,0.85,False,BB + tanya ukuran
comment_000349,kk untuk BB 30 itu bagus ukuran apa?,81d1cdd2-dd39-4c12-976e-df809e50ca4f,4endshop_7673732512627985173_20260814-190752.jsonl,1786714273561,ask_measurement,neutral,0.85,False,BB + tanya ukuran
comment_000350,eta 10,81d1cdd2-dd39-4c12-976e-df809e50ca4f,4endshop_7673732512627985173_20260814-190752.jsonl,1786714282479,ask_stock,neutral,0.85,False,sebut etalase 10
comment_000351,BB 90 kak,81d1cdd2-dd39-4c12-976e-df809e50ca4f,4endshop_7673732512627985173_20260814-190752.jsonl,1786714286667,ask_measurement,neutral,0.65,False,sebut BB
comment_000353,bb 55 kak ukuran apa,81d1cdd2-dd39-4c12-976e-df809e50ca4f,4endshop_7673732512627985173_20260814-190752.jsonl,1786714312321,ask_measurement,neutral,0.85,False,BB + tanya ukuran
comment_000354,"baju yang kamu pakai etalase berapa, boleh liat belakangnya juga, saya cari yang polos belakangnya",81d1cdd2-dd39-4c12-976e-df809e50ca4f,4endshop_7673732512627985173_20260814-190752.jsonl,1786714327048,ask_stock,neutral,0.65,False,tanya etalase + cari produk polos
comment_000355,bb 43,81d1cdd2-dd39-4c12-976e-df809e50ca4f,4endshop_7673732512627985173_20260814-190752.jsonl,1786714339278,ask_measurement,neutral,0.6,False,sebut BB
comment_000356,eta 10 BB 43,81d1cdd2-dd39-4c12-976e-df809e50ca4f,4endshop_7673732512627985173_20260814-190752.jsonl,1786714356013,ask_measurement,neutral,0.75,False,BB + sebut etalase
comment_000358,75 ukuran apa ka,81d1cdd2-dd39-4c12-976e-df809e50ca4f,4endshop_7673732512627985173_20260814-190752.jsonl,1786714399020,ask_measurement,neutral,0.55,True,angka tanpa satuan (BB 75?)
comment_000359,yahh udh nonton spidermanya baru lewat kaosnya kak,81d1cdd2-dd39-4c12-976e-df809e50ca4f,4endshop_7673732512627985173_20260814-190752.jsonl,1786714447054,other,neutral,0.7,False,obrolan lewat produk spiderman
comment_000360,BB 45 UK brapa kak,81d1cdd2-dd39-4c12-976e-df809e50ca4f,4endshop_7673732512627985173_20260814-190752.jsonl,1786714481492,ask_measurement,neutral,0.9,False,BB + tanya ukuran
comment_000361,etalase 4 xxxl kak mau co soalnya,81d1cdd2-dd39-4c12-976e-df809e50ca4f,4endshop_7673732512627985173_20260814-190752.jsonl,1786714497672,purchase_intent,neutral,0.7,False,mau checkout etalase 4 XXXL
comment_000362,coba adep blkg ka,81d1cdd2-dd39-4c12-976e-df809e50ca4f,4endshop_7673732512627985173_20260814-190752.jsonl,1786714519334,ask_detail,neutral,0.7,False,minta lihat bagian belakang
comment_000363,no 1 ukuran L kak,81d1cdd2-dd39-4c12-976e-df809e50ca4f,4endshop_7673732512627985173_20260814-190752.jsonl,1786714520844,ask_stock,neutral,0.7,False,sebut etalase 1 ukuran L
comment_000364,etalase 13 dong,81d1cdd2-dd39-4c12-976e-df809e50ca4f,4endshop_7673732512627985173_20260814-190752.jsonl,1786714571169,ask_stock,neutral,0.85,False,sebut etalase 13
comment_000365,etelse no 1 kak ukurann L,81d1cdd2-dd39-4c12-976e-df809e50ca4f,4endshop_7673732512627985173_20260814-190752.jsonl,1786714578870,ask_stock,neutral,0.7,False,sebut etalase 1 ukuran L
comment_000366,besarr yaa,81d1cdd2-dd39-4c12-976e-df809e50ca4f,4endshop_7673732512627985173_20260814-190752.jsonl,1786714594039,other,neutral,0.5,True,komentar singkat ambigu
comment_000367,M brrti kak kmu pakai ukuraan apa?,81d1cdd2-dd39-4c12-976e-df809e50ca4f,4endshop_7673732512627985173_20260814-190752.jsonl,1786714610904,ask_size_fit,neutral,0.75,False,tanya ukuran yang dipakai host
comment_000368,et 1 itu yang ukuran S bb brp,81d1cdd2-dd39-4c12-976e-df809e50ca4f,4endshop_7673732512627985173_20260814-190752.jsonl,1786714617696,ask_measurement,neutral,0.7,False,tanya BB untuk ukuran S
comment_000369,etalase 1 tb 165 bb 45 ukuran apa?,81d1cdd2-dd39-4c12-976e-df809e50ca4f,4endshop_7673732512627985173_20260814-190752.jsonl,1786714620325,ask_measurement,neutral,0.85,False,BB/TB + tanya ukuran
comment_000370,ka xxxl ld brp,81d1cdd2-dd39-4c12-976e-df809e50ca4f,4endshop_7673732512627985173_20260814-190752.jsonl,1786714632849,ask_measurement,neutral,0.9,False,tanya LD size XXXL
comment_000371,ka coba  liatt etalase 3,81d1cdd2-dd39-4c12-976e-df809e50ca4f,4endshop_7673732512627985173_20260814-190752.jsonl,1786714743607,ask_detail,neutral,0.6,False,minta lihat etalase 3
comment_000372,kk udh lama yh,81d1cdd2-dd39-4c12-976e-df809e50ca4f,4endshop_7673732512627985173_20260814-190752.jsonl,1786714747544,other,neutral,0.6,False,obrolan bebas
comment_000373,tb 163 uk apa,81d1cdd2-dd39-4c12-976e-df809e50ca4f,4endshop_7673732512627985173_20260814-190752.jsonl,1786714783333,ask_measurement,neutral,0.85,False,TB + tanya ukuran
comment_000374,live nya🗿,81d1cdd2-dd39-4c12-976e-df809e50ca4f,4endshop_7673732512627985173_20260814-190752.jsonl,1786714783517,other,neutral,0.5,True,obrolan singkat
comment_000375,kak celana nya este no berapa,81d1cdd2-dd39-4c12-976e-df809e50ca4f,4endshop_7673732512627985173_20260814-190752.jsonl,1786714802898,ask_stock,neutral,0.8,False,tanya etalase celana
comment_000376,kak host yg pake kaca mata kok mirip sama kak,81d1cdd2-dd39-4c12-976e-df809e50ca4f,4endshop_7673732512627985173_20260814-190752.jsonl,1786714840038,other,neutral,0.7,False,obrolan mirip host
comment_000377,ka spil etl 22 dan 45,81d1cdd2-dd39-4c12-976e-df809e50ca4f,4endshop_7673732512627985173_20260814-190752.jsonl,1786714843221,ask_detail,neutral,0.85,False,spil etalase 22 dan 45
comment_000378,tumben g pake kacamata,81d1cdd2-dd39-4c12-976e-df809e50ca4f,4endshop_7673732512627985173_20260814-190752.jsonl,1786714847742,other,neutral,0.6,False,obrolan kacamata host
comment_000379,aku dh co 2biji makasih ka,81d1cdd2-dd39-4c12-976e-df809e50ca4f,4endshop_7673732512627985173_20260814-190752.jsonl,1786714865064,purchase_intent,neutral,0.85,False,sudah checkout 2 biji
comment_000380,omak anime yh🗿,81d1cdd2-dd39-4c12-976e-df809e50ca4f,4endshop_7673732512627985173_20260814-190752.jsonl,1786714883722,other,neutral,0.5,True,obrolan singkat ambigu
comment_000382,baju spiderman,81d1cdd2-dd39-4c12-976e-df809e50ca4f,4endshop_7673732512627985173_20260814-190752.jsonl,1786714975588,ask_stock,neutral,0.6,False,minta produk baju spiderman
comment_000383,etalase berapq,81d1cdd2-dd39-4c12-976e-df809e50ca4f,4endshop_7673732512627985173_20260814-190752.jsonl,1786714979152,ask_stock,neutral,0.8,False,tanya etalase berapa
comment_000384,spil Parker njrr,81d1cdd2-dd39-4c12-976e-df809e50ca4f,4endshop_7673732512627985173_20260814-190752.jsonl,1786714987467,ask_detail,neutral,0.8,False,spil produk Parker
comment_000385,1,81d1cdd2-dd39-4c12-976e-df809e50ca4f,4endshop_7673732512627985173_20260814-190752.jsonl,1786714996065,noise,neutral,0.5,True,hanya angka 1
comment_000386,kk bahan nyaa apa,81d1cdd2-dd39-4c12-976e-df809e50ca4f,4endshop_7673732512627985173_20260814-190752.jsonl,1786715010554,ask_detail,neutral,0.85,False,tanya bahan
comment_000387,di aku 29k kak anjrr,81d1cdd2-dd39-4c12-976e-df809e50ca4f,4endshop_7673732512627985173_20260814-190752.jsonl,1786715051597,ask_price,neutral,0.65,False,konfirmasi harga 29k
comment_000388,nya bedaaa,81d1cdd2-dd39-4c12-976e-df809e50ca4f,4endshop_7673732512627985173_20260814-190752.jsonl,1786715078818,other,neutral,0.5,True,kata pendek ambigu
comment_000389,etalase 11 kk,81d1cdd2-dd39-4c12-976e-df809e50ca4f,4endshop_7673732512627985173_20260814-190752.jsonl,1786715085943,ask_stock,neutral,0.85,False,sebut etalase 11
comment_000390,kok komen ku ga keliatan,81d1cdd2-dd39-4c12-976e-df809e50ca4f,4endshop_7673732512627985173_20260814-190752.jsonl,1786715112467,other,neutral,0.6,False,keluhan teknis komentar tidak muncul
comment_000391,BB 60 perut buncit kak,81d1cdd2-dd39-4c12-976e-df809e50ca4f,4endshop_7673732512627985173_20260814-190752.jsonl,1786715171309,ask_measurement,neutral,0.8,False,BB + kondisi tubuh
comment_000392,eta 2 kak,81d1cdd2-dd39-4c12-976e-df809e50ca4f,4endshop_7673732512627985173_20260814-190752.jsonl,1786715206183,ask_stock,neutral,0.85,False,sebut etalase 2
comment_000393,yg kakak pakai UK apa,81d1cdd2-dd39-4c12-976e-df809e50ca4f,4endshop_7673732512627985173_20260814-190752.jsonl,1786715212927,ask_size_fit,neutral,0.75,False,tanya ukuran yang dipakai host
comment_000394,cewe tb 160 bb 65 cocok ukuran apa,81d1cdd2-dd39-4c12-976e-df809e50ca4f,4endshop_7673732512627985173_20260814-190752.jsonl,1786715234550,ask_measurement,neutral,0.85,False,BB/TB + tanya ukuran cocok
comment_000395,kalo yg belakang itu kak lab2 merah,81d1cdd2-dd39-4c12-976e-df809e50ca4f,4endshop_7673732512627985173_20260814-190752.jsonl,1786715262247,ask_stock,neutral,0.6,False,konfirmasi produk laba2 merah belakang
comment_000396,27 ka,81d1cdd2-dd39-4c12-976e-df809e50ca4f,4endshop_7673732512627985173_20260814-190752.jsonl,1786715278224,ask_stock,neutral,0.7,False,sebut nomor etalase 27
comment_000397,60 178 ?,81d1cdd2-dd39-4c12-976e-df809e50ca4f,4endshop_7673732512627985173_20260814-190752.jsonl,1786715289078,ask_measurement,neutral,0.65,False,BB/TB tanpa label
comment_000398,"kk bb 50 tb 155,5 ambil ukuran apaa kaak",81d1cdd2-dd39-4c12-976e-df809e50ca4f,4endshop_7673732512627985173_20260814-190752.jsonl,1786715299670,ask_measurement,neutral,0.9,False,BB/TB + tanya ukuran
comment_000399,laba2 merah belakang,81d1cdd2-dd39-4c12-976e-df809e50ca4f,4endshop_7673732512627985173_20260814-190752.jsonl,1786715309482,ask_detail,neutral,0.65,False,minta lihat laba2 merah belakang
comment_000400,Spil etalase 21 kk,81d1cdd2-dd39-4c12-976e-df809e50ca4f,4endshop_7673732512627985173_20260814-190752.jsonl,1786715342452,ask_detail,neutral,0.85,False,spil etalase 21
comment_000401,aku udah ngoleksi 5 motifnya 😍,81d1cdd2-dd39-4c12-976e-df809e50ca4f,4endshop_7673732512627985173_20260814-190752.jsonl,1786715353020,other,positive,0.7,False,koleksi 5 motif
comment_000402,Etalase 21 kk,81d1cdd2-dd39-4c12-976e-df809e50ca4f,4endshop_7673732512627985173_20260814-190752.jsonl,1786715374313,ask_stock,neutral,0.85,False,sebut etalase 21
comment_000403,etalase 15 kak,81d1cdd2-dd39-4c12-976e-df809e50ca4f,4endshop_7673732512627985173_20260814-190752.jsonl,1786715395270,ask_stock,neutral,0.85,False,sebut etalase 15
comment_000404,bb 88 ukuran brp,81d1cdd2-dd39-4c12-976e-df809e50ca4f,4endshop_7673732512627985173_20260814-190752.jsonl,1786715400852,ask_measurement,neutral,0.9,False,BB + tanya ukuran
comment_000405,bb60 tngi 180 pkai apa,81d1cdd2-dd39-4c12-976e-df809e50ca4f,4endshop_7673732512627985173_20260814-190752.jsonl,1786715417217,ask_measurement,neutral,0.85,False,BB/TB + tanya ukuran
comment_000406,iya cakev,81d1cdd2-dd39-4c12-976e-df809e50ca4f,4endshop_7673732512627985173_20260814-190752.jsonl,1786715432974,other,neutral,0.5,True,jawaban singkat ambigu
comment_000407,kaosnya bahan apa ka,81d1cdd2-dd39-4c12-976e-df809e50ca4f,4endshop_7673732512627985173_20260814-190752.jsonl,1786715446839,ask_detail,neutral,0.85,False,tanya bahan kaos
comment_000408,ka spil etalase 1,81d1cdd2-dd39-4c12-976e-df809e50ca4f,4endshop_7673732512627985173_20260814-190752.jsonl,1786715463828,ask_detail,neutral,0.85,False,spil etalase 1
comment_000409,bb 50 tb 160 ambil apa kak,81d1cdd2-dd39-4c12-976e-df809e50ca4f,4endshop_7673732512627985173_20260814-190752.jsonl,1786715495594,ask_measurement,neutral,0.9,False,BB/TB + tanya ukuran
comment_000410,etalase 11 dapet harga 107 kak,81d1cdd2-dd39-4c12-976e-df809e50ca4f,4endshop_7673732512627985173_20260814-190752.jsonl,1786715551020,ask_price,neutral,0.7,False,konfirmasi harga etalase 11
comment_000411,nice,81d1cdd2-dd39-4c12-976e-df809e50ca4f,4endshop_7673732512627985173_20260814-190752.jsonl,1786715572543,other,positive,0.5,True,pujian singkat ambigu
comment_000412,bahan nya apa?,81d1cdd2-dd39-4c12-976e-df809e50ca4f,4endshop_7673732512627985173_20260814-190752.jsonl,1786715627313,ask_detail,neutral,0.85,False,tanya bahan
comment_000413,etalase no 3 kak,81d1cdd2-dd39-4c12-976e-df809e50ca4f,4endshop_7673732512627985173_20260814-190752.jsonl,1786715653039,ask_stock,neutral,0.85,False,sebut etalase 3
comment_000414,bahannya cepet apek ngk kak,81d1cdd2-dd39-4c12-976e-df809e50ca4f,4endshop_7673732512627985173_20260814-190752.jsonl,1786715679805,ask_detail,neutral,0.8,False,tanya bahan cepat apek atau tidak
comment_000415,liat gambar blkang kak,81d1cdd2-dd39-4c12-976e-df809e50ca4f,4endshop_7673732512627985173_20260814-190752.jsonl,1786715706265,ask_detail,neutral,0.75,False,minta lihat gambar belakang
comment_000416,yg dipake uk apa kk,81d1cdd2-dd39-4c12-976e-df809e50ca4f,4endshop_7673732512627985173_20260814-190752.jsonl,1786715719930,ask_size_fit,neutral,0.75,False,tanya ukuran yang dipakai
comment_000417,etalase 17 kak,81d1cdd2-dd39-4c12-976e-df809e50ca4f,4endshop_7673732512627985173_20260814-190752.jsonl,1786715752064,ask_stock,neutral,0.85,False,sebut etalase 17
comment_000418,spil,81d1cdd2-dd39-4c12-976e-df809e50ca4f,4endshop_7673732512627985173_20260814-190752.jsonl,1786715755017,ask_detail,neutral,0.65,False,minta spill (singkat tapi jelas)
comment_000419,bb 70 ukuran berapaan kk,81d1cdd2-dd39-4c12-976e-df809e50ca4f,4endshop_7673732512627985173_20260814-190752.jsonl,1786715797374,ask_measurement,neutral,0.9,False,BB + tanya ukuran
comment_000420,bisa cod ga kak,81d1cdd2-dd39-4c12-976e-df809e50ca4f,4endshop_7673732512627985173_20260814-190752.jsonl,1786715808467,ask_price,neutral,0.65,False,tanya metode bayar COD
comment_000421,spil etalase 12 kk,81d1cdd2-dd39-4c12-976e-df809e50ca4f,4endshop_7673732512627985173_20260814-190752.jsonl,1786715818015,ask_detail,neutral,0.85,False,spil etalase 12
comment_000422,bb 35 ukuran apa,81d1cdd2-dd39-4c12-976e-df809e50ca4f,4endshop_7673732512627985173_20260814-190752.jsonl,1786715857978,ask_measurement,neutral,0.85,False,BB + tanya ukuran
comment_000423,udah co kak,81d1cdd2-dd39-4c12-976e-df809e50ca4f,4endshop_7673732512627985173_20260814-190752.jsonl,1786715957049,purchase_intent,neutral,0.85,False,sudah checkout
comment_000424,dikirim kapan yah?,81d1cdd2-dd39-4c12-976e-df809e50ca4f,4endshop_7673732512627985173_20260814-190752.jsonl,1786715961441,other,neutral,0.6,False,tanya estimasi pengiriman pesanan
comment_000425,udah aku masukin ke keranjang kak,81d1cdd2-dd39-4c12-976e-df809e50ca4f,4endshop_7673732512627985173_20260814-190752.jsonl,1786716001049,purchase_intent,neutral,0.8,False,sudah masuk keranjang
comment_000426,ok semoga cepat sampai yah kk,81d1cdd2-dd39-4c12-976e-df809e50ca4f,4endshop_7673732512627985173_20260814-190752.jsonl,1786716015293,other,positive,0.7,False,doa semoga cepat sampai
comment_000427,bb 50 tb 147 kak uk apa kak,81d1cdd2-dd39-4c12-976e-df809e50ca4f,4endshop_7673732512627985173_20260814-190752.jsonl,1786716069781,ask_measurement,neutral,0.9,False,BB/TB + tanya ukuran
comment_000428,kalau yg s kak boleh di spil,81d1cdd2-dd39-4c12-976e-df809e50ca4f,4endshop_7673732512627985173_20260814-190752.jsonl,1786716109745,ask_detail,neutral,0.8,False,minta spill ukuran S
comment_000429,bb 45 tb 163 uk apa kka,81d1cdd2-dd39-4c12-976e-df809e50ca4f,4endshop_7673732512627985173_20260814-190752.jsonl,1786716123655,ask_measurement,neutral,0.9,False,BB/TB + tanya ukuran
comment_000430,co miminya boleh?,81d1cdd2-dd39-4c12-976e-df809e50ca4f,4endshop_7673732512627985173_20260814-190752.jsonl,1786716129209,purchase_intent,neutral,0.7,False,co = checkout
comment_000431,bb 60 uk apa kak,81d1cdd2-dd39-4c12-976e-df809e50ca4f,4endshop_7673732512627985173_20260814-190752.jsonl,1786716155900,ask_measurement,neutral,0.9,False,BB + tanya ukuran
comment_000432,spil Etlase 5 min,81d1cdd2-dd39-4c12-976e-df809e50ca4f,4endshop_7673732512627985173_20260814-190752.jsonl,1786716178762,ask_detail,neutral,0.85,False,spil etalase 5
comment_000433,ka eta 13 dong,81d1cdd2-dd39-4c12-976e-df809e50ca4f,4endshop_7673732512627985173_20260814-190752.jsonl,1786716194933,ask_stock,neutral,0.85,False,sebut etalase 13
comment_000434,etalase 6 ukuran m kayak gimana kak,81d1cdd2-dd39-4c12-976e-df809e50ca4f,4endshop_7673732512627985173_20260814-190752.jsonl,1786716209655,ask_detail,neutral,0.7,False,tanya etalase 6 ukuran M seperti apa
comment_000435,eta 13 ka,81d1cdd2-dd39-4c12-976e-df809e50ca4f,4endshop_7673732512627985173_20260814-190752.jsonl,1786716231527,ask_stock,neutral,0.85,False,sebut etalase 13
comment_000436,spil uk m kka,81d1cdd2-dd39-4c12-976e-df809e50ca4f,4endshop_7673732512627985173_20260814-190752.jsonl,1786716233218,ask_detail,neutral,0.8,False,spil ukuran M
comment_000437,Etalase 33 kk,81d1cdd2-dd39-4c12-976e-df809e50ca4f,4endshop_7673732512627985173_20260814-190752.jsonl,1786716238880,ask_stock,neutral,0.85,False,sebut etalase 33
comment_000438,yang Spiderman di belakang kak,81d1cdd2-dd39-4c12-976e-df809e50ca4f,4endshop_7673732512627985173_20260814-190752.jsonl,1786716248391,ask_stock,neutral,0.65,False,cari produk spiderman belakang
comment_000440,etalase 46 ka,81d1cdd2-dd39-4c12-976e-df809e50ca4f,4endshop_7673732512627985173_20260814-190752.jsonl,1786716259756,ask_stock,neutral,0.85,False,sebut etalase 46
comment_000441,bisa costum ukuran?,81d1cdd2-dd39-4c12-976e-df809e50ca4f,4endshop_7673732512627985173_20260814-190752.jsonl,1786716266384,ask_size_fit,neutral,0.75,False,tanya custom ukuran
comment_000442,Yang Spiderman di belakang kak,81d1cdd2-dd39-4c12-976e-df809e50ca4f,4endshop_7673732512627985173_20260814-190752.jsonl,1786716308223,ask_stock,neutral,0.65,False,cari produk spiderman belakang
comment_000443,sablonya awet ga ka?,81d1cdd2-dd39-4c12-976e-df809e50ca4f,4endshop_7673732512627985173_20260814-190752.jsonl,1786716318191,ask_detail,neutral,0.8,False,tanya ketahanan sablon
comment_000444,eta 31 bb 45,81d1cdd2-dd39-4c12-976e-df809e50ca4f,4endshop_7673732512627985173_20260814-190752.jsonl,1786716325635,ask_measurement,neutral,0.75,False,BB + sebut etalase
comment_000445,bb 60 tb 168,81d1cdd2-dd39-4c12-976e-df809e50ca4f,4endshop_7673732512627985173_20260814-190752.jsonl,1786716357686,ask_measurement,neutral,0.9,False,BB/TB saja
comment_000446,BB 100 yang spider ukuran berapa,81d1cdd2-dd39-4c12-976e-df809e50ca4f,4endshop_7673732512627985173_20260814-190752.jsonl,1786716380607,ask_measurement,neutral,0.75,False,BB + tanya ukuran produk spider
comment_000447,bahannya mudah melar GK kk?,81d1cdd2-dd39-4c12-976e-df809e50ca4f,4endshop_7673732512627985173_20260814-190752.jsonl,1786716418896,ask_detail,neutral,0.8,False,tanya bahan mudah melar
comment_000448,udah 7h belum dateng datengg,81d1cdd2-dd39-4c12-976e-df809e50ca4f,4endshop_7673732512627985173_20260814-190752.jsonl,1786716568439,other,negative,0.7,False,keluhan paket 7 hari belum datang
comment_000449,bb 47 tb 165,81d1cdd2-dd39-4c12-976e-df809e50ca4f,4endshop_7673732512627985173_20260814-190752.jsonl,1786716571603,ask_measurement,neutral,0.9,False,BB/TB saja
comment_000450,Bb 38 tb 150,81d1cdd2-dd39-4c12-976e-df809e50ca4f,4endshop_7673732512627985173_20260814-190752.jsonl,1786716596463,ask_measurement,neutral,0.9,False,BB/TB saja
comment_000451,bb 70,81d1cdd2-dd39-4c12-976e-df809e50ca4f,4endshop_7673732512627985173_20260814-190752.jsonl,1786716607144,ask_measurement,neutral,0.6,False,sebut BB
comment_000452,udah kirim ke alamat udah dua hari enga di kirim🤣,81d1cdd2-dd39-4c12-976e-df809e50ca4f,4endshop_7673732512627985173_20260814-190752.jsonl,1786716658686,other,negative,0.7,False,keluhan pesanan belum dikirim
comment_000453,mana udah di tf,81d1cdd2-dd39-4c12-976e-df809e50ca4f,4endshop_7673732512627985173_20260814-190752.jsonl,1786716693899,other,negative,0.55,True,keluhan singkat sudah transfer belum kirim
comment_000454,2 kak baju spider,81d1cdd2-dd39-4c12-976e-df809e50ca4f,4endshop_7673732512627985173_20260814-190752.jsonl,1786716728862,ask_stock,neutral,0.7,False,sebut etalase 2 baju spider
comment_000455,mbak udah Co eta 4,81d1cdd2-dd39-4c12-976e-df809e50ca4f,4endshop_7673732512627985173_20260814-190752.jsonl,1786716767179,purchase_intent,neutral,0.85,False,sudah checkout etalase 4
comment_000456,kalau bb 67 tb 165,81d1cdd2-dd39-4c12-976e-df809e50ca4f,4endshop_7673732512627985173_20260814-190752.jsonl,1786716790521,ask_measurement,neutral,0.85,False,BB/TB saja
comment_000457,Aaminn,81d1cdd2-dd39-4c12-976e-df809e50ca4f,4endshop_7673732512627985173_20260814-190752.jsonl,1786716814048,other,positive,0.6,False,ungkapan amin
comment_000458,bahan nya apa,81d1cdd2-dd39-4c12-976e-df809e50ca4f,4endshop_7673732512627985173_20260814-190752.jsonl,1786716843096,ask_detail,neutral,0.85,False,tanya bahan
comment_000459,melar ya,81d1cdd2-dd39-4c12-976e-df809e50ca4f,4endshop_7673732512627985173_20260814-190752.jsonl,1786716848803,ask_detail,neutral,0.6,False,konfirmasi bahan melar
comment_000460,kak bb 50 uk berapa?? buat etalase 2,81d1cdd2-dd39-4c12-976e-df809e50ca4f,4endshop_7673732512627985173_20260814-190752.jsonl,1786716877111,ask_measurement,neutral,0.85,False,BB + tanya ukuran etalase 2
comment_000461,kak BB 48 size apa kak,81d1cdd2-dd39-4c12-976e-df809e50ca4f,4endshop_7673732512627985173_20260814-190752.jsonl,1786716985595,ask_measurement,neutral,0.9,False,BB + tanya size
comment_000462,kak klo co skrg sampe nya kapan kira2 kak ke tangsel,81d1cdd2-dd39-4c12-976e-df809e50ca4f,4endshop_7673732512627985173_20260814-190752.jsonl,1786717172157,other,neutral,0.65,False,tanya estimasi pengiriman ke lokasi
comment_000463,itu yg di pegang ukuran apa kak?,81d1cdd2-dd39-4c12-976e-df809e50ca4f,4endshop_7673732512627985173_20260814-190752.jsonl,1786717206767,ask_size_fit,neutral,0.75,False,tanya ukuran yang dipegang
comment_000464,kak,81d1cdd2-dd39-4c12-976e-df809e50ca4f,4endshop_7673732512627985173_20260814-190752.jsonl,1786717223200,noise,neutral,0.4,True,hanya panggilan 'kak'
comment_000465,BB 58 kak,81d1cdd2-dd39-4c12-976e-df809e50ca4f,4endshop_7673732512627985173_20260814-190752.jsonl,1786717231177,ask_measurement,neutral,0.65,False,sebut BB
comment_000466,mbak boleh tanya,81d1cdd2-dd39-4c12-976e-df809e50ca4f,4endshop_7673732512627985173_20260814-190752.jsonl,1786717256750,other,neutral,0.6,True,pengantar bertanya tanpa isi
comment_000467,kak yg laba laba di belakang kang,81d1cdd2-dd39-4c12-976e-df809e50ca4f,4endshop_7673732512627985173_20260814-190752.jsonl,1786717264309,ask_stock,neutral,0.65,False,cari produk laba2 belakang
comment_000468,14 ya mbak,81d1cdd2-dd39-4c12-976e-df809e50ca4f,4endshop_7673732512627985173_20260814-190752.jsonl,1786717284248,ask_stock,neutral,0.7,False,sebut nomor etalase 14
comment_000469,yg warna putih,81d1cdd2-dd39-4c12-976e-df809e50ca4f,4endshop_7673732512627985173_20260814-190752.jsonl,1786717287184,ask_stock,neutral,0.6,False,minta produk warna putih
comment_000470,itu zize apa kak,81d1cdd2-dd39-4c12-976e-df809e50ca4f,4endshop_7673732512627985173_20260814-190752.jsonl,1786717336522,ask_size_fit,neutral,0.7,False,tanya size yang ditunjuk
comment_000471,bb 110 kak ukuran apa,81d1cdd2-dd39-4c12-976e-df809e50ca4f,4endshop_7673732512627985173_20260814-190752.jsonl,1786717406969,ask_measurement,neutral,0.85,False,BB + tanya ukuran
comment_000472,keren studiomya skrg,81d1cdd2-dd39-4c12-976e-df809e50ca4f,4endshop_7673732512627985173_20260814-190752.jsonl,1786717416065,other,positive,0.7,False,pujian studio
comment_000473,Ka ini baju gombrang ?,81d1cdd2-dd39-4c12-976e-df809e50ca4f,4endshop_7673732512627985173_20260814-190752.jsonl,1786717451331,ask_size_fit,neutral,0.7,False,tanya baju gombrang/longgar
comment_000474,kl berat 73 uk ap,81d1cdd2-dd39-4c12-976e-df809e50ca4f,4endshop_7673732512627985173_20260814-190752.jsonl,1786717488538,ask_measurement,neutral,0.8,False,berat badan + tanya ukuran
comment_000475,Etalase 22 kk,81d1cdd2-dd39-4c12-976e-df809e50ca4f,4endshop_7673732512627985173_20260814-190752.jsonl,1786717523315,ask_stock,neutral,0.85,False,sebut etalase 22
comment_000476,Yg di pake uk apa,81d1cdd2-dd39-4c12-976e-df809e50ca4f,4endshop_7673732512627985173_20260814-190752.jsonl,1786717528425,ask_size_fit,neutral,0.75,False,tanya ukuran yang dipakai
comment_000477,Etalase 22 kk spil,81d1cdd2-dd39-4c12-976e-df809e50ca4f,4endshop_7673732512627985173_20260814-190752.jsonl,1786717560537,ask_detail,neutral,0.85,False,spil etalase 22
comment_000478,kak bb 85 size brp,81d1cdd2-dd39-4c12-976e-df809e50ca4f,4endshop_7673732512627985173_20260814-190752.jsonl,1786717584368,ask_measurement,neutral,0.9,False,BB + tanya size
comment_000479,KA liat eta 37 yg ukuran XL,81d1cdd2-dd39-4c12-976e-df809e50ca4f,4endshop_7673732512627985173_20260814-190752.jsonl,1786717590705,ask_detail,neutral,0.75,False,minta lihat etalase 37 ukuran XL
comment_000480,Kk aku uda co 2 etalase 21 sama etalase 22,81d1cdd2-dd39-4c12-976e-df809e50ca4f,4endshop_7673732512627985173_20260814-190752.jsonl,1786717684010,purchase_intent,neutral,0.85,False,sudah checkout 2 etalase
comment_000481,ka coba yg Spiderman,81d1cdd2-dd39-4c12-976e-df809e50ca4f,4endshop_7673732512627985173_20260814-190752.jsonl,1786717702070,ask_detail,neutral,0.65,False,minta tunjukkan produk spiderman
comment_000482,BB 70 ka pake ukuran apa,81d1cdd2-dd39-4c12-976e-df809e50ca4f,4endshop_7673732512627985173_20260814-190752.jsonl,1786717722899,ask_measurement,neutral,0.85,False,BB + tanya ukuran
comment_000483,ka eta ⁴ buat anak SMA ukuran s apa m ?,81d1cdd2-dd39-4c12-976e-df809e50ca4f,4endshop_7673732512627985173_20260814-190752.jsonl,1786717805468,ask_size_fit,neutral,0.7,False,tanya ukuran untuk anak SMA
comment_000484,spil 65 spil kk cantik,81d1cdd2-dd39-4c12-976e-df809e50ca4f,4endshop_7673732512627985173_20260814-190752.jsonl,1786717832118,ask_detail,neutral,0.8,False,spil etalase 65
comment_000485,baju aku udah datang baguss pwollll lembut bahan nya mana murah lagi,81d1cdd2-dd39-4c12-976e-df809e50ca4f,4endshop_7673732512627985173_20260814-190752.jsonl,1786717902966,other,positive,0.8,False,review baju datang bagus lembut
comment_000486,63 spil,81d1cdd2-dd39-4c12-976e-df809e50ca4f,4endshop_7673732512627985173_20260814-190752.jsonl,1786717945810,ask_detail,neutral,0.75,False,spil etalase 63
comment_000487,ka coba etalse 57,81d1cdd2-dd39-4c12-976e-df809e50ca4f,4endshop_7673732512627985173_20260814-190752.jsonl,1786717984701,ask_detail,neutral,0.65,False,minta tunjukkan etalase 57
comment_000488,eta (15-25) yg paling worth it dari bahan apa yah,81d1cdd2-dd39-4c12-976e-df809e50ca4f,4endshop_7673732512627985173_20260814-190752.jsonl,1786717994669,ask_detail,neutral,0.7,False,tanya bahan range etalase 15-25
comment_000489,no 18 kak,81d1cdd2-dd39-4c12-976e-df809e50ca4f,4endshop_7673732512627985173_20260814-190752.jsonl,1786718002015,ask_stock,neutral,0.75,False,sebut nomor etalase 18
comment_000490,liat bahan dalem.y kak,81d1cdd2-dd39-4c12-976e-df809e50ca4f,4endshop_7673732512627985173_20260814-190752.jsonl,1786718102626,ask_detail,neutral,0.8,False,minta lihat bahan dalam
comment_000491,sablon pakek apa,81d1cdd2-dd39-4c12-976e-df809e50ca4f,4endshop_7673732512627985173_20260814-190752.jsonl,1786718132053,ask_detail,neutral,0.8,False,tanya jenis sablon
comment_000492,BB 85 TB 173,81d1cdd2-dd39-4c12-976e-df809e50ca4f,4endshop_7673732512627985173_20260814-190752.jsonl,1786718147699,ask_measurement,neutral,0.9,False,BB/TB saja
comment_000493,Spil eta 3 & 4 kak,81d1cdd2-dd39-4c12-976e-df809e50ca4f,4endshop_7673732512627985173_20260814-190752.jsonl,1786718304905,ask_detail,neutral,0.85,False,spil etalase 3 dan 4
comment_000494,Eta 3 pengiriman drmn kak co skr d kirim kpn,81d1cdd2-dd39-4c12-976e-df809e50ca4f,4endshop_7673732512627985173_20260814-190752.jsonl,1786718352161,other,neutral,0.6,False,tanya pengiriman setelah checkout
comment_000495,etalase 2 kak,81d1cdd2-dd39-4c12-976e-df809e50ca4f,4endshop_7673732512627985173_20260814-190752.jsonl,1786718356247,ask_stock,neutral,0.85,False,sebut etalase 2
comment_000496,Bb 64 size apa kak,81d1cdd2-dd39-4c12-976e-df809e50ca4f,4endshop_7673732512627985173_20260814-190752.jsonl,1786718383864,ask_measurement,neutral,0.9,False,BB + tanya size
comment_000497,Eta 3 bsa buat Cowo ga kak,81d1cdd2-dd39-4c12-976e-df809e50ca4f,4endshop_7673732512627985173_20260814-190752.jsonl,1786718403165,ask_size_fit,neutral,0.65,False,tanya etalase 3 cocok untuk cowo
comment_000498,BB 80 brapa kak,81d1cdd2-dd39-4c12-976e-df809e50ca4f,4endshop_7673732512627985173_20260814-190752.jsonl,1786718417560,ask_measurement,neutral,0.85,False,BB + tanya ukuran
comment_000499,bb87,81d1cdd2-dd39-4c12-976e-df809e50ca4f,4endshop_7673732512627985173_20260814-190752.jsonl,1786718424759,ask_measurement,neutral,0.6,False,sebut BB
comment_000500,"ukuran nya apa""?",81d1cdd2-dd39-4c12-976e-df809e50ca4f,4endshop_7673732512627985173_20260814-190752.jsonl,1786718441893,ask_size_fit,neutral,0.7,False,tanya pilihan ukuran
comment_000501,over size ya,81d1cdd2-dd39-4c12-976e-df809e50ca4f,4endshop_7673732512627985173_20260814-190752.jsonl,1786718475917,ask_size_fit,neutral,0.7,False,konfirmasi oversize
comment_000502,logo Spiderman yg kk pake blh jga tuh,81d1cdd2-dd39-4c12-976e-df809e50ca4f,4endshop_7673732512627985173_20260814-190752.jsonl,1786718543530,ask_detail,neutral,0.7,False,minta lihat logo spiderman yang dipakai
comment_000503,bahan apa kk,81d1cdd2-dd39-4c12-976e-df809e50ca4f,4endshop_7673732512627985173_20260814-190752.jsonl,1786718551136,ask_detail,neutral,0.85,False,tanya bahan
comment_000504,Yg best seler untuk Cowo eta brp kak,81d1cdd2-dd39-4c12-976e-df809e50ca4f,4endshop_7673732512627985173_20260814-190752.jsonl,1786718572288,ask_stock,neutral,0.7,False,minta rekomendasi etalase untuk cowo
comment_000505,kain apa kk,81d1cdd2-dd39-4c12-976e-df809e50ca4f,4endshop_7673732512627985173_20260814-190752.jsonl,1786718608809,ask_detail,neutral,0.85,False,tanya kain
comment_000506,kk pake uk apa,81d1cdd2-dd39-4c12-976e-df809e50ca4f,4endshop_7673732512627985173_20260814-190752.jsonl,1786718636638,ask_size_fit,neutral,0.75,False,tanya ukuran yang dipakai host
comment_000508,buat couple bgs mana kak,81d1cdd2-dd39-4c12-976e-df809e50ca4f,4endshop_7673732512627985173_20260814-190752.jsonl,1786718728655,ask_stock,neutral,0.6,False,minta rekomendasi produk couple
comment_000509,"kk ade ku nanya,ad baju tenong tenong nya g",81d1cdd2-dd39-4c12-976e-df809e50ca4f,4endshop_7673732512627985173_20260814-190752.jsonl,1786718777194,ask_stock,neutral,0.75,False,tanya ketersediaan baju tenong
comment_000510,ga bisa cod,81d1cdd2-dd39-4c12-976e-df809e50ca4f,4endshop_7673732512627985173_20260814-190752.jsonl,1786718778369,ask_price,neutral,0.6,False,konfirmasi metode bayar COD
comment_000511,Kak eta 2 lihat donk,81d1cdd2-dd39-4c12-976e-df809e50ca4f,4endshop_7673732512627985173_20260814-190752.jsonl,1786718778894,ask_detail,neutral,0.65,False,minta lihat etalase 2
comment_000512,nah gini aman akhirnya 😎😎😎,81d1cdd2-dd39-4c12-976e-df809e50ca4f,4endshop_7673732512627985173_20260814-190752.jsonl,1786718786309,other,positive,0.7,False,obrolan lega
comment_000513,baju Ultraman,81d1cdd2-dd39-4c12-976e-df809e50ca4f,4endshop_7673732512627985173_20260814-190752.jsonl,1786718801531,ask_stock,neutral,0.6,False,minta produk baju Ultraman
comment_000514,itu yng di pake ukuran apa mbak,81d1cdd2-dd39-4c12-976e-df809e50ca4f,4endshop_7673732512627985173_20260814-190752.jsonl,1786718847213,ask_size_fit,neutral,0.75,False,tanya ukuran yang dipakai
comment_000515,"4END kaosnya tebel dan keren² ,udh 5x beli dsini gak nyesel 👍🏻",81d1cdd2-dd39-4c12-976e-df809e50ca4f,4endshop_7673732512627985173_20260814-190752.jsonl,1786718848123,other,positive,0.8,False,testimoni tebal keren tidak nyesel
comment_000516,baju jepang,81d1cdd2-dd39-4c12-976e-df809e50ca4f,4endshop_7673732512627985173_20260814-190752.jsonl,1786718851989,ask_stock,neutral,0.6,False,minta produk baju jepang
comment_000517,kalo buat dipake jogging enak ga,81d1cdd2-dd39-4c12-976e-df809e50ca4f,4endshop_7673732512627985173_20260814-190752.jsonl,1786718853692,ask_detail,neutral,0.6,False,tanya cocok untuk jogging
comment_000518,mau xxl,81d1cdd2-dd39-4c12-976e-df809e50ca4f,4endshop_7673732512627985173_20260814-190752.jsonl,1786718882859,purchase_intent,neutral,0.55,True,mau ukuran XXL (ambigu)
comment_000519,tb 155 pendek bgt😭,81d1cdd2-dd39-4c12-976e-df809e50ca4f,4endshop_7673732512627985173_20260814-190752.jsonl,1786718893685,ask_measurement,neutral,0.7,False,sebut TB saja
comment_000520,Udh co eta 3,81d1cdd2-dd39-4c12-976e-df809e50ca4f,4endshop_7673732512627985173_20260814-190752.jsonl,1786718908596,purchase_intent,neutral,0.85,False,sudah checkout etalase 3
comment_000521,always bintang 5 kak 👍🏻,81d1cdd2-dd39-4c12-976e-df809e50ca4f,4endshop_7673732512627985173_20260814-190752.jsonl,1786718920585,other,positive,0.7,False,pujian selalu bintang 5
comment_000522,Spil baju Spiderman,81d1cdd2-dd39-4c12-976e-df809e50ca4f,4endshop_7673732512627985173_20260814-190752.jsonl,1786718962721,ask_detail,neutral,0.85,False,spil baju Spiderman
comment_000523,bb47 TB 157,81d1cdd2-dd39-4c12-976e-df809e50ca4f,4endshop_7673732512627985173_20260814-190752.jsonl,1786718998891,ask_measurement,neutral,0.9,False,BB/TB saja
comment_000524,itu ukuran berapa y kk,81d1cdd2-dd39-4c12-976e-df809e50ca4f,4endshop_7673732512627985173_20260814-190752.jsonl,1786719023094,ask_size_fit,neutral,0.75,False,tanya ukuran yang ditunjuk
comment_000525,34,81d1cdd2-dd39-4c12-976e-df809e50ca4f,4endshop_7673732512627985173_20260814-190752.jsonl,1786719104550,noise,neutral,0.4,True,hanya angka 34
comment_000526,spil eta 1 bb 45 tb 158 pke uk brp kk,81d1cdd2-dd39-4c12-976e-df809e50ca4f,4endshop_7673732512627985173_20260814-190752.jsonl,1786719118679,ask_measurement,neutral,0.8,False,BB/TB + tanya ukuran
comment_000527,yang dipake eta brp,81d1cdd2-dd39-4c12-976e-df809e50ca4f,4endshop_7673732512627985173_20260814-190752.jsonl,1786719134519,ask_stock,neutral,0.8,False,tanya etalase yang dipakai
comment_000528,etalase 18,81d1cdd2-dd39-4c12-976e-df809e50ca4f,4endshop_7673732512627985173_20260814-190752.jsonl,1786719181592,ask_stock,neutral,0.85,False,sebut etalase 18
comment_000529,spil belakang eta 3,81d1cdd2-dd39-4c12-976e-df809e50ca4f,4endshop_7673732512627985173_20260814-190752.jsonl,1786719211557,ask_detail,neutral,0.85,False,spil belakang etalase 3
comment_000530,lihat belakang nya kk yg kak pakai,81d1cdd2-dd39-4c12-976e-df809e50ca4f,4endshop_7673732512627985173_20260814-190752.jsonl,1786719212561,ask_detail,neutral,0.8,False,minta lihat belakang yang dipakai
comment_000531,cek laba2 dua warna,81d1cdd2-dd39-4c12-976e-df809e50ca4f,4endshop_7673732512627985173_20260814-190752.jsonl,1786719230860,ask_detail,neutral,0.7,False,minta lihat produk laba2 dua warna
comment_000532,BB 70 UK apa kk,81d1cdd2-dd39-4c12-976e-df809e50ca4f,4endshop_7673732512627985173_20260814-190752.jsonl,1786719246937,ask_measurement,neutral,0.9,False,BB + tanya UK
comment_000533,uk m bsar bgt ga kk,81d1cdd2-dd39-4c12-976e-df809e50ca4f,4endshop_7673732512627985173_20260814-190752.jsonl,1786719252915,ask_size_fit,neutral,0.7,False,tanya ukuran M besar atau tidak
comment_000534,spil kaos ul L,81d1cdd2-dd39-4c12-976e-df809e50ca4f,4endshop_7673732512627985173_20260814-190752.jsonl,1786719266041,ask_detail,neutral,0.85,False,spil kaos Ultraman L
comment_000535,"ka ini gimana ya kaos spiderman nya ko belum nyampe"", minggu mau dipake nonton soalnya ka udh lama",81d1cdd2-dd39-4c12-976e-df809e50ca4f,4endshop_7673732512627985173_20260814-190752.jsonl,1786719311750,other,negative,0.7,False,keluhan pesanan spiderman belum sampai
comment_000536,buat cowo uk M ga masuk berarti,81d1cdd2-dd39-4c12-976e-df809e50ca4f,4endshop_7673732512627985173_20260814-190752.jsonl,1786719361507,ask_size_fit,neutral,0.7,False,fit ukuran M untuk cowo
comment_000537,bingung mau ambil m atau s kk,81d1cdd2-dd39-4c12-976e-df809e50ca4f,4endshop_7673732512627985173_20260814-190752.jsonl,1786719403794,ask_size_fit,neutral,0.75,False,bingung pilih ukuran M atau S
comment_000538,spil uk L,81d1cdd2-dd39-4c12-976e-df809e50ca4f,4endshop_7673732512627985173_20260814-190752.jsonl,1786719415725,ask_detail,neutral,0.85,False,spil ukuran L
comment_000539,pingin tau kualitas sablon  kk,81d1cdd2-dd39-4c12-976e-df809e50ca4f,4endshop_7673732512627985173_20260814-190752.jsonl,1786719420959,ask_detail,neutral,0.8,False,tanya kualitas sablon
comment_000540,aduh gemes goyang nya,81d1cdd2-dd39-4c12-976e-df809e50ca4f,4endshop_7673732512627985173_20260814-190752.jsonl,1786719424150,other,positive,0.7,False,obrolan gemas lihat host
comment_000541,klo buat nongkrong bagus nya yg mana ya,81d1cdd2-dd39-4c12-976e-df809e50ca4f,4endshop_7673732512627985173_20260814-190752.jsonl,1786719443584,ask_stock,neutral,0.6,False,minta rekomendasi produk untuk nongkrong
comment_000542,L yg mana,81d1cdd2-dd39-4c12-976e-df809e50ca4f,4endshop_7673732512627985173_20260814-190752.jsonl,1786719451406,ask_size_fit,neutral,0.65,False,tanya ukuran L yang mana
comment_000543,kurang suka,81d1cdd2-dd39-4c12-976e-df809e50ca4f,4endshop_7673732512627985173_20260814-190752.jsonl,1786719497857,other,negative,0.5,True,opini singkat kurang suka
comment_000544,bahan apa kaa,81d1cdd2-dd39-4c12-976e-df809e50ca4f,4endshop_7673732512627985173_20260814-190752.jsonl,1786719516299,ask_detail,neutral,0.85,False,tanya bahan
comment_000545,kak BB 60 TB 187 ukuran apa yang cocok.,81d1cdd2-dd39-4c12-976e-df809e50ca4f,4endshop_7673732512627985173_20260814-190752.jsonl,1786719516271,ask_measurement,neutral,0.9,False,BB/TB + tanya ukuran cocok
comment_000546,ya sayang,81d1cdd2-dd39-4c12-976e-df809e50ca4f,4endshop_7673732512627985173_20260814-190752.jsonl,1786719553049,other,neutral,0.5,True,balasan singkat ambigu
comment_000548,serem itu kak,81d1cdd2-dd39-4c12-976e-df809e50ca4f,4endshop_7673732512627985173_20260814-190752.jsonl,1786719576765,other,neutral,0.5,True,opini singkat seram
comment_000549,bahan apa ya resap keringat kh,81d1cdd2-dd39-4c12-976e-df809e50ca4f,4endshop_7673732512627985173_20260814-190752.jsonl,1786719579957,ask_detail,neutral,0.8,False,tanya bahan menyerap keringat
comment_000550,cek one piece kak,81d1cdd2-dd39-4c12-976e-df809e50ca4f,4endshop_7673732512627985173_20260814-190752.jsonl,1786719583126,ask_detail,neutral,0.7,False,minta lihat produk one piece
comment_000551,Bb 85 pake ukuran apa kak?,81d1cdd2-dd39-4c12-976e-df809e50ca4f,4endshop_7673732512627985173_20260814-190752.jsonl,1786719589905,ask_measurement,neutral,0.9,False,BB + tanya ukuran
comment_000552,BB 68 ukuran apa kak?,81d1cdd2-dd39-4c12-976e-df809e50ca4f,4endshop_7673732512627985173_20260814-190752.jsonl,1786719706995,ask_measurement,neutral,0.9,False,BB + tanya ukuran
comment_000553,et 2 ka,81d1cdd2-dd39-4c12-976e-df809e50ca4f,4endshop_7673732512627985173_20260814-190752.jsonl,1786719728717,ask_stock,neutral,0.85,False,sebut etalase 2
comment_000554,bb 78,81d1cdd2-dd39-4c12-976e-df809e50ca4f,4endshop_7673732512627985173_20260814-190752.jsonl,1786719761929,ask_measurement,neutral,0.6,False,sebut BB
comment_000555,UK XXL panjangnya brpa kak??,81d1cdd2-dd39-4c12-976e-df809e50ca4f,4endshop_7673732512627985173_20260814-190752.jsonl,1786719826605,ask_measurement,neutral,0.75,False,tanya panjang ukuran XXL
comment_000556,Bahan apa ini ka,81d1cdd2-dd39-4c12-976e-df809e50ca4f,4endshop_7673732512627985173_20260814-190752.jsonl,1786719890178,ask_detail,neutral,0.85,False,tanya bahan
comment_000557,Hai sayang,81d1cdd2-dd39-4c12-976e-df809e50ca4f,4endshop_7673732512627985173_20260814-190752.jsonl,1786719931931,other,neutral,0.6,False,sapaan sayang
comment_000558,55 kak,81d1cdd2-dd39-4c12-976e-df809e50ca4f,4endshop_7673732512627985173_20260814-190752.jsonl,1786719958453,ask_measurement,neutral,0.5,True,angka 55 tanpa konteks (BB?)
comment_000560,etalase,81d1cdd2-dd39-4c12-976e-df809e50ca4f,4endshop_7673732512627985173_20260814-190752.jsonl,1786719983962,ask_stock,neutral,0.5,True,kata tunggal etalase tanpa nomor
comment_000561,bisa tapi jangan angkat kelek ya belum mandi 🤪🤪,81d1cdd2-dd39-4c12-976e-df809e50ca4f,4endshop_7673732512627985173_20260814-190752.jsonl,1786719997420,other,neutral,0.7,False,obrolan belum mandi
comment_000562,bb 60 pakai size berapa yaa ...,81d1cdd2-dd39-4c12-976e-df809e50ca4f,4endshop_7673732512627985173_20260814-190752.jsonl,1786720024440,ask_measurement,neutral,0.85,False,BB + tanya size
comment_000563,paling cuci muka aja 🤪🤪,81d1cdd2-dd39-4c12-976e-df809e50ca4f,4endshop_7673732512627985173_20260814-190752.jsonl,1786720048150,other,neutral,0.6,False,obrolan
comment_000564,UK XL dri BB berapa kk,81d1cdd2-dd39-4c12-976e-df809e50ca4f,4endshop_7673732512627985173_20260814-190752.jsonl,1786720049546,ask_measurement,neutral,0.8,False,tanya BB untuk ukuran XL
comment_000565,bub 63/167 cwe tapi pengen pres body size mana,81d1cdd2-dd39-4c12-976e-df809e50ca4f,4endshop_7673732512627985173_20260814-190752.jsonl,1786720064300,ask_measurement,neutral,0.85,False,BB/TB + tanya size body
comment_000566,perut ku buncit tapi ngga buncit banget nggak gndut juga,81d1cdd2-dd39-4c12-976e-df809e50ca4f,4endshop_7673732512627985173_20260814-190752.jsonl,1786720080109,ask_measurement,neutral,0.6,False,deskripsi kondisi tubuh
comment_000567,bub liat komenku,81d1cdd2-dd39-4c12-976e-df809e50ca4f,4endshop_7673732512627985173_20260814-190752.jsonl,1786720103093,other,neutral,0.6,False,minta admin lihat komentar
comment_000568,@mellia XL KAK,81d1cdd2-dd39-4c12-976e-df809e50ca4f,4endshop_7673732512627985173_20260814-190752.jsonl,1786720123669,ask_size_fit,neutral,0.55,True,balasan singkat soal XL (ambigu)
comment_000569,🤣🤣🤣,81d1cdd2-dd39-4c12-976e-df809e50ca4f,4endshop_7673732512627985173_20260814-190752.jsonl,1786720146149,noise,neutral,0.6,True,hanya emoji
comment_000570,@♒MATI_RASA♒ kgedean😭😭,81d1cdd2-dd39-4c12-976e-df809e50ca4f,4endshop_7673732512627985173_20260814-190752.jsonl,1786720162301,ask_size_fit,neutral,0.7,False,keluhan ukuran kegedean
comment_000571,liat yang spderman ya ka bandingin L-XL,81d1cdd2-dd39-4c12-976e-df809e50ca4f,4endshop_7673732512627985173_20260814-190752.jsonl,1786720176554,ask_detail,neutral,0.75,False,minta lihat perbandingan L-XL spiderman
comment_000572,bb 83,81d1cdd2-dd39-4c12-976e-df809e50ca4f,4endshop_7673732512627985173_20260814-190752.jsonl,1786720176961,ask_measurement,neutral,0.6,False,sebut BB
comment_000573,klo harga normal nya brapa ka,81d1cdd2-dd39-4c12-976e-df809e50ca4f,4endshop_7673732512627985173_20260814-190752.jsonl,1786720177484,ask_price,neutral,0.8,False,tanya harga normal
comment_000575,ka di aku bnern harga 32 ribu😭😭,81d1cdd2-dd39-4c12-976e-df809e50ca4f,4endshop_7673732512627985173_20260814-190752.jsonl,1786720209225,ask_price,neutral,0.7,False,konfirmasi harga 32 ribu
comment_000576,efek lihat orang belum mandi 🤣🤣,81d1cdd2-dd39-4c12-976e-df809e50ca4f,4endshop_7673732512627985173_20260814-190752.jsonl,1786720228143,other,neutral,0.6,False,obrolan
comment_000577,klo bb 57,81d1cdd2-dd39-4c12-976e-df809e50ca4f,4endshop_7673732512627985173_20260814-190752.jsonl,1786720244249,ask_measurement,neutral,0.6,False,sebut BB 57
comment_000578,kk akun tiktok kk apa,81d1cdd2-dd39-4c12-976e-df809e50ca4f,4endshop_7673732512627985173_20260814-190752.jsonl,1786720252536,other,neutral,0.6,False,tanya akun TikTok host
comment_000579,"biar belum mandi, ga kecium juga",81d1cdd2-dd39-4c12-976e-df809e50ca4f,4endshop_7673732512627985173_20260814-190752.jsonl,1786720275266,other,neutral,0.6,False,obrolan
comment_000580,🤪🤪🤪,81d1cdd2-dd39-4c12-976e-df809e50ca4f,4endshop_7673732512627985173_20260814-190752.jsonl,1786720282913,noise,neutral,0.6,True,hanya emoji
comment_000581,masak ya belom mandi,81d1cdd2-dd39-4c12-976e-df809e50ca4f,4endshop_7673732512627985173_20260814-190752.jsonl,1786720295356,other,neutral,0.6,False,obrolan
comment_000582,"alhamdulillah ga promosi akun, jadi sedikit polisi tidurnya 🤪🤪",81d1cdd2-dd39-4c12-976e-df809e50ca4f,4endshop_7673732512627985173_20260814-190752.jsonl,1786720305815,other,neutral,0.6,False,obrolan promosi akun
comment_000583,nah kan pengakuan belum mandi 🤪🤪🤪,81d1cdd2-dd39-4c12-976e-df809e50ca4f,4endshop_7673732512627985173_20260814-190752.jsonl,1786720323382,other,neutral,0.6,False,obrolan
comment_000584,yang di pake etalase berapa,81d1cdd2-dd39-4c12-976e-df809e50ca4f,4endshop_7673732512627985173_20260814-190752.jsonl,1786720329824,ask_stock,neutral,0.8,False,tanya etalase yang dipakai
comment_000585,akun pribadi kak,81d1cdd2-dd39-4c12-976e-df809e50ca4f,4endshop_7673732512627985173_20260814-190752.jsonl,1786720347481,other,neutral,0.6,False,informasi akun pribadi
comment_000586,etalase 37 bisa di Spil KK?,81d1cdd2-dd39-4c12-976e-df809e50ca4f,4endshop_7673732512627985173_20260814-190752.jsonl,1786720373933,ask_detail,neutral,0.8,False,minta spill etalase 37
comment_000587,liat belakangnya lagi,81d1cdd2-dd39-4c12-976e-df809e50ca4f,4endshop_7673732512627985173_20260814-190752.jsonl,1786720376873,ask_detail,neutral,0.75,False,minta lihat belakang lagi
comment_000588,size s bb brp ka,81d1cdd2-dd39-4c12-976e-df809e50ca4f,4endshop_7673732512627985173_20260814-190752.jsonl,1786720390812,ask_measurement,neutral,0.8,False,tanya BB untuk size S
comment_000589,kk untuk BB 58,81d1cdd2-dd39-4c12-976e-df809e50ca4f,4endshop_7673732512627985173_20260814-190752.jsonl,1786720400235,ask_measurement,neutral,0.7,False,sebut BB 58
comment_000590,logo bmth anjay,81d1cdd2-dd39-4c12-976e-df809e50ca4f,4endshop_7673732512627985173_20260814-190752.jsonl,1786720415167,other,neutral,0.5,True,komentar logo BMTH singkat
comment_000591,bb 73 tb 173,81d1cdd2-dd39-4c12-976e-df809e50ca4f,4endshop_7673732512627985173_20260814-190752.jsonl,1786720460608,ask_measurement,neutral,0.9,False,BB/TB saja
comment_000592,KK lihat UK L sama XL nya,81d1cdd2-dd39-4c12-976e-df809e50ca4f,4endshop_7673732512627985173_20260814-190752.jsonl,1786720467640,ask_detail,neutral,0.75,False,minta lihat ukuran L dan XL
comment_000593,Spil et 22,81d1cdd2-dd39-4c12-976e-df809e50ca4f,4endshop_7673732512627985173_20260814-190752.jsonl,1786720471613,ask_detail,neutral,0.85,False,spil etalase 22
comment_000594,Et 22,81d1cdd2-dd39-4c12-976e-df809e50ca4f,4endshop_7673732512627985173_20260814-190752.jsonl,1786720480979,ask_stock,neutral,0.85,False,sebut etalase 22
comment_000595,spil gambar blkang baju nya kak,81d1cdd2-dd39-4c12-976e-df809e50ca4f,4endshop_7673732512627985173_20260814-190752.jsonl,1786720583516,ask_detail,neutral,0.85,False,spil gambar belakang baju
comment_000596,kak gimana caranya kalo mau beli 4 pcs gratis ongkir??,81d1cdd2-dd39-4c12-976e-df809e50ca4f,4endshop_7673732512627985173_20260814-190752.jsonl,1786720589991,ask_price,neutral,0.7,False,tanya syarat promo gratis ongkir
comment_000597,bahan baju nya apa ka?,81d1cdd2-dd39-4c12-976e-df809e50ca4f,4endshop_7673732512627985173_20260814-190752.jsonl,1786720608041,ask_detail,neutral,0.85,False,tanya bahan baju
comment_000598,@Firman✨ hahahha,81d1cdd2-dd39-4c12-976e-df809e50ca4f,4endshop_7673732512627985173_20260814-190752.jsonl,1786720610122,other,neutral,0.6,False,obrolan ketawa
comment_000599,Yg di pake et brpa,81d1cdd2-dd39-4c12-976e-df809e50ca4f,4endshop_7673732512627985173_20260814-190752.jsonl,1786720634028,ask_stock,neutral,0.8,False,tanya etalase yang dipakai
comment_000600,bahan baju nya apa kak?,81d1cdd2-dd39-4c12-976e-df809e50ca4f,4endshop_7673732512627985173_20260814-190752.jsonl,1786720664398,ask_detail,neutral,0.85,False,tanya bahan baju
comment_000601,kk bb 130 bisa gak eta nmr satu,81d1cdd2-dd39-4c12-976e-df809e50ca4f,4endshop_7673732512627985173_20260814-190752.jsonl,1786720734098,ask_measurement,neutral,0.7,False,BB 130 + fit etalase 1
comment_000602,bb 50 tb 168 size apa ka,81d1cdd2-dd39-4c12-976e-df809e50ca4f,4endshop_7673732512627985173_20260814-190752.jsonl,1786720755188,ask_measurement,neutral,0.9,False,BB/TB + tanya size
comment_000603,perut buncit bisa gak kk,81d1cdd2-dd39-4c12-976e-df809e50ca4f,4endshop_7673732512627985173_20260814-190752.jsonl,1786720777910,ask_size_fit,neutral,0.6,False,tanya fit untuk perut buncit
comment_000604,"jangan malam ini cantik, rahasia ga mandi ya 🤪🤪",81d1cdd2-dd39-4c12-976e-df809e50ca4f,4endshop_7673732512627985173_20260814-190752.jsonl,1786720789723,other,neutral,0.6,False,obrolan
comment_000605,"@Nur Asiah Siregar bisa kak, ld berapa",81d1cdd2-dd39-4c12-976e-df809e50ca4f,4endshop_7673732512627985173_20260814-190752.jsonl,1786720803157,ask_measurement,neutral,0.8,False,tanya LD
comment_000606,lihat kk xxxl,81d1cdd2-dd39-4c12-976e-df809e50ca4f,4endshop_7673732512627985173_20260814-190752.jsonl,1786720808825,ask_detail,neutral,0.7,False,minta lihat XXXL
comment_000607,eta nmr satu,81d1cdd2-dd39-4c12-976e-df809e50ca4f,4endshop_7673732512627985173_20260814-190752.jsonl,1786720815856,ask_stock,neutral,0.85,False,sebut etalase 1
comment_000608,@Nur Asiah Siregar biasa ld 120 kak,81d1cdd2-dd39-4c12-976e-df809e50ca4f,4endshop_7673732512627985173_20260814-190752.jsonl,1786720835588,ask_measurement,neutral,0.7,False,sebut LD 120
comment_000610,lihat 120 kk,81d1cdd2-dd39-4c12-976e-df809e50ca4f,4endshop_7673732512627985173_20260814-190752.jsonl,1786720849844,ask_measurement,neutral,0.55,True,lihat LD 120 (ambigu)
comment_000611,@Nur Asiah Siregar ld 120 kak,81d1cdd2-dd39-4c12-976e-df809e50ca4f,4endshop_7673732512627985173_20260814-190752.jsonl,1786720877114,ask_measurement,neutral,0.7,False,sebut LD 120
comment_000612,BB 87 size apa kah..?,81d1cdd2-dd39-4c12-976e-df809e50ca4f,4endshop_7673732512627985173_20260814-190752.jsonl,1786720882241,ask_measurement,neutral,0.9,False,BB + tanya size
comment_000613,katun kombinasi itu apa,81d1cdd2-dd39-4c12-976e-df809e50ca4f,4endshop_7673732512627985173_20260814-190752.jsonl,1786720886440,ask_detail,neutral,0.8,False,tanya arti katun kombinasi
comment_000614,"sabar sayang, setengah jam lagi",81d1cdd2-dd39-4c12-976e-df809e50ca4f,4endshop_7673732512627985173_20260814-190752.jsonl,1786720893025,other,neutral,0.6,False,obrolan
comment_000615,@Fullmoonfolks itu bahan bajunya kak,81d1cdd2-dd39-4c12-976e-df809e50ca4f,4endshop_7673732512627985173_20260814-190752.jsonl,1786720902557,ask_detail,neutral,0.7,False,tanya bahan baju yang ditunjuk
comment_000616,oke kak,81d1cdd2-dd39-4c12-976e-df809e50ca4f,4endshop_7673732512627985173_20260814-190752.jsonl,1786720926489,other,neutral,0.5,True,balasan singkat ambigu
comment_000617,bb 100,81d1cdd2-dd39-4c12-976e-df809e50ca4f,4endshop_7673732512627985173_20260814-190752.jsonl,1786720953953,ask_measurement,neutral,0.6,False,sebut BB
comment_000618,kk bb 75,81d1cdd2-dd39-4c12-976e-df809e50ca4f,4endshop_7673732512627985173_20260814-190752.jsonl,1786720970411,ask_measurement,neutral,0.6,False,sebut BB
comment_000619,aku Uda co kk,81d1cdd2-dd39-4c12-976e-df809e50ca4f,4endshop_7673732512627985173_20260814-190752.jsonl,1786720996564,purchase_intent,neutral,0.85,False,sudah checkout
comment_000620,Yg dipake size apa kk,81d1cdd2-dd39-4c12-976e-df809e50ca4f,4endshop_7673732512627985173_20260814-190752.jsonl,1786721053284,ask_size_fit,neutral,0.75,False,tanya size yang dipakai
comment_000621,paling besar ukuran apa kakk yg di pake,81d1cdd2-dd39-4c12-976e-df809e50ca4f,4endshop_7673732512627985173_20260814-190752.jsonl,1786721097794,ask_size_fit,neutral,0.75,False,tanya ukuran paling besar yang dipakai
comment_000622,Bb 55,81d1cdd2-dd39-4c12-976e-df809e50ca4f,4endshop_7673732512627985173_20260814-190752.jsonl,1786721098783,ask_measurement,neutral,0.6,False,sebut BB
comment_000623,keranjang 20 BB 55,81d1cdd2-dd39-4c12-976e-df809e50ca4f,4endshop_7673732512627985173_20260814-190752.jsonl,1786721104762,ask_measurement,neutral,0.75,False,BB + sebut keranjang 20
comment_000624,bahannya melar ga kak??,81d1cdd2-dd39-4c12-976e-df809e50ca4f,4endshop_7673732512627985173_20260814-190752.jsonl,1786721127961,ask_detail,neutral,0.8,False,tanya bahan melar atau tidak
comment_000625,yg kakak pakek coba liat gambar belakang,81d1cdd2-dd39-4c12-976e-df809e50ca4f,4endshop_7673732512627985173_20260814-190752.jsonl,1786721149135,ask_detail,neutral,0.8,False,minta lihat gambar belakang
comment_000626,yg dipake boleh Spil gambar belakang,81d1cdd2-dd39-4c12-976e-df809e50ca4f,4endshop_7673732512627985173_20260814-190752.jsonl,1786721176684,ask_detail,neutral,0.8,False,spil gambar belakang yang dipakai
comment_000627,itu size apa,81d1cdd2-dd39-4c12-976e-df809e50ca4f,4endshop_7673732512627985173_20260814-190752.jsonl,1786721196861,ask_size_fit,neutral,0.7,False,tanya size yang ditunjuk
comment_000628,bb 65,81d1cdd2-dd39-4c12-976e-df809e50ca4f,4endshop_7673732512627985173_20260814-190752.jsonl,1786721256146,ask_measurement,neutral,0.6,False,sebut BB
comment_000629,malam kak,81d1cdd2-dd39-4c12-976e-df809e50ca4f,4endshop_7673732512627985173_20260814-190752.jsonl,1786721257700,other,neutral,0.5,True,sapaan singkat ambigu
comment_000630,bb 65 163,81d1cdd2-dd39-4c12-976e-df809e50ca4f,4endshop_7673732512627985173_20260814-190752.jsonl,1786721267430,ask_measurement,neutral,0.85,False,BB/TB saja
comment_000631,yg dipake etlse brp,81d1cdd2-dd39-4c12-976e-df809e50ca4f,4endshop_7673732512627985173_20260814-190752.jsonl,1786721287624,ask_stock,neutral,0.8,False,tanya etalase yang dipakai
comment_000632,yg kk pake et brp,81d1cdd2-dd39-4c12-976e-df809e50ca4f,4endshop_7673732512627985173_20260814-190752.jsonl,1786721296829,ask_stock,neutral,0.8,False,tanya etalase yang dipakai
comment_000633,liat eta 1,81d1cdd2-dd39-4c12-976e-df809e50ca4f,4endshop_7673732512627985173_20260814-190752.jsonl,1786721384110,ask_detail,neutral,0.7,False,minta lihat etalase 1
comment_000634,kk cntk,81d1cdd2-dd39-4c12-976e-df809e50ca4f,4endshop_7673732512627985173_20260814-190752.jsonl,1786721389043,other,positive,0.6,False,pujian singkat cantik
comment_000635,kk eta 3 kk,81d1cdd2-dd39-4c12-976e-df809e50ca4f,4endshop_7673732512627985173_20260814-190752.jsonl,1786721419383,ask_stock,neutral,0.85,False,sebut etalase 3
comment_000636,uk ap itu yg cth?,81d1cdd2-dd39-4c12-976e-df809e50ca4f,4endshop_7673732512627985173_20260814-190752.jsonl,1786721452037,ask_size_fit,neutral,0.7,False,tanya ukuran yang dicontohkan
comment_000637,liat eta 90 kk,81d1cdd2-dd39-4c12-976e-df809e50ca4f,4endshop_7673732512627985173_20260814-190752.jsonl,1786721478179,ask_detail,neutral,0.7,False,minta lihat etalase 90
comment_000638,spil et 17 ka,81d1cdd2-dd39-4c12-976e-df809e50ca4f,4endshop_7673732512627985173_20260814-190752.jsonl,1786721486179,ask_detail,neutral,0.85,False,spil etalase 17
comment_000639,eta 2 kk,81d1cdd2-dd39-4c12-976e-df809e50ca4f,4endshop_7673732512627985173_20260814-190752.jsonl,1786721498248,ask_stock,neutral,0.85,False,sebut etalase 2
comment_000640,bb 62 size apa,81d1cdd2-dd39-4c12-976e-df809e50ca4f,4endshop_7673732512627985173_20260814-190752.jsonl,1786721536793,ask_measurement,neutral,0.9,False,BB + tanya size
comment_000641,coba lihat depan nya,81d1cdd2-dd39-4c12-976e-df809e50ca4f,4endshop_7673732512627985173_20260814-190752.jsonl,1786721599326,ask_detail,neutral,0.75,False,minta lihat bagian depan
comment_000643,bb 55 pake uk apa tpi yg agak longgar,81d1cdd2-dd39-4c12-976e-df809e50ca4f,4endshop_7673732512627985173_20260814-190752.jsonl,1786721613436,ask_measurement,neutral,0.8,False,BB + tanya ukuran longgar
comment_000644,coba lihat depan belakang nya,81d1cdd2-dd39-4c12-976e-df809e50ca4f,4endshop_7673732512627985173_20260814-190752.jsonl,1786721628328,ask_detail,neutral,0.75,False,minta lihat depan belakang
comment_000645,ooooh,81d1cdd2-dd39-4c12-976e-df809e50ca4f,4endshop_7673732512627985173_20260814-190752.jsonl,1786721645339,noise,neutral,0.5,True,interjeksi tanpa makna
comment_000646,itu yg dipegang ukuran berapa,81d1cdd2-dd39-4c12-976e-df809e50ca4f,4endshop_7673732512627985173_20260814-190752.jsonl,1786721670506,ask_size_fit,neutral,0.75,False,tanya ukuran yang dipegang
comment_000647,coba pegang lagi kak,81d1cdd2-dd39-4c12-976e-df809e50ca4f,4endshop_7673732512627985173_20260814-190752.jsonl,1786721696964,ask_detail,neutral,0.6,False,minta pegang produk lagi untuk lihat
comment_000648,kak lihat et 22,81d1cdd2-dd39-4c12-976e-df809e50ca4f,4endshop_7673732512627985173_20260814-190752.jsonl,1786721707616,ask_detail,neutral,0.7,False,minta lihat etalase 22
comment_000649,yg dipake etalase brapa kak,81d1cdd2-dd39-4c12-976e-df809e50ca4f,4endshop_7673732512627985173_20260814-190752.jsonl,1786721720539,ask_stock,neutral,0.8,False,tanya etalase yang dipakai
comment_000650,aku udah co kk,81d1cdd2-dd39-4c12-976e-df809e50ca4f,4endshop_7673732512627985173_20260814-190752.jsonl,1786721743321,purchase_intent,neutral,0.85,False,sudah checkout
comment_000651,eta 68,81d1cdd2-dd39-4c12-976e-df809e50ca4f,4endshop_7673732512627985173_20260814-190752.jsonl,1786721746860,ask_stock,neutral,0.85,False,sebut etalase 68
comment_000652,udah mw sampai,81d1cdd2-dd39-4c12-976e-df809e50ca4f,4endshop_7673732512627985173_20260814-190752.jsonl,1786721749994,other,neutral,0.6,False,info pesanan mau sampai
comment_000653,L ld brp kk,81d1cdd2-dd39-4c12-976e-df809e50ca4f,4endshop_7673732512627985173_20260814-190752.jsonl,1786721750688,ask_measurement,neutral,0.9,False,tanya LD size L
comment_000654,kak Iki cwo cwe kah?😅,81d1cdd2-dd39-4c12-976e-df809e50ca4f,4endshop_7673732512627985173_20260814-190752.jsonl,1786721751556,ask_detail,neutral,0.6,False,tanya produk untuk cowo atau cewe
comment_000657,Spil etalase 6 kak,81d1cdd2-dd39-4c12-976e-df809e50ca4f,4endshop_7673732512627985173_20260814-190752.jsonl,1786721789909,ask_detail,neutral,0.85,False,spil etalase 6
comment_000658,aku udah co et 22,81d1cdd2-dd39-4c12-976e-df809e50ca4f,4endshop_7673732512627985173_20260814-190752.jsonl,1786721806369,purchase_intent,neutral,0.85,False,sudah checkout etalase 22
comment_000659,kak mau tanya kalau BB 79? apa XL atau XXL,81d1cdd2-dd39-4c12-976e-df809e50ca4f,4endshop_7673732512627985173_20260814-190752.jsonl,1786721842683,ask_measurement,neutral,0.85,False,BB + tanya XL atau XXL
comment_000660,udah co aku kk..coba cek,81d1cdd2-dd39-4c12-976e-df809e50ca4f,4endshop_7673732512627985173_20260814-190752.jsonl,1786721851763,purchase_intent,neutral,0.85,False,sudah checkout minta dicek
comment_000661,aku bb 75 aku ambil xl bener gak,81d1cdd2-dd39-4c12-976e-df809e50ca4f,4endshop_7673732512627985173_20260814-190752.jsonl,1786721870480,ask_measurement,neutral,0.75,False,BB + konfirmasi ukuran XL
comment_000662,bb 62 M bisa?,81d1cdd2-dd39-4c12-976e-df809e50ca4f,4endshop_7673732512627985173_20260814-190752.jsonl,1786721871901,ask_measurement,neutral,0.75,False,BB + tanya M bisa atau tidak
comment_000663,udh co L,81d1cdd2-dd39-4c12-976e-df809e50ca4f,4endshop_7673732512627985173_20260814-190752.jsonl,1786722014566,purchase_intent,neutral,0.85,False,sudah checkout L
comment_000664,punya aku udah co 4 pcs kan kak,81d1cdd2-dd39-4c12-976e-df809e50ca4f,4endshop_7673732512627985173_20260814-190752.jsonl,1786722069548,purchase_intent,neutral,0.85,False,sudah checkout 4 pcs
comment_000665,eta 5,81d1cdd2-dd39-4c12-976e-df809e50ca4f,4endshop_7673732512627985173_20260814-190752.jsonl,1786722078158,ask_stock,neutral,0.85,False,sebut etalase 5
comment_000666,udah cod,81d1cdd2-dd39-4c12-976e-df809e50ca4f,4endshop_7673732512627985173_20260814-190752.jsonl,1786722078468,purchase_intent,neutral,0.8,False,sudah checkout
comment_000667,bb 76 size apa,81d1cdd2-dd39-4c12-976e-df809e50ca4f,4endshop_7673732512627985173_20260814-190752.jsonl,1786722168208,ask_measurement,neutral,0.9,False,BB + tanya size
comment_000668,aku kemarin udah co yang eta5 besok sampenya,81d1cdd2-dd39-4c12-976e-df809e50ca4f,4endshop_7673732512627985173_20260814-190752.jsonl,1786722187203,purchase_intent,neutral,0.85,False,sudah checkout etalase 5
comment_000669,bb50 tb160 ukuran apa kak,81d1cdd2-dd39-4c12-976e-df809e50ca4f,4endshop_7673732512627985173_20260814-190752.jsonl,1786722246230,ask_measurement,neutral,0.9,False,BB/TB + tanya ukuran
comment_000670,BB 76 TB 170,81d1cdd2-dd39-4c12-976e-df809e50ca4f,4endshop_7673732512627985173_20260814-190752.jsonl,1786722318597,ask_measurement,neutral,0.9,False,BB/TB saja
comment_000671,etalase 19 ka,81d1cdd2-dd39-4c12-976e-df809e50ca4f,4endshop_7673732512627985173_20260814-190752.jsonl,1786722350841,ask_stock,neutral,0.85,False,sebut etalase 19
comment_000672,"free parfumnya wangi, mantap",81d1cdd2-dd39-4c12-976e-df809e50ca4f,4endshop_7673732512627985173_20260814-190752.jsonl,1786722402715,other,positive,0.7,False,review parfum gratis wangi
comment_000674,yg kaka pake eta brp,81d1cdd2-dd39-4c12-976e-df809e50ca4f,4endshop_7673732512627985173_20260814-190752.jsonl,1786722444245,ask_stock,neutral,0.8,False,tanya etalase yang dipakai
comment_000675,itu slimfit atau reguler fit kak?,81d1cdd2-dd39-4c12-976e-df809e50ca4f,4endshop_7673732512627985173_20260814-190752.jsonl,1786722479352,ask_size_fit,neutral,0.75,False,tanya slimfit atau reguler fit
comment_000676,ini untuk cewek semua?,81d1cdd2-dd39-4c12-976e-df809e50ca4f,4endshop_7673732512627985173_20260814-190752.jsonl,1786722511675,ask_detail,neutral,0.6,False,tanya produk untuk cewek semua
comment_000677,Spil et 6,81d1cdd2-dd39-4c12-976e-df809e50ca4f,4endshop_7673732512627985173_20260814-190752.jsonl,1786722514777,ask_detail,neutral,0.85,False,spil etalase 6
comment_000678,BB 75-78kg TB 158 size apa kak?,81d1cdd2-dd39-4c12-976e-df809e50ca4f,4endshop_7673732512627985173_20260814-190752.jsonl,1786722516006,ask_measurement,neutral,0.9,False,BB/TB + tanya size
comment_000681,tdk bisa cod,81d1cdd2-dd39-4c12-976e-df809e50ca4f,4endshop_7673732512627985173_20260814-190752.jsonl,1786722548073,ask_price,neutral,0.6,False,konfirmasi metode bayar COD
comment_000682,Spil et 32,81d1cdd2-dd39-4c12-976e-df809e50ca4f,4endshop_7673732512627985173_20260814-190752.jsonl,1786722554705,ask_detail,neutral,0.85,False,spil etalase 32
comment_000683,32,81d1cdd2-dd39-4c12-976e-df809e50ca4f,4endshop_7673732512627985173_20260814-190752.jsonl,1786722579959,noise,neutral,0.4,True,hanya angka 32
comment_000685,et 1 uk m ka,81d1cdd2-dd39-4c12-976e-df809e50ca4f,4endshop_7673732512627985173_20260814-190752.jsonl,1786722598183,ask_detail,neutral,0.65,False,minta lihat etalase 1 ukuran M
comment_000686,bb 75 biar oversize pake size apa kak?,81d1cdd2-dd39-4c12-976e-df809e50ca4f,4endshop_7673732512627985173_20260814-190752.jsonl,1786722602149,ask_measurement,neutral,0.8,False,BB + tanya ukuran oversize
comment_000689,kak yg di pake eta berapa?,81d1cdd2-dd39-4c12-976e-df809e50ca4f,4endshop_7673732512627985173_20260814-190752.jsonl,1786722642366,ask_stock,neutral,0.8,False,tanya etalase yang dipakai
comment_000690,jualan cimol  ga ka?,81d1cdd2-dd39-4c12-976e-df809e50ca4f,4endshop_7673732512627985173_20260814-190752.jsonl,1786722653114,other,neutral,0.6,False,obrolan/jokes jualan cimol
comment_000691,bb 50 tb,81d1cdd2-dd39-4c12-976e-df809e50ca4f,4endshop_7673732512627985173_20260814-190752.jsonl,1786722694698,ask_measurement,neutral,0.5,True,BB/TB tidak lengkap
comment_000692,tb 164,81d1cdd2-dd39-4c12-976e-df809e50ca4f,4endshop_7673732512627985173_20260814-190752.jsonl,1786722701665,ask_measurement,neutral,0.7,False,sebut TB
comment_000693,kak BB 55-65 kak?,81d1cdd2-dd39-4c12-976e-df809e50ca4f,4endshop_7673732512627985173_20260814-190752.jsonl,1786722764683,ask_measurement,neutral,0.7,False,sebut BB
comment_000694,berapa harga baju,81d1cdd2-dd39-4c12-976e-df809e50ca4f,4endshop_7673732512627985173_20260814-190752.jsonl,1786722777758,ask_price,neutral,0.85,False,tanya harga baju
comment_000695,tinggi 162 BB 67,81d1cdd2-dd39-4c12-976e-df809e50ca4f,4endshop_7673732512627985173_20260814-190752.jsonl,1786722802917,ask_measurement,neutral,0.9,False,BB/TB saja
comment_000696,et 14 spil dong,81d1cdd2-dd39-4c12-976e-df809e50ca4f,4endshop_7673732512627985173_20260814-190752.jsonl,1786722839745,ask_detail,neutral,0.85,False,spil etalase 14
comment_000697,tuh belum mandi kan 🤪🤪🤪,81d1cdd2-dd39-4c12-976e-df809e50ca4f,4endshop_7673732512627985173_20260814-190752.jsonl,1786722859431,other,neutral,0.6,False,obrolan belum mandi
comment_000699,siapa sih,81d1cdd2-dd39-4c12-976e-df809e50ca4f,4endshop_7673732512627985173_20260814-190752.jsonl,1786722879603,other,neutral,0.4,True,obrolan singkat ambigu
comment_000700,et 34🤒✌️✌️,81d1cdd2-dd39-4c12-976e-df809e50ca4f,4endshop_7673732512627985173_20260814-190752.jsonl,1786722901559,ask_stock,neutral,0.8,False,sebut etalase 34
comment_000701,bb 50 s apa m,81d1cdd2-dd39-4c12-976e-df809e50ca4f,4endshop_7673732512627985173_20260814-190752.jsonl,1786722924674,ask_measurement,neutral,0.8,False,BB + tanya pilihan S atau M
comment_000702,otw co cek kak,81d1cdd2-dd39-4c12-976e-df809e50ca4f,4endshop_7673732512627985173_20260814-190752.jsonl,1786722950758,purchase_intent,neutral,0.8,False,on the way checkout
comment_000703,BB 75 kak??,81d1cdd2-dd39-4c12-976e-df809e50ca4f,4endshop_7673732512627985173_20260814-190752.jsonl,1786722963562,ask_measurement,neutral,0.6,False,sebut BB 75
comment_000704,klo marah galak ya 🤣🤣,81d1cdd2-dd39-4c12-976e-df809e50ca4f,4endshop_7673732512627985173_20260814-190752.jsonl,1786722975967,other,neutral,0.6,False,obrolan
comment_000705,et 1 kk,81d1cdd2-dd39-4c12-976e-df809e50ca4f,4endshop_7673732512627985173_20260814-190752.jsonl,1786723025643,ask_stock,neutral,0.85,False,sebut etalase 1
comment_000706,ehh nona matcha..haii🤗,81d1cdd2-dd39-4c12-976e-df809e50ca4f,4endshop_7673732512627985173_20260814-190752.jsonl,1786723049768,other,positive,0.6,False,sapaan
comment_000707,temannya siapa 🤣🤣🤣,81d1cdd2-dd39-4c12-976e-df809e50ca4f,4endshop_7673732512627985173_20260814-190752.jsonl,1786723050537,other,neutral,0.6,False,obrolan
comment_000708,yg kk pake et brp dan uk brp kak,81d1cdd2-dd39-4c12-976e-df809e50ca4f,4endshop_7673732512627985173_20260814-190752.jsonl,1786723073215,ask_stock,neutral,0.7,False,tanya etalase dan ukuran yang dipakai
comment_000709,astaga salah lagi,81d1cdd2-dd39-4c12-976e-df809e50ca4f,4endshop_7673732512627985173_20260814-190752.jsonl,1786723075822,other,neutral,0.6,False,obrolan salah lagi
comment_000711,aku ga mau koment nanti salah lagi 🤣🤣,81d1cdd2-dd39-4c12-976e-df809e50ca4f,4endshop_7673732512627985173_20260814-190752.jsonl,1786723106389,other,neutral,0.6,False,obrolan
comment_000712,pasti wangi banget itu 🤪🤪🤪,81d1cdd2-dd39-4c12-976e-df809e50ca4f,4endshop_7673732512627985173_20260814-190752.jsonl,1786723125111,other,neutral,0.6,False,obrolan
comment_000713,free parfum yg kaya gmn kk,81d1cdd2-dd39-4c12-976e-df809e50ca4f,4endshop_7673732512627985173_20260814-190752.jsonl,1786723144631,ask_detail,neutral,0.7,False,tanya free parfum seperti apa
comment_000714,eta 1 kakk spil bahan,81d1cdd2-dd39-4c12-976e-df809e50ca4f,4endshop_7673732512627985173_20260814-190752.jsonl,1786723146742,ask_detail,neutral,0.85,False,spil bahan etalase 1
comment_000715,makanya mandi dinyamukin 🤪🤪🤪,81d1cdd2-dd39-4c12-976e-df809e50ca4f,4endshop_7673732512627985173_20260814-190752.jsonl,1786723146747,other,neutral,0.6,False,obrolan
comment_000716,kk tb 170 bb 90 ukuran apa,81d1cdd2-dd39-4c12-976e-df809e50ca4f,4endshop_7673732512627985173_20260814-190752.jsonl,1786723147463,ask_measurement,neutral,0.9,False,BB/TB + tanya ukuran
comment_000717,eta 1 kakkk spil bahann,81d1cdd2-dd39-4c12-976e-df809e50ca4f,4endshop_7673732512627985173_20260814-190752.jsonl,1786723162412,ask_detail,neutral,0.85,False,spil bahan etalase 1
comment_000718,ga mandi jadi dinyamukin kan 🤪🤪🤪,81d1cdd2-dd39-4c12-976e-df809e50ca4f,4endshop_7673732512627985173_20260814-190752.jsonl,1786723164948,other,neutral,0.6,False,obrolan
comment_000719,udh di co kak,81d1cdd2-dd39-4c12-976e-df809e50ca4f,4endshop_7673732512627985173_20260814-190752.jsonl,1786723174076,purchase_intent,neutral,0.85,False,sudah checkout
comment_000720,Spil gambar blkgnya yg kak pake,81d1cdd2-dd39-4c12-976e-df809e50ca4f,4endshop_7673732512627985173_20260814-190752.jsonl,1786723195998,ask_detail,neutral,0.85,False,spil gambar belakang yang dipakai
comment_000721,alhamdulillah akhirnya mandi juga,81d1cdd2-dd39-4c12-976e-df809e50ca4f,4endshop_7673732512627985173_20260814-190752.jsonl,1786723197258,other,neutral,0.6,False,obrolan akhirnya mandi
comment_000722,kak pembayaran qris kok gak bisa,81d1cdd2-dd39-4c12-976e-df809e50ca4f,4endshop_7673732512627985173_20260814-190752.jsonl,1786723219242,ask_price,negative,0.6,False,keluhan pembayaran QRIS tidak bisa
comment_000723,tengok yg sweter kak. saya pelanggan setia,81d1cdd2-dd39-4c12-976e-df809e50ca4f,4endshop_7673732512627985173_20260814-190752.jsonl,1786723242315,ask_detail,neutral,0.65,False,minta lihat sweater
comment_000724,ekh neng sifa,81d1cdd2-dd39-4c12-976e-df809e50ca4f,4endshop_7673732512627985173_20260814-190752.jsonl,1786723255988,other,neutral,0.5,True,sapaan nama singkat
comment_000725,bb 85 ambil tripel XL kah kak,81d1cdd2-dd39-4c12-976e-df809e50ca4f,4endshop_7673732512627985173_20260814-190752.jsonl,1786723290294,ask_measurement,neutral,0.8,False,BB + konfirmasi ukuran triple XL
comment_000726,pembayaran qris gak bisa,81d1cdd2-dd39-4c12-976e-df809e50ca4f,4endshop_7673732512627985173_20260814-190752.jsonl,1786723290700,ask_price,negative,0.6,False,keluhan pembayaran QRIS tidak bisa
comment_000727,lebih besar ya gambar nya,81d1cdd2-dd39-4c12-976e-df809e50ca4f,4endshop_7673732512627985173_20260814-190752.jsonl,1786723294863,other,neutral,0.6,False,komentar gambar lebih besar
comment_000728,kak liat yg sweter saya pelanggan setia ni,81d1cdd2-dd39-4c12-976e-df809e50ca4f,4endshop_7673732512627985173_20260814-190752.jsonl,1786723309749,ask_detail,neutral,0.65,False,minta lihat sweater pelanggan setia
comment_000729,yg back cina,81d1cdd2-dd39-4c12-976e-df809e50ca4f,4endshop_7673732512627985173_20260814-190752.jsonl,1786723342824,ask_detail,neutral,0.55,True,minta produk back cina (ambigu)
comment_000730,Serius harganya,81d1cdd2-dd39-4c12-976e-df809e50ca4f,4endshop_7673732512627985173_20260814-190752.jsonl,1786723352496,ask_price,neutral,0.7,False,konfirmasi harga serius
comment_000731,ok kak co,81d1cdd2-dd39-4c12-976e-df809e50ca4f,4endshop_7673732512627985173_20260814-190752.jsonl,1786723378226,purchase_intent,neutral,0.8,False,oke akan checkout
comment_000732,baju nya bahan apa kak,81d1cdd2-dd39-4c12-976e-df809e50ca4f,4endshop_7673732512627985173_20260814-190752.jsonl,1786723446976,ask_detail,neutral,0.85,False,tanya bahan baju
comment_000733,itu ukuran BRP kak,81d1cdd2-dd39-4c12-976e-df809e50ca4f,4endshop_7673732512627985173_20260814-190752.jsonl,1786723539014,ask_size_fit,neutral,0.75,False,tanya ukuran
comment_000734,geratis parpum bener kakk,81d1cdd2-dd39-4c12-976e-df809e50ca4f,4endshop_7673732512627985173_20260814-190752.jsonl,1786723602894,ask_detail,neutral,0.65,False,konfirmasi promo gratis parfum
comment_000735,Yeni y?,81d1cdd2-dd39-4c12-976e-df809e50ca4f,4endshop_7673732512627985173_20260814-190752.jsonl,1786723876745,other,neutral,0.4,True,sapaan nama singkat
comment_000736,Katun atau poliester?,81d1cdd2-dd39-4c12-976e-df809e50ca4f,4endshop_7673732512627985173_20260814-190752.jsonl,1786723930036,ask_detail,neutral,0.85,False,tanya bahan katun atau poliester
comment_000738,bb 75 size brp ka,81d1cdd2-dd39-4c12-976e-df809e50ca4f,4endshop_7673732512627985173_20260814-190752.jsonl,1786723959260,ask_measurement,neutral,0.9,False,BB + tanya size
comment_000739,bb 60,81d1cdd2-dd39-4c12-976e-df809e50ca4f,4endshop_7673732512627985173_20260814-190752.jsonl,1786723988890,ask_measurement,neutral,0.6,False,sebut BB
comment_000741,kak saya pesen kok telat sih datengnya,81d1cdd2-dd39-4c12-976e-df809e50ca4f,4endshop_7673732512627985173_20260814-190752.jsonl,1786724056761,other,negative,0.7,False,keluhan pesanan telat
comment_000742,bahannya apa tuh yg kk pegang?,81d1cdd2-dd39-4c12-976e-df809e50ca4f,4endshop_7673732512627985173_20260814-190752.jsonl,1786724091299,ask_detail,neutral,0.85,False,tanya bahan yang dipegang
comment_000743,spil yang logo muka cewek,81d1cdd2-dd39-4c12-976e-df809e50ca4f,4endshop_7673732512627985173_20260814-190752.jsonl,1786724104489,ask_detail,neutral,0.8,False,spil produk logo muka cewek
comment_000744,yg 20s etalase mana kak? mau yg tebel soalnya,81d1cdd2-dd39-4c12-976e-df809e50ca4f,4endshop_7673732512627985173_20260814-190752.jsonl,1786724121136,ask_stock,neutral,0.7,False,tanya etalase produk 20s tebal
comment_000745,yang foto muka kakaknya 🤭,81d1cdd2-dd39-4c12-976e-df809e50ca4f,4endshop_7673732512627985173_20260814-190752.jsonl,1786724149356,ask_detail,neutral,0.65,False,minta produk foto muka host
comment_000746,bb 70 tb 180 ambil ukuran apa kk?,81d1cdd2-dd39-4c12-976e-df809e50ca4f,4endshop_7673732512627985173_20260814-190752.jsonl,1786724194427,ask_measurement,neutral,0.9,False,BB/TB + tanya ukuran
comment_000747,BB 72 perut buncit cocok yg mana,81d1cdd2-dd39-4c12-976e-df809e50ca4f,4endshop_7673732512627985173_20260814-190752.jsonl,1786724254650,ask_measurement,neutral,0.75,False,BB + kondisi perut buncit
comment_000748,BB 47 TB 157 ngambil UK brpa kk,81d1cdd2-dd39-4c12-976e-df809e50ca4f,4endshop_7673732512627985173_20260814-190752.jsonl,1786724258112,ask_measurement,neutral,0.9,False,BB/TB + tanya ukuran
comment_000749,Pesn mlm imi d kirim,81d1cdd2-dd39-4c12-976e-df809e50ca4f,4endshop_7673732512627985173_20260814-190752.jsonl,1786724284236,other,neutral,0.6,False,tanya pengiriman pesanan malam ini
comment_000750,oversize ga kk,81d1cdd2-dd39-4c12-976e-df809e50ca4f,4endshop_7673732512627985173_20260814-190752.jsonl,1786724284887,ask_size_fit,neutral,0.7,False,tanya oversize atau tidak
comment_000751,Kpn,81d1cdd2-dd39-4c12-976e-df809e50ca4f,4endshop_7673732512627985173_20260814-190752.jsonl,1786724287886,other,neutral,0.4,True,kata tunggal 'kapan' ambigu
comment_000752,Yng laba putih itu eta brp,81d1cdd2-dd39-4c12-976e-df809e50ca4f,4endshop_7673732512627985173_20260814-190752.jsonl,1786724304094,ask_stock,neutral,0.75,False,tanya etalase produk laba putih
comment_000753,Spil yng labA besr ny d dpn eta brp y,81d1cdd2-dd39-4c12-976e-df809e50ca4f,4endshop_7673732512627985173_20260814-190752.jsonl,1786724352575,ask_detail,neutral,0.8,False,spil laba besar depan
comment_000754,etalase 14,81d1cdd2-dd39-4c12-976e-df809e50ca4f,4endshop_7673732512627985173_20260814-190752.jsonl,1786724411833,ask_stock,neutral,0.85,False,sebut etalase 14
comment_000755,bb 65 pake size apa ?,81d1cdd2-dd39-4c12-976e-df809e50ca4f,4endshop_7673732512627985173_20260814-190752.jsonl,1786724462251,ask_measurement,neutral,0.9,False,BB + tanya size
comment_000756,kak etalase 10,81d1cdd2-dd39-4c12-976e-df809e50ca4f,4endshop_7673732512627985173_20260814-190752.jsonl,1786724516465,ask_stock,neutral,0.85,False,sebut etalase 10
comment_000757,Ld 118 sz apa,81d1cdd2-dd39-4c12-976e-df809e50ca4f,4endshop_7673732512627985173_20260814-190752.jsonl,1786724530092,ask_measurement,neutral,0.85,False,LD + tanya size
comment_000758,yg di pake uk apa kak,81d1cdd2-dd39-4c12-976e-df809e50ca4f,4endshop_7673732512627985173_20260814-190752.jsonl,1786724545504,ask_size_fit,neutral,0.75,False,tanya ukuran yang dipakai
comment_000759,tlg yg etalase 44 kak,81d1cdd2-dd39-4c12-976e-df809e50ca4f,4endshop_7673732512627985173_20260814-190752.jsonl,1786724577022,ask_stock,neutral,0.7,False,minta etalase 44
comment_000760,kak BB 40 and 55 ukuran berapa bagus ny,81d1cdd2-dd39-4c12-976e-df809e50ca4f,4endshop_7673732512627985173_20260814-190752.jsonl,1786724584470,ask_measurement,neutral,0.85,False,BB + tanya ukuran bagus
comment_000761,bb 50 ukuran brp ka,81d1cdd2-dd39-4c12-976e-df809e50ca4f,4endshop_7673732512627985173_20260814-190752.jsonl,1786724588313,ask_measurement,neutral,0.9,False,BB + tanya ukuran
comment_000762,ok makasih kak,81d1cdd2-dd39-4c12-976e-df809e50ca4f,4endshop_7673732512627985173_20260814-190752.jsonl,1786724616929,other,positive,0.7,False,ucapan terima kasih
comment_000763,kalo bb 52 ambil S press bgt ga kak,81d1cdd2-dd39-4c12-976e-df809e50ca4f,4endshop_7673732512627985173_20260814-190752.jsonl,1786724646624,ask_measurement,neutral,0.8,False,BB + fit ukuran S
comment_000764,longslive estalese berapa,81d1cdd2-dd39-4c12-976e-df809e50ca4f,4endshop_7673732512627985173_20260814-190752.jsonl,1786724695757,ask_stock,neutral,0.8,False,tanya etalase long sleeve
comment_000765,BB 48 TB 153 UK brp,81d1cdd2-dd39-4c12-976e-df809e50ca4f,4endshop_7673732512627985173_20260814-190752.jsonl,1786724710612,ask_measurement,neutral,0.9,False,BB/TB + tanya ukuran
comment_000766,sudah co kk,81d1cdd2-dd39-4c12-976e-df809e50ca4f,4endshop_7673732512627985173_20260814-190752.jsonl,1786724733969,purchase_intent,neutral,0.85,False,sudah checkout
comment_000767,spil kain kak,81d1cdd2-dd39-4c12-976e-df809e50ca4f,4endshop_7673732512627985173_20260814-190752.jsonl,1786724757982,ask_detail,neutral,0.85,False,spil kain
comment_000768,ambil s kan ka?,81d1cdd2-dd39-4c12-976e-df809e50ca4f,4endshop_7673732512627985173_20260814-190752.jsonl,1786724789492,ask_size_fit,neutral,0.7,False,konfirmasi ambil ukuran S
comment_000769,"kk btol ykult, itu motif laba lava ya",81d1cdd2-dd39-4c12-976e-df809e50ca4f,4endshop_7673732512627985173_20260814-190752.jsonl,1786724790747,ask_detail,neutral,0.6,False,konfirmasi motif laba
comment_000770,bb 53 ambil m pas ga kak?,81d1cdd2-dd39-4c12-976e-df809e50ca4f,4endshop_7673732512627985173_20260814-190752.jsonl,1786724824190,ask_measurement,neutral,0.8,False,BB + fit ukuran M
comment_000771,oke thx kk btol ykult,81d1cdd2-dd39-4c12-976e-df809e50ca4f,4endshop_7673732512627985173_20260814-190752.jsonl,1786724828944,other,positive,0.7,False,ucapan terima kasih
comment_000772,sudah CO,81d1cdd2-dd39-4c12-976e-df809e50ca4f,4endshop_7673732512627985173_20260814-190752.jsonl,1786724836433,purchase_intent,neutral,0.85,False,sudah checkout
comment_000773,spil estalese 28,81d1cdd2-dd39-4c12-976e-df809e50ca4f,4endshop_7673732512627985173_20260814-190752.jsonl,1786724912308,ask_detail,neutral,0.85,False,spil etalase 28
comment_000774,sablon atau printing,81d1cdd2-dd39-4c12-976e-df809e50ca4f,4endshop_7673732512627985173_20260814-190752.jsonl,1786724964609,ask_detail,neutral,0.75,False,tanya sablon atau printing
comment_000775,kak yg oversize itu spil dong,81d1cdd2-dd39-4c12-976e-df809e50ca4f,4endshop_7673732512627985173_20260814-190752.jsonl,1786724968382,ask_detail,neutral,0.85,False,spil produk oversize
comment_000776,aku dah co dpt 38,81d1cdd2-dd39-4c12-976e-df809e50ca4f,4endshop_7673732512627985173_20260814-190752.jsonl,1786724969584,purchase_intent,neutral,0.85,False,sudah checkout dapat 38
comment_000777,6 kak,81d1cdd2-dd39-4c12-976e-df809e50ca4f,4endshop_7673732512627985173_20260814-190752.jsonl,1786724987077,ask_stock,neutral,0.6,False,sebut nomor etalase 6
comment_000779,27 kak,81d1cdd2-dd39-4c12-976e-df809e50ca4f,4endshop_7673732512627985173_20260814-190752.jsonl,1786725088997,ask_stock,neutral,0.6,False,sebut nomor etalase 27
comment_000780,oke oke,81d1cdd2-dd39-4c12-976e-df809e50ca4f,4endshop_7673732512627985173_20260814-190752.jsonl,1786725236033,other,neutral,0.4,True,balasan singkat ambigu
comment_000781,kk aku tinggi 155 bb 35 - 45,81d1cdd2-dd39-4c12-976e-df809e50ca4f,4endshop_7673732512627985173_20260814-190752.jsonl,1786725313368,ask_measurement,neutral,0.85,False,TB/BB + konteks ukuran
comment_000782,spil etls 31,81d1cdd2-dd39-4c12-976e-df809e50ca4f,4endshop_7673732512627985173_20260814-190752.jsonl,1786725316687,ask_detail,neutral,0.85,False,spil etalase 31
comment_000783,yang di pake lb berapa?,81d1cdd2-dd39-4c12-976e-df809e50ca4f,4endshop_7673732512627985173_20260814-190752.jsonl,1786725324668,ask_measurement,neutral,0.7,False,tanya LB yang dipakai
comment_000784,oke nanti q co,81d1cdd2-dd39-4c12-976e-df809e50ca4f,4endshop_7673732512627985173_20260814-190752.jsonl,1786725365997,purchase_intent,neutral,0.8,False,akan checkout nanti
comment_000785,knp mata km dik,81d1cdd2-dd39-4c12-976e-df809e50ca4f,4endshop_7673732512627985173_20260814-190752.jsonl,1786725386836,other,neutral,0.6,False,obrolan
comment_000786,🤣🤣🤣🤣,81d1cdd2-dd39-4c12-976e-df809e50ca4f,4endshop_7673732512627985173_20260814-190752.jsonl,1786725450110,noise,neutral,0.6,True,hanya emoji
comment_000787,oke cintakuu,81d1cdd2-dd39-4c12-976e-df809e50ca4f,4endshop_7673732512627985173_20260814-190752.jsonl,1786725476144,other,neutral,0.5,True,balasan singkat ambigu
comment_000788,ka untuk ukuran L yang mana ka,81d1cdd2-dd39-4c12-976e-df809e50ca4f,4endshop_7673732512627985173_20260814-190752.jsonl,1786725517921,ask_size_fit,neutral,0.75,False,tanya ukuran L yang mana
comment_000789,bnyak yg mau q tnyain ke km,81d1cdd2-dd39-4c12-976e-df809e50ca4f,4endshop_7673732512627985173_20260814-190752.jsonl,1786725519191,other,neutral,0.6,False,obrolan mau bertanya
comment_000790,yang baju kaya kk yg lg pake,81d1cdd2-dd39-4c12-976e-df809e50ca4f,4endshop_7673732512627985173_20260814-190752.jsonl,1786725525976,ask_stock,neutral,0.65,False,minta produk seperti yang dipakai host
comment_000791,yang mau peloved murah boleh join live athalaprtm,81d1cdd2-dd39-4c12-976e-df809e50ca4f,4endshop_7673732512627985173_20260814-190752.jsonl,1786725556102,noise,neutral,0.6,True,spam promosi akun lain
comment_000792,Nggs 12 😭,664064de-a002-4dc6-9f76-04876cfb29ab,dcavca_7672077710185499413_20260810-021638.jsonl,1786302848114,ask_size_fit,neutral,0.4,True,ambigu (nggak size 12?)
comment_000793,tos ah pamit teh,664064de-a002-4dc6-9f76-04876cfb29ab,dcavca_7672077710185499413_20260810-021638.jsonl,1786302868592,other,neutral,0.6,False,pamitan
comment_000794,Seerna co di luar live,664064de-a002-4dc6-9f76-04876cfb29ab,dcavca_7672077710185499413_20260810-021638.jsonl,1786302882648,other,neutral,0.6,False,info checkout di luar live
comment_000795,Malu,664064de-a002-4dc6-9f76-04876cfb29ab,dcavca_7672077710185499413_20260810-021638.jsonl,1786302905353,other,neutral,0.4,True,kata tunggal malu
comment_000796,kak ini nggk oversize kan?,664064de-a002-4dc6-9f76-04876cfb29ab,dcavca_7672077710185499413_20260810-021638.jsonl,1786302944077,ask_size_fit,neutral,0.75,False,tanya oversize atau tidak
comment_000797,tom end Jerry ada ka?,664064de-a002-4dc6-9f76-04876cfb29ab,dcavca_7672077710185499413_20260810-021638.jsonl,1786302975890,ask_stock,neutral,0.8,False,tanya ketersediaan Tom and Jerry
comment_000804,blm tidur teh yakulttt,664064de-a002-4dc6-9f76-04876cfb29ab,dcavca_7672077710185499413_20260810-021638.jsonl,1786303034750,other,neutral,0.6,False,obrolan belum tidur
comment_000805,hrus kena matahari pagi loh... biar pertumbuhan tinggi badan maksimal,664064de-a002-4dc6-9f76-04876cfb29ab,dcavca_7672077710185499413_20260810-021638.jsonl,1786303057374,other,neutral,0.7,False,nasihat pertumbuhan badan
comment_000806,itu celananya juga jual?,664064de-a002-4dc6-9f76-04876cfb29ab,dcavca_7672077710185499413_20260810-021638.jsonl,1786303085467,ask_stock,neutral,0.75,False,tanya celana dijual juga
comment_000807,SDH co,664064de-a002-4dc6-9f76-04876cfb29ab,dcavca_7672077710185499413_20260810-021638.jsonl,1786303112709,purchase_intent,neutral,0.85,False,sudah checkout
comment_000808,smoga sesuai harapan,664064de-a002-4dc6-9f76-04876cfb29ab,dcavca_7672077710185499413_20260810-021638.jsonl,1786303128150,other,positive,0.6,False,harapan sesuai
comment_000809,celana ga ada di etalase kak?,664064de-a002-4dc6-9f76-04876cfb29ab,dcavca_7672077710185499413_20260810-021638.jsonl,1786303311518,ask_stock,neutral,0.8,False,tanya celana ada di etalase
comment_000810,halo kk mini,664064de-a002-4dc6-9f76-04876cfb29ab,dcavca_7672077710185499413_20260810-021638.jsonl,1786303333629,other,neutral,0.6,False,sapaan
comment_000811,lama ga jumpa kk,664064de-a002-4dc6-9f76-04876cfb29ab,dcavca_7672077710185499413_20260810-021638.jsonl,1786303358959,other,neutral,0.6,False,obrolan lama tidak jumpa
comment_000812,ndar,664064de-a002-4dc6-9f76-04876cfb29ab,dcavca_7672077710185499413_20260810-021638.jsonl,1786303371438,other,neutral,0.4,True,panggilan nama singkat
comment_000813,skrg ak dah kerja kk,664064de-a002-4dc6-9f76-04876cfb29ab,dcavca_7672077710185499413_20260810-021638.jsonl,1786303375256,other,neutral,0.6,False,obrolan sudah kerja
comment_000814,yg kka pake ukuran apa yah???,664064de-a002-4dc6-9f76-04876cfb29ab,dcavca_7672077710185499413_20260810-021638.jsonl,1786303380197,ask_size_fit,neutral,0.75,False,tanya ukuran yang dipakai
comment_000815,kak sekarang aku kerja di hollywod,664064de-a002-4dc6-9f76-04876cfb29ab,dcavca_7672077710185499413_20260810-021638.jsonl,1786303403983,other,neutral,0.6,False,obrolan kerja di Hollywood
comment_000816,belum 🤭🤭,664064de-a002-4dc6-9f76-04876cfb29ab,dcavca_7672077710185499413_20260810-021638.jsonl,1786303410063,other,neutral,0.4,True,jawaban singkat ambigu
comment_000817,jdi OB,664064de-a002-4dc6-9f76-04876cfb29ab,dcavca_7672077710185499413_20260810-021638.jsonl,1786303426249,other,neutral,0.4,True,obrolan singkat
comment_000818,BB 60,664064de-a002-4dc6-9f76-04876cfb29ab,dcavca_7672077710185499413_20260810-021638.jsonl,1786303431069,ask_measurement,neutral,0.6,False,sebut BB
comment_000819,sayaang 🥺🥺,664064de-a002-4dc6-9f76-04876cfb29ab,dcavca_7672077710185499413_20260810-021638.jsonl,1786303692839,other,positive,0.5,True,sapaan sayang singkat
comment_000820,yg wrna merah ada ngg kak,664064de-a002-4dc6-9f76-04876cfb29ab,dcavca_7672077710185499413_20260810-021638.jsonl,1786303909776,ask_stock,neutral,0.8,False,tanya ketersediaan warna merah
comment_000821,Mengirim tangkal Caringin jg jurig jurig na 🌱x100,664064de-a002-4dc6-9f76-04876cfb29ab,dcavca_7672077710185499413_20260810-021638.jsonl,1786304167736,other,neutral,0.6,False,obrolan/jokes pengiriman
comment_000822,saya mah lebih terpukau sama kecantikan kamu padahal belum pantun udah cakepp aja,664064de-a002-4dc6-9f76-04876cfb29ab,dcavca_7672077710185499413_20260810-021638.jsonl,1786304208049,other,positive,0.7,False,pujian kecantikan host
comment_000823,Kayaknya bagus ni barangnya,664064de-a002-4dc6-9f76-04876cfb29ab,dcavca_7672077710185499413_20260810-021638.jsonl,1786304244902,other,positive,0.6,False,opini barang bagus
comment_000824,Ada astro boy [wow],664064de-a002-4dc6-9f76-04876cfb29ab,dcavca_7672077710185499413_20260810-021638.jsonl,1786304346944,ask_stock,neutral,0.6,False,tanya ketersediaan Astro Boy
comment_000825,bahan nya apa ka,664064de-a002-4dc6-9f76-04876cfb29ab,dcavca_7672077710185499413_20260810-021638.jsonl,1786304450707,ask_detail,neutral,0.85,False,tanya bahan
comment_000826,cutingan nya apa?,664064de-a002-4dc6-9f76-04876cfb29ab,dcavca_7672077710185499413_20260810-021638.jsonl,1786304463678,ask_detail,neutral,0.75,False,tanya cuttingan
comment_000827,cutingan v neck maunya:(,664064de-a002-4dc6-9f76-04876cfb29ab,dcavca_7672077710185499413_20260810-021638.jsonl,1786304487232,ask_detail,neutral,0.7,False,minta cuttingan V-neck
comment_000828,"desain nya masuk ka, tapi cutingan nya",664064de-a002-4dc6-9f76-04876cfb29ab,dcavca_7672077710185499413_20260810-021638.jsonl,1786304535624,ask_detail,neutral,0.65,False,feedback desain dan cuttingan
comment_000829,okee udah co 2,664064de-a002-4dc6-9f76-04876cfb29ab,dcavca_7672077710185499413_20260810-021638.jsonl,1786304674527,purchase_intent,neutral,0.85,False,sudah checkout 2
comment_000830,bb 94 size apa k,664064de-a002-4dc6-9f76-04876cfb29ab,dcavca_7672077710185499413_20260810-021638.jsonl,1786304675879,ask_measurement,neutral,0.9,False,BB + tanya size
comment_000831,kak semangat ya,664064de-a002-4dc6-9f76-04876cfb29ab,dcavca_7672077710185499413_20260810-021638.jsonl,1786305459586,other,positive,0.6,False,penyemangat host
comment_000832,ld brp,664064de-a002-4dc6-9f76-04876cfb29ab,dcavca_7672077710185499413_20260810-021638.jsonl,1786305492526,ask_measurement,neutral,0.85,False,tanya LD
comment_000833,Kak ini live sampe jam berpa semangt kaka,664064de-a002-4dc6-9f76-04876cfb29ab,dcavca_7672077710185499413_20260810-021638.jsonl,1786305532206,other,neutral,0.6,False,tanya jam selesai live
comment_000834,Ka et 11 kaa boleh ga,664064de-a002-4dc6-9f76-04876cfb29ab,dcavca_7672077710185499413_20260810-021638.jsonl,1786305636246,ask_stock,neutral,0.7,False,minta etalase 11
comment_000835,Cocok jadi artis,664064de-a002-4dc6-9f76-04876cfb29ab,dcavca_7672077710185499413_20260810-021638.jsonl,1786305649804,other,positive,0.6,False,pujian host
comment_000836,Minimal jadi pembawa acara talk show,664064de-a002-4dc6-9f76-04876cfb29ab,dcavca_7672077710185499413_20260810-021638.jsonl,1786305665328,other,positive,0.6,False,pujian host
comment_000837,Emang kelahiran tahun berapa ?,664064de-a002-4dc6-9f76-04876cfb29ab,dcavca_7672077710185499413_20260810-021638.jsonl,1786305692763,other,neutral,0.6,False,obrolan tahun kelahiran
comment_000838,Bb 58 tb 171,664064de-a002-4dc6-9f76-04876cfb29ab,dcavca_7672077710185499413_20260810-021638.jsonl,1786305717035,ask_measurement,neutral,0.9,False,BB/TB saja
comment_000839,eh si teteh..sare atuh teh,664064de-a002-4dc6-9f76-04876cfb29ab,dcavca_7672077710185499413_20260810-021638.jsonl,1786305719909,other,neutral,0.6,False,obrolan bahasa sunda
comment_000840,atos kan kmrin meser 2 pcs,664064de-a002-4dc6-9f76-04876cfb29ab,dcavca_7672077710185499413_20260810-021638.jsonl,1786305744863,purchase_intent,neutral,0.7,False,kemarin sudah beli 2 pcs
comment_000841,"Bahan kaosnya apa, teh ?",664064de-a002-4dc6-9f76-04876cfb29ab,dcavca_7672077710185499413_20260810-021638.jsonl,1786305750977,ask_detail,neutral,0.85,False,tanya bahan kaos
comment_000842,Ibu ibu bawel iyeu mh 🤣,664064de-a002-4dc6-9f76-04876cfb29ab,dcavca_7672077710185499413_20260810-021638.jsonl,1786305757934,other,neutral,0.6,False,obrolan
comment_000843,Kaka live dari jam brpaa kuat bangt sampe jm segini,664064de-a002-4dc6-9f76-04876cfb29ab,dcavca_7672077710185499413_20260810-021638.jsonl,1786305816391,other,neutral,0.6,False,obrolan durasi live
comment_000844,Aya kasalah sa etik jadi panjang udah ke tebak🤣🙏🏻😭,664064de-a002-4dc6-9f76-04876cfb29ab,dcavca_7672077710185499413_20260810-021638.jsonl,1786305822144,other,neutral,0.6,False,obrolan
comment_000845,"Semangat teh, saya out dulu",664064de-a002-4dc6-9f76-04876cfb29ab,dcavca_7672077710185499413_20260810-021638.jsonl,1786305833760,other,neutral,0.6,False,pamitan
comment_000846,Pasti carogena pendiem🤣,664064de-a002-4dc6-9f76-04876cfb29ab,dcavca_7672077710185499413_20260810-021638.jsonl,1786305872940,other,neutral,0.6,False,obrolan
comment_000847,"Lagi atur strategi penjualan, teh 😁",664064de-a002-4dc6-9f76-04876cfb29ab,dcavca_7672077710185499413_20260810-021638.jsonl,1786305875908,other,neutral,0.6,False,obrolan strategi penjualan
comment_000848,Lah blom ada?,664064de-a002-4dc6-9f76-04876cfb29ab,dcavca_7672077710185499413_20260810-021638.jsonl,1786305898466,other,neutral,0.5,True,ambigu belum ada
comment_000849,Ini host live nya ganti ganti teh?,664064de-a002-4dc6-9f76-04876cfb29ab,dcavca_7672077710185499413_20260810-021638.jsonl,1786305910863,other,neutral,0.6,False,obrolan ganti host
comment_000850,Kan aku caroge na,664064de-a002-4dc6-9f76-04876cfb29ab,dcavca_7672077710185499413_20260810-021638.jsonl,1786305918758,other,neutral,0.6,False,obrolan
comment_000851,"Teteh terlalau pintar, gak bisa dikibulin 😁",664064de-a002-4dc6-9f76-04876cfb29ab,dcavca_7672077710185499413_20260810-021638.jsonl,1786305932210,other,positive,0.6,False,pujian kepintaran host
comment_000852,itu oversize kak?,664064de-a002-4dc6-9f76-04876cfb29ab,dcavca_7672077710185499413_20260810-021638.jsonl,1786305937863,ask_size_fit,neutral,0.75,False,tanya oversize
comment_000853,Salut sama cewek pintar kayak gini 😁,664064de-a002-4dc6-9f76-04876cfb29ab,dcavca_7672077710185499413_20260810-021638.jsonl,1786305969802,other,positive,0.6,False,pujian host
comment_000854,"Next jadi host jualan kaos saya mau gak, kak ?",664064de-a002-4dc6-9f76-04876cfb29ab,dcavca_7672077710185499413_20260810-021638.jsonl,1786306006033,other,neutral,0.6,False,obrolan tawaran jadi host
comment_000855,Beruntung yang bisa bekerja sama orang kayak teteh,664064de-a002-4dc6-9f76-04876cfb29ab,dcavca_7672077710185499413_20260810-021638.jsonl,1786306058349,other,positive,0.6,False,pujian host
comment_000856,Curiga gajihnya gede kerja sampe jam segini mah 😭😭😂,664064de-a002-4dc6-9f76-04876cfb29ab,dcavca_7672077710185499413_20260810-021638.jsonl,1786306058095,other,neutral,0.6,False,obrolan gajih
comment_000857,ada yang warna maron ga ?,664064de-a002-4dc6-9f76-04876cfb29ab,dcavca_7672077710185499413_20260810-021638.jsonl,1786306086546,ask_stock,neutral,0.75,False,tanya ketersediaan warna maroon
comment_000858,Gak semua orang jago kayak teteh ?,664064de-a002-4dc6-9f76-04876cfb29ab,dcavca_7672077710185499413_20260810-021638.jsonl,1786306097946,other,positive,0.6,False,pujian host
comment_000859,Di Bank atau sebagsinya,664064de-a002-4dc6-9f76-04876cfb29ab,dcavca_7672077710185499413_20260810-021638.jsonl,1786306116622,other,neutral,0.6,False,obrolan pekerjaan
comment_000860,Aku yang liat jujur teteh bagus di bagian penjualan,664064de-a002-4dc6-9f76-04876cfb29ab,dcavca_7672077710185499413_20260810-021638.jsonl,1786306188732,other,positive,0.6,False,pujian host
comment_000861,Emang iya,664064de-a002-4dc6-9f76-04876cfb29ab,dcavca_7672077710185499413_20260810-021638.jsonl,1786306214666,other,neutral,0.4,True,balasan singkat ambigu
comment_000862,"Emang itu yang bagus, bisa jelasin produknya, jadi orang bisa paham",664064de-a002-4dc6-9f76-04876cfb29ab,dcavca_7672077710185499413_20260810-021638.jsonl,1786306342594,other,positive,0.6,False,pujian kemampuan host
comment_000863,"Yaudah ya, teh, semangat",664064de-a002-4dc6-9f76-04876cfb29ab,dcavca_7672077710185499413_20260810-021638.jsonl,1786306465779,other,neutral,0.6,False,pamitan
comment_000864,Iyaa,664064de-a002-4dc6-9f76-04876cfb29ab,dcavca_7672077710185499413_20260810-021638.jsonl,1786306491649,other,neutral,0.4,True,balasan singkat ambigu
comment_000865,Bisa buat bb 95 gak kk?,664064de-a002-4dc6-9f76-04876cfb29ab,dcavca_7672077710185499413_20260810-021638.jsonl,1786306580711,ask_measurement,neutral,0.7,False,BB 95 + tanya bisa atau tidak
comment_000866,yaah,664064de-a002-4dc6-9f76-04876cfb29ab,dcavca_7672077710185499413_20260810-021638.jsonl,1786306609150,other,neutral,0.4,True,interjeksi singkat
comment_000867,spil etalase 37 warna putih kak,664064de-a002-4dc6-9f76-04876cfb29ab,dcavca_7672077710185499413_20260810-021638.jsonl,1786306673856,ask_detail,neutral,0.85,False,spil etalase 37 warna putih
comment_000868,Aku dh 2 x co bagus bngt 😍,664064de-a002-4dc6-9f76-04876cfb29ab,dcavca_7672077710185499413_20260810-021638.jsonl,1786306693467,purchase_intent,neutral,0.85,False,"sudah 2 kali checkout, bagus"
comment_000869,Aku lo nunggu” km live 😂,664064de-a002-4dc6-9f76-04876cfb29ab,dcavca_7672077710185499413_20260810-021638.jsonl,1786306721814,other,positive,0.6,False,obrolan nunggu live
comment_000870,bb 77 tb 167 ukuran apa??,664064de-a002-4dc6-9f76-04876cfb29ab,dcavca_7672077710185499413_20260810-021638.jsonl,1786306742991,ask_measurement,neutral,0.9,False,BB/TB + tanya ukuran
comment_000871,LD 110 BB 75,664064de-a002-4dc6-9f76-04876cfb29ab,dcavca_7672077710185499413_20260810-021638.jsonl,1786306889058,ask_measurement,neutral,0.9,False,LD/BB saja
comment_000872,Cb monalisa hitam,664064de-a002-4dc6-9f76-04876cfb29ab,dcavca_7672077710185499413_20260810-021638.jsonl,1786306927971,ask_detail,neutral,0.7,False,minta lihat monalisa hitam
comment_000873,Aku nyari” yg depan yg simple” aja 😂,664064de-a002-4dc6-9f76-04876cfb29ab,dcavca_7672077710185499413_20260810-021638.jsonl,1786306963175,ask_detail,neutral,0.65,False,cari produk depan simple
comment_000874,Udah bli yg La sm houston,664064de-a002-4dc6-9f76-04876cfb29ab,dcavca_7672077710185499413_20260810-021638.jsonl,1786306976230,purchase_intent,neutral,0.8,False,sudah beli LA dan Houston
comment_000875,etalase 61 teh spil,664064de-a002-4dc6-9f76-04876cfb29ab,dcavca_7672077710185499413_20260810-021638.jsonl,1786307177618,ask_detail,neutral,0.85,False,spil etalase 61
comment_000876,ehh can sareh keneh,664064de-a002-4dc6-9f76-04876cfb29ab,dcavca_7672077710185499413_20260810-021638.jsonl,1786307183447,other,neutral,0.5,True,bahasa sunda ambigu
comment_000877,etalase 3 maksudnya dapat 2 kak?,664064de-a002-4dc6-9f76-04876cfb29ab,dcavca_7672077710185499413_20260810-021638.jsonl,1786307223140,ask_detail,neutral,0.65,False,tanya isi paket etalase 3
comment_000878,close close tos azan🤣🤣🤣,664064de-a002-4dc6-9f76-04876cfb29ab,dcavca_7672077710185499413_20260810-021638.jsonl,1786307239858,other,neutral,0.6,False,obrolan close live
comment_000879,Cb yg 69,664064de-a002-4dc6-9f76-04876cfb29ab,dcavca_7672077710185499413_20260810-021638.jsonl,1786307303453,ask_detail,neutral,0.6,False,minta lihat etalase 69
comment_000880,Minum ka,664064de-a002-4dc6-9f76-04876cfb29ab,dcavca_7672077710185499413_20260810-021638.jsonl,1786307415698,other,neutral,0.6,False,obrolan minta minum
comment_000882,mau co tadinya hargab69..berubah jd 84..nanti aja deh,664064de-a002-4dc6-9f76-04876cfb29ab,dcavca_7672077710185499413_20260810-021638.jsonl,1786307464644,ask_price,negative,0.65,False,keluhan harga berubah 69 ke 84
comment_000883,BB 80 kak,664064de-a002-4dc6-9f76-04876cfb29ab,dcavca_7672077710185499413_20260810-021638.jsonl,1786307485531,ask_measurement,neutral,0.6,False,sebut BB
comment_000884,Cb lg sk 93,664064de-a002-4dc6-9f76-04876cfb29ab,dcavca_7672077710185499413_20260810-021638.jsonl,1786307499500,ask_size_fit,neutral,0.5,True,coba lagi size 93 (ambigu)
comment_000885,Kalo bb 58 ka ambilnya ukuran brpa,664064de-a002-4dc6-9f76-04876cfb29ab,dcavca_7672077710185499413_20260810-021638.jsonl,1786307546391,ask_measurement,neutral,0.9,False,BB + tanya ukuran
comment_000886,Bb 85 kk,664064de-a002-4dc6-9f76-04876cfb29ab,dcavca_7672077710185499413_20260810-021638.jsonl,1786307622895,ask_measurement,neutral,0.6,False,sebut BB
comment_000887,Semangat kk syg live nya,664064de-a002-4dc6-9f76-04876cfb29ab,dcavca_7672077710185499413_20260810-021638.jsonl,1786307639877,other,positive,0.6,False,penyemangat
comment_000888,Jgn lupa makan dan vitamin biar fit,664064de-a002-4dc6-9f76-04876cfb29ab,dcavca_7672077710185499413_20260810-021638.jsonl,1786307651142,other,neutral,0.6,False,perhatian ke host
comment_000889,cewek cowok bisa ga ka,664064de-a002-4dc6-9f76-04876cfb29ab,dcavca_7672077710185499413_20260810-021638.jsonl,1786307681277,ask_detail,neutral,0.6,False,tanya produk bisa untuk cewek/cowok
comment_000890,Aku dh co,664064de-a002-4dc6-9f76-04876cfb29ab,dcavca_7672077710185499413_20260810-021638.jsonl,1786307697420,purchase_intent,neutral,0.85,False,sudah checkout
comment_000891,Spill budy coba ka,664064de-a002-4dc6-9f76-04876cfb29ab,dcavca_7672077710185499413_20260810-021638.jsonl,1786307716859,ask_detail,neutral,0.7,False,spill produk
comment_000892,Kasi aku free 1 baju 😭😂,664064de-a002-4dc6-9f76-04876cfb29ab,dcavca_7672077710185499413_20260810-021638.jsonl,1786307724255,other,neutral,0.6,False,obrolan minta gratis
comment_000893,thank u Min semangat livenya,664064de-a002-4dc6-9f76-04876cfb29ab,dcavca_7672077710185499413_20260810-021638.jsonl,1786307760629,other,positive,0.6,False,terima kasih
comment_000894,Nerawang ga?,664064de-a002-4dc6-9f76-04876cfb29ab,dcavca_7672077710185499413_20260810-021638.jsonl,1786307763862,other,neutral,0.4,True,ambigu (nerawang)
comment_000895,jos nyaman dipake nya,664064de-a002-4dc6-9f76-04876cfb29ab,dcavca_7672077710185499413_20260810-021638.jsonl,1786307783678,other,positive,0.7,False,review nyaman dipakai
comment_000896,Bener ya aku co 2 kirim bonus nya ya😁,664064de-a002-4dc6-9f76-04876cfb29ab,dcavca_7672077710185499413_20260810-021638.jsonl,1786307792125,purchase_intent,neutral,0.75,False,checkout 2 + konfirmasi bonus
comment_000897,Reguler atau slimfit ka?,664064de-a002-4dc6-9f76-04876cfb29ab,dcavca_7672077710185499413_20260810-021638.jsonl,1786307861824,ask_size_fit,neutral,0.75,False,tanya reguler atau slimfit
comment_000898,cewek bb 67,664064de-a002-4dc6-9f76-04876cfb29ab,dcavca_7672077710185499413_20260810-021638.jsonl,1786307898141,ask_measurement,neutral,0.7,False,BB + jenis kelamin
comment_000899,Dahhhh,664064de-a002-4dc6-9f76-04876cfb29ab,dcavca_7672077710185499413_20260810-021638.jsonl,1786308042851,other,neutral,0.4,True,interjeksi singkat
comment_000900,Hitam nya juga bes kan?,664064de-a002-4dc6-9f76-04876cfb29ab,dcavca_7672077710185499413_20260810-021638.jsonl,1786308091555,ask_size_fit,neutral,0.6,False,tanya ukuran warna hitam
comment_000901,Okraii tencu,664064de-a002-4dc6-9f76-04876cfb29ab,dcavca_7672077710185499413_20260810-021638.jsonl,1786308138566,other,neutral,0.5,True,balasan singkat ambigu
comment_000902,Bingung ka pada lucu semua,664064de-a002-4dc6-9f76-04876cfb29ab,dcavca_7672077710185499413_20260810-021638.jsonl,1786308251827,other,positive,0.6,False,komentar produk lucu
comment_000903,hitam size ap,664064de-a002-4dc6-9f76-04876cfb29ab,dcavca_7672077710185499413_20260810-021638.jsonl,1786308305793,ask_size_fit,neutral,0.7,False,tanya size warna hitam
comment_000904,warna pink ada ga kak,664064de-a002-4dc6-9f76-04876cfb29ab,dcavca_7672077710185499413_20260810-021638.jsonl,1786308510546,ask_stock,neutral,0.8,False,tanya ketersediaan warna pink
comment_000905,bantal etalase berapa kak,664064de-a002-4dc6-9f76-04876cfb29ab,dcavca_7672077710185499413_20260810-021638.jsonl,1786308592112,ask_stock,neutral,0.75,False,tanya etalase bantal
comment_000906,ada nailong aku mau,664064de-a002-4dc6-9f76-04876cfb29ab,dcavca_7672077710185499413_20260810-021638.jsonl,1786308626533,ask_stock,neutral,0.7,False,tanya ketersediaan nailong
comment_000907,bisa dibawa renang kak,664064de-a002-4dc6-9f76-04876cfb29ab,dcavca_7672077710185499413_20260810-021638.jsonl,1786308673692,ask_detail,neutral,0.6,False,tanya bisa dibawa renang
comment_000908,eta 1 sama 2 beda bahan ya kak,664064de-a002-4dc6-9f76-04876cfb29ab,dcavca_7672077710185499413_20260810-021638.jsonl,1786308786302,ask_detail,neutral,0.75,False,tanya beda bahan etalase 1 dan 2
comment_000909,warna cream dong ka,664064de-a002-4dc6-9f76-04876cfb29ab,dcavca_7672077710185499413_20260810-021638.jsonl,1786308920038,ask_detail,neutral,0.6,False,minta produk warna cream
comment_000910,semngt jangan lupa istirahat bangku,664064de-a002-4dc6-9f76-04876cfb29ab,dcavca_7672077710185499413_20260810-021638.jsonl,1786310315659,other,neutral,0.6,False,perhatian istirahat
comment_000911,Sptill et 10,664064de-a002-4dc6-9f76-04876cfb29ab,dcavca_7672077710185499413_20260810-021638.jsonl,1786310413571,ask_detail,neutral,0.85,False,spil etalase 10
comment_000912,172/90,664064de-a002-4dc6-9f76-04876cfb29ab,dcavca_7672077710185499413_20260810-021638.jsonl,1786310459120,ask_measurement,neutral,0.8,False,TB/BB tanpa label
comment_000913,BB95 dan LD 120 pake uk brp,664064de-a002-4dc6-9f76-04876cfb29ab,dcavca_7672077710185499413_20260810-021638.jsonl,1786310603900,ask_measurement,neutral,0.9,False,BB/LD + tanya ukuran
comment_000914,ok,664064de-a002-4dc6-9f76-04876cfb29ab,dcavca_7672077710185499413_20260810-021638.jsonl,1786310625115,other,neutral,0.4,True,balasan singkat ambigu
comment_000915,Bb 68 tb 168 uk apa,664064de-a002-4dc6-9f76-04876cfb29ab,dcavca_7672077710185499413_20260810-021638.jsonl,1786310635673,ask_measurement,neutral,0.9,False,BB/TB + tanya ukuran
comment_000916,Uda co,664064de-a002-4dc6-9f76-04876cfb29ab,dcavca_7672077710185499413_20260810-021638.jsonl,1786310779236,purchase_intent,neutral,0.85,False,sudah checkout
comment_000917,Etalase 1,664064de-a002-4dc6-9f76-04876cfb29ab,dcavca_7672077710185499413_20260810-021638.jsonl,1786310818297,ask_stock,neutral,0.85,False,sebut etalase 1
comment_000918,ovz ga bg?,664064de-a002-4dc6-9f76-04876cfb29ab,dcavca_7672077710185499413_20260810-021638.jsonl,1786311403564,ask_size_fit,neutral,0.65,False,tanya oversize atau tidak
comment_000919,yang monday work etalase berapa ka,664064de-a002-4dc6-9f76-04876cfb29ab,dcavca_7672077710185499413_20260810-021638.jsonl,1786311407324,ask_stock,neutral,0.75,False,tanya etalase produk monday work
comment_000920,bb 51 tb 175,664064de-a002-4dc6-9f76-04876cfb29ab,dcavca_7672077710185499413_20260810-021638.jsonl,1786311440164,ask_measurement,neutral,0.9,False,BB/TB saja
comment_000921,looney tunes green spill kak,664064de-a002-4dc6-9f76-04876cfb29ab,dcavca_7672077710185499413_20260810-021638.jsonl,1786311953160,ask_detail,neutral,0.85,False,spill looney tunes green
comment_000922,ada kaos tangan panja ng warna merah gak ka buat cewe,664064de-a002-4dc6-9f76-04876cfb29ab,dcavca_7672077710185499413_20260810-021638.jsonl,1786312313483,ask_stock,neutral,0.75,False,tanya ketersediaan kaos tangan panjang merah
comment_000923,iyaa,664064de-a002-4dc6-9f76-04876cfb29ab,dcavca_7672077710185499413_20260810-021638.jsonl,1786312342056,other,neutral,0.4,True,balasan singkat ambigu
comment_000924,tinggi 185 BB 80 baju ukuran apa bg,664064de-a002-4dc6-9f76-04876cfb29ab,dcavca_7672077710185499413_20260810-021638.jsonl,1786312616285,ask_measurement,neutral,0.9,False,BB/TB + tanya ukuran
comment_000925,dipegang L ya,664064de-a002-4dc6-9f76-04876cfb29ab,dcavca_7672077710185499413_20260810-021638.jsonl,1786312806407,ask_size_fit,neutral,0.6,False,konfirmasi yang dipegang ukuran L
comment_000926,etalase 25 mas,664064de-a002-4dc6-9f76-04876cfb29ab,dcavca_7672077710185499413_20260810-021638.jsonl,1786312865736,ask_stock,neutral,0.85,False,sebut etalase 25
comment_000927,sablon nya aman ka,664064de-a002-4dc6-9f76-04876cfb29ab,dcavca_7672077710185499413_20260810-021638.jsonl,1786313830982,ask_detail,neutral,0.75,False,tanya sablon aman atau tidak
comment_000928,kalo XXL minimal BB brp,664064de-a002-4dc6-9f76-04876cfb29ab,dcavca_7672077710185499413_20260810-021638.jsonl,1786313871704,ask_measurement,neutral,0.8,False,tanya BB minimal untuk XXL
comment_000929,coba liat KA UK xxl,664064de-a002-4dc6-9f76-04876cfb29ab,dcavca_7672077710185499413_20260810-021638.jsonl,1786313907930,ask_detail,neutral,0.75,False,minta lihat ukuran XXL
comment_000930,"buat suami,BB 90 TB 185",664064de-a002-4dc6-9f76-04876cfb29ab,dcavca_7672077710185499413_20260810-021638.jsonl,1786313968469,ask_measurement,neutral,0.85,False,BB/TB untuk suami
comment_000931,xxl ld brp,664064de-a002-4dc6-9f76-04876cfb29ab,dcavca_7672077710185499413_20260810-021638.jsonl,1786314250432,ask_measurement,neutral,0.9,False,tanya LD size XXL
comment_000932,bb 92,664064de-a002-4dc6-9f76-04876cfb29ab,dcavca_7672077710185499413_20260810-021638.jsonl,1786314275121,ask_measurement,neutral,0.6,False,sebut BB
comment_000933,BB 75 TB 175,664064de-a002-4dc6-9f76-04876cfb29ab,dcavca_7672077710185499413_20260810-021638.jsonl,1786314282137,ask_measurement,neutral,0.9,False,BB/TB saja
comment_000934,125,664064de-a002-4dc6-9f76-04876cfb29ab,dcavca_7672077710185499413_20260810-021638.jsonl,1786314294885,noise,neutral,0.4,True,hanya angka 125
comment_000936,bb 75 tb 175 bang,664064de-a002-4dc6-9f76-04876cfb29ab,dcavca_7672077710185499413_20260810-021638.jsonl,1786314758420,ask_measurement,neutral,0.9,False,BB/TB saja
comment_000937,etalase 41 bang,664064de-a002-4dc6-9f76-04876cfb29ab,dcavca_7672077710185499413_20260810-021638.jsonl,1786314896081,ask_stock,neutral,0.85,False,sebut etalase 41
comment_000938,tinggi badan 172 pakai size brp ?,664064de-a002-4dc6-9f76-04876cfb29ab,dcavca_7672077710185499413_20260810-021638.jsonl,1786315124638,ask_measurement,neutral,0.85,False,TB + tanya size
comment_000939,bb 55,664064de-a002-4dc6-9f76-04876cfb29ab,dcavca_7672077710185499413_20260810-021638.jsonl,1786315152705,ask_measurement,neutral,0.6,False,sebut BB
comment_000940,bang coba liat belakangnya yg hitam,664064de-a002-4dc6-9f76-04876cfb29ab,dcavca_7672077710185499413_20260810-021638.jsonl,1786315166405,ask_detail,neutral,0.8,False,minta lihat belakang warna hitam
comment_000941,dh co,664064de-a002-4dc6-9f76-04876cfb29ab,dcavca_7672077710185499413_20260810-021638.jsonl,1786315384165,purchase_intent,neutral,0.85,False,sudah checkout
comment_000942,XXL panjang berapa untuk Tedy duck,664064de-a002-4dc6-9f76-04876cfb29ab,dcavca_7672077710185499413_20260810-021638.jsonl,1786315705539,ask_measurement,neutral,0.75,False,tanya panjang XXL produk Tedy Duck
comment_000943,187,664064de-a002-4dc6-9f76-04876cfb29ab,dcavca_7672077710185499413_20260810-021638.jsonl,1786315728130,ask_measurement,neutral,0.5,True,angka TB 187 tanpa konteks
comment_000944,XXL tapi 79,664064de-a002-4dc6-9f76-04876cfb29ab,dcavca_7672077710185499413_20260810-021638.jsonl,1786315755250,ask_measurement,neutral,0.6,False,BB 79 untuk XXL
comment_000945,bntr bro lg pilih metode payment,664064de-a002-4dc6-9f76-04876cfb29ab,dcavca_7672077710185499413_20260810-021638.jsonl,1786315807400,purchase_intent,neutral,0.7,False,sedang checkout pilih metode bayar
comment_000946,"sdh beres, ditunggu brg nya",664064de-a002-4dc6-9f76-04876cfb29ab,dcavca_7672077710185499413_20260810-021638.jsonl,1786316084009,purchase_intent,neutral,0.8,False,sudah beres checkout menunggu barang
comment_000947,sablonnya awet ngga kak?,664064de-a002-4dc6-9f76-04876cfb29ab,dcavca_7672077710185499413_20260810-021638.jsonl,1786316588506,ask_detail,neutral,0.8,False,tanya ketahanan sablon
comment_000948,bb 70 tb 172,664064de-a002-4dc6-9f76-04876cfb29ab,dcavca_7672077710185499413_20260810-021638.jsonl,1786316600570,ask_measurement,neutral,0.9,False,BB/TB saja
comment_000949,yang belakangnya polos eta berapa kak?,664064de-a002-4dc6-9f76-04876cfb29ab,dcavca_7672077710185499413_20260810-021638.jsonl,1786316975503,ask_stock,neutral,0.7,False,tanya etalase produk polos belakang
comment_000951,24,664064de-a002-4dc6-9f76-04876cfb29ab,dcavca_7672077710185499413_20260810-021638.jsonl,1786317179785,ask_stock,neutral,0.5,True,angka 24 (etalase?) ambigu
comment_000952,buat bb 95 ada ga,664064de-a002-4dc6-9f76-04876cfb29ab,dcavca_7672077710185499413_20260810-021638.jsonl,1786318654030,ask_stock,neutral,0.7,False,tanya ketersediaan untuk BB 95
comment_000953,yg dipegang ukuran berapa,664064de-a002-4dc6-9f76-04876cfb29ab,dcavca_7672077710185499413_20260810-021638.jsonl,1786318777623,ask_size_fit,neutral,0.75,False,tanya ukuran yang dipegang
comment_000954,65,664064de-a002-4dc6-9f76-04876cfb29ab,dcavca_7672077710185499413_20260810-021638.jsonl,1786318809457,ask_measurement,neutral,0.5,True,angka 65 (BB?) ambigu
comment_000955,pengiriman dr mana bng,664064de-a002-4dc6-9f76-04876cfb29ab,dcavca_7672077710185499413_20260810-021638.jsonl,1786319002716,ask_price,neutral,0.6,False,tanya asal pengiriman
comment_000956,jakarta a,664064de-a002-4dc6-9f76-04876cfb29ab,dcavca_7672077710185499413_20260810-021638.jsonl,1786319017649,other,neutral,0.5,True,jawaban singkat jakarta
comment_000957,bahan tebel gak a,664064de-a002-4dc6-9f76-04876cfb29ab,dcavca_7672077710185499413_20260810-021638.jsonl,1786319043114,ask_detail,neutral,0.85,False,tanya ketebalan bahan
comment_000958,adem gak a bahannya ?,664064de-a002-4dc6-9f76-04876cfb29ab,dcavca_7672077710185499413_20260810-021638.jsonl,1786319081281,ask_detail,neutral,0.8,False,tanya bahan adem atau tidak
comment_000959,Kknya pake size apa,664064de-a002-4dc6-9f76-04876cfb29ab,dcavca_7672077710185499413_20260810-021638.jsonl,1786319387542,ask_size_fit,neutral,0.75,False,tanya size yang dipakai host
comment_000960,Bb 50 tb 160,664064de-a002-4dc6-9f76-04876cfb29ab,dcavca_7672077710185499413_20260810-021638.jsonl,1786319428228,ask_measurement,neutral,0.9,False,BB/TB saja
comment_000961,kk spill eta 25 dan 80 ka,664064de-a002-4dc6-9f76-04876cfb29ab,dcavca_7672077710185499413_20260810-021638.jsonl,1786319464414,ask_detail,neutral,0.85,False,spil etalase 25 dan 80
comment_000962,yg warna black k,664064de-a002-4dc6-9f76-04876cfb29ab,dcavca_7672077710185499413_20260810-021638.jsonl,1786319923759,ask_detail,neutral,0.6,False,minta produk warna hitam
comment_000963,itu size apa k,664064de-a002-4dc6-9f76-04876cfb29ab,dcavca_7672077710185499413_20260810-021638.jsonl,1786319973235,ask_size_fit,neutral,0.7,False,tanya size yang ditunjuk
comment_000964,buat anaku,664064de-a002-4dc6-9f76-04876cfb29ab,dcavca_7672077710185499413_20260810-021638.jsonl,1786319993508,ask_size_fit,neutral,0.5,True,buat anak tanpa detail (ambigu)
comment_000965,tb 180,664064de-a002-4dc6-9f76-04876cfb29ab,dcavca_7672077710185499413_20260810-021638.jsonl,1786320006014,ask_measurement,neutral,0.7,False,sebut TB
comment_000967,a saya udah co 2pcs tapi yg datang 1,664064de-a002-4dc6-9f76-04876cfb29ab,dcavca_7672077710185499413_20260810-021638.jsonl,1786320044086,purchase_intent,negative,0.7,False,keluhan pesanan kurang (co 2 datang 1)
comment_000968,dibarengin,664064de-a002-4dc6-9f76-04876cfb29ab,dcavca_7672077710185499413_20260810-021638.jsonl,1786320065896,other,neutral,0.5,True,kata tunggal ambigu (dibarengin)
comment_000969,etalase 1 itu dapat berapa baju bang?,664064de-a002-4dc6-9f76-04876cfb29ab,dcavca_7672077710185499413_20260810-021638.jsonl,1786320352528,ask_detail,neutral,0.7,False,tanya isi paket etalase 1
comment_000970,oalah saya kira sesuai baju yang ada di gambar😁,664064de-a002-4dc6-9f76-04876cfb29ab,dcavca_7672077710185499413_20260810-021638.jsonl,1786320395364,other,neutral,0.6,False,obrolan kira sesuai gambar
comment_000971,ada paketan,664064de-a002-4dc6-9f76-04876cfb29ab,dcavca_7672077710185499413_20260810-021638.jsonl,1786320747451,ask_stock,neutral,0.6,False,tanya ketersediaan paketan
comment_000972,yang panda kak,664064de-a002-4dc6-9f76-04876cfb29ab,dcavca_7672077710185499413_20260810-021638.jsonl,1786320953435,ask_stock,neutral,0.6,False,minta produk panda
comment_000973,hitam,664064de-a002-4dc6-9f76-04876cfb29ab,dcavca_7672077710185499413_20260810-021638.jsonl,1786320968073,ask_detail,neutral,0.5,True,produk hitam (ambigu)
comment_000974,bb 70 ukuran berapa,664064de-a002-4dc6-9f76-04876cfb29ab,dcavca_7672077710185499413_20260810-021638.jsonl,1786321005253,ask_measurement,neutral,0.9,False,BB + tanya ukuran
comment_000975,BB 54 TB 146,664064de-a002-4dc6-9f76-04876cfb29ab,dcavca_7672077710185499413_20260810-021638.jsonl,1786321053429,ask_measurement,neutral,0.9,False,BB/TB saja
comment_000976,Liat hitamnya,664064de-a002-4dc6-9f76-04876cfb29ab,dcavca_7672077710185499413_20260810-021638.jsonl,1786321490159,ask_detail,neutral,0.75,False,minta lihat warna hitam
comment_000977,bb 85 tb 150,664064de-a002-4dc6-9f76-04876cfb29ab,dcavca_7672077710185499413_20260810-021638.jsonl,1786321518702,ask_measurement,neutral,0.9,False,BB/TB saja
comment_000978,Model lain ada ka hitamnya,664064de-a002-4dc6-9f76-04876cfb29ab,dcavca_7672077710185499413_20260810-021638.jsonl,1786321552945,ask_stock,neutral,0.7,False,tanya model lain warna hitam
comment_000979,Ini bahan apa bang,664064de-a002-4dc6-9f76-04876cfb29ab,dcavca_7672077710185499413_20260810-021638.jsonl,1786321626645,ask_detail,neutral,0.85,False,tanya bahan
comment_000980,Liat yg snoppy black dan budy black ka,664064de-a002-4dc6-9f76-04876cfb29ab,dcavca_7672077710185499413_20260810-021638.jsonl,1786321698615,ask_detail,neutral,0.8,False,minta lihat snoopy black dan budy black
comment_000982,Bb 70 tinggi 160,664064de-a002-4dc6-9f76-04876cfb29ab,dcavca_7672077710185499413_20260810-021638.jsonl,1786321832021,ask_measurement,neutral,0.9,False,BB/TB saja
comment_000983,Tp mau yg longgar,664064de-a002-4dc6-9f76-04876cfb29ab,dcavca_7672077710185499413_20260810-021638.jsonl,1786321854518,ask_size_fit,neutral,0.65,False,mau ukuran longgar
comment_000984,sablon nya ngekek dak bang,664064de-a002-4dc6-9f76-04876cfb29ab,dcavca_7672077710185499413_20260810-021638.jsonl,1786321993097,ask_detail,neutral,0.6,False,tanya sablon melar atau tidak
comment_000985,Udh co,664064de-a002-4dc6-9f76-04876cfb29ab,dcavca_7672077710185499413_20260810-021638.jsonl,1786322064075,purchase_intent,neutral,0.85,False,sudah checkout
comment_000986,spil spombob etalase 1,664064de-a002-4dc6-9f76-04876cfb29ab,dcavca_7672077710185499413_20260810-021638.jsonl,1786322064458,ask_detail,neutral,0.85,False,spil Spongebob etalase 1
comment_000987,bb 98 tb 178,664064de-a002-4dc6-9f76-04876cfb29ab,dcavca_7672077710185499413_20260810-021638.jsonl,1786322176189,ask_measurement,neutral,0.9,False,BB/TB saja
comment_000988,ld 120 kak,664064de-a002-4dc6-9f76-04876cfb29ab,dcavca_7672077710185499413_20260810-021638.jsonl,1786322223033,ask_measurement,neutral,0.7,False,sebut LD
comment_000989,Udh follow bang beli nya nnti nunggu gajian🤣,664064de-a002-4dc6-9f76-04876cfb29ab,dcavca_7672077710185499413_20260810-021638.jsonl,1786322289806,purchase_intent,neutral,0.7,False,mau beli setelah gajian
comment_000990,roblok ada bang,664064de-a002-4dc6-9f76-04876cfb29ab,dcavca_7672077710185499413_20260810-021638.jsonl,1786322396743,ask_stock,neutral,0.75,False,tanya ketersediaan Roblox
comment_000991,tinggi badan 175 berat badan 75,664064de-a002-4dc6-9f76-04876cfb29ab,dcavca_7672077710185499413_20260810-021638.jsonl,1786322613002,ask_measurement,neutral,0.9,False,TB/BB saja
comment_000992,bb 55 tb 167,664064de-a002-4dc6-9f76-04876cfb29ab,dcavca_7672077710185499413_20260810-021638.jsonl,1786322624863,ask_measurement,neutral,0.9,False,BB/TB saja
comment_000993,buat suami,664064de-a002-4dc6-9f76-04876cfb29ab,dcavca_7672077710185499413_20260810-021638.jsonl,1786322632228,ask_measurement,neutral,0.5,True,konteks ukuran suami (ambigu)
comment_000994,24 s semua ya kk,664064de-a002-4dc6-9f76-04876cfb29ab,dcavca_7672077710185499413_20260810-021638.jsonl,1786323334608,ask_stock,neutral,0.6,False,konfirmasi etalase 24 size S
comment_000995,Bb 72 ukuran ap kak,664064de-a002-4dc6-9f76-04876cfb29ab,dcavca_7672077710185499413_20260810-021638.jsonl,1786323595582,ask_measurement,neutral,0.9,False,BB + tanya ukuran
comment_000996,udh co kk,664064de-a002-4dc6-9f76-04876cfb29ab,dcavca_7672077710185499413_20260810-021638.jsonl,1786323606673,purchase_intent,neutral,0.85,False,sudah checkout
comment_000997,spill etalase 78,638aeb55-0422-41b9-a8d0-a0c6398736ef,erigo.store_7671851717870291732_20260809-103212.jsonl,1786246138607,ask_detail,neutral,0.85,False,spill etalase 78
comment_000998,spill etalase 78 warna olive kak,638aeb55-0422-41b9-a8d0-a0c6398736ef,erigo.store_7671851717870291732_20260809-103212.jsonl,1786246186418,ask_detail,neutral,0.85,False,spill etalase 78 warna olive
comment_000999,yang cream kak,638aeb55-0422-41b9-a8d0-a0c6398736ef,erigo.store_7671851717870291732_20260809-103212.jsonl,1786246217713,ask_detail,neutral,0.6,False,minta produk warna cream
comment_001000,salah co aku,638aeb55-0422-41b9-a8d0-a0c6398736ef,erigo.store_7671851717870291732_20260809-103212.jsonl,1786246220930,other,negative,0.6,False,salah checkout
comment_001001,itu bahannya gimana kak,638aeb55-0422-41b9-a8d0-a0c6398736ef,erigo.store_7671851717870291732_20260809-103212.jsonl,1786246267422,ask_detail,neutral,0.85,False,tanya bahan
comment_001002,celana pendek cowok itu ada yg panjangnya mendekati 60cm ga kak?,638aeb55-0422-41b9-a8d0-a0c6398736ef,erigo.store_7671851717870291732_20260809-103212.jsonl,1786246324919,ask_stock,neutral,0.7,False,tanya ketersediaan celana pendek panjang 60cm
comment_001009,mesha grey warna apa,638aeb55-0422-41b9-a8d0-a0c6398736ef,erigo.store_7671851717870291732_20260809-103212.jsonl,1786246338048,ask_detail,neutral,0.75,False,tanya warna produk mesha grey
comment_001010,macha drak grey,638aeb55-0422-41b9-a8d0-a0c6398736ef,erigo.store_7671851717870291732_20260809-103212.jsonl,1786246454002,ask_detail,neutral,0.6,False,minta matcha dark grey
comment_001011,yg harga 110,638aeb55-0422-41b9-a8d0-a0c6398736ef,erigo.store_7671851717870291732_20260809-103212.jsonl,1786246460523,ask_price,neutral,0.6,False,konfirmasi produk harga 110
comment_001012,gmn ya batalin ya,638aeb55-0422-41b9-a8d0-a0c6398736ef,erigo.store_7671851717870291732_20260809-103212.jsonl,1786246492176,other,neutral,0.6,False,tanya cara membatalkan pesanan
comment_001013,coba spil 2 barang itu apa beda ya,638aeb55-0422-41b9-a8d0-a0c6398736ef,erigo.store_7671851717870291732_20260809-103212.jsonl,1786246516808,ask_detail,neutral,0.75,False,spil 2 barang + tanya beda
comment_001014,ia,638aeb55-0422-41b9-a8d0-a0c6398736ef,erigo.store_7671851717870291732_20260809-103212.jsonl,1786246554700,other,neutral,0.4,True,balasan singkat ambigu
comment_001015,bukan kaos kah,638aeb55-0422-41b9-a8d0-a0c6398736ef,erigo.store_7671851717870291732_20260809-103212.jsonl,1786246567603,ask_detail,neutral,0.55,True,konfirmasi produk bukan kaos (ambigu)
comment_001016,aku cari kaos,638aeb55-0422-41b9-a8d0-a0c6398736ef,erigo.store_7671851717870291732_20260809-103212.jsonl,1786246576270,ask_stock,neutral,0.6,False,cari produk kaos
comment_001017,aku cari yg haos aja,638aeb55-0422-41b9-a8d0-a0c6398736ef,erigo.store_7671851717870291732_20260809-103212.jsonl,1786246589685,ask_stock,neutral,0.6,False,cari produk kaos
comment_001018,ia pas,638aeb55-0422-41b9-a8d0-a0c6398736ef,erigo.store_7671851717870291732_20260809-103212.jsonl,1786246605134,other,neutral,0.5,True,balasan singkat ambigu
comment_001019,masha grey,638aeb55-0422-41b9-a8d0-a0c6398736ef,erigo.store_7671851717870291732_20260809-103212.jsonl,1786246619085,ask_detail,neutral,0.6,False,minta matcha grey
comment_001020,gmn ya warna ya,638aeb55-0422-41b9-a8d0-a0c6398736ef,erigo.store_7671851717870291732_20260809-103212.jsonl,1786246647422,ask_detail,neutral,0.6,False,tanya warna
comment_001021,karga standar ada gak,638aeb55-0422-41b9-a8d0-a0c6398736ef,erigo.store_7671851717870291732_20260809-103212.jsonl,1786246676224,ask_price,neutral,0.6,False,tanya harga standar
comment_001022,[laughcry][laughcry],638aeb55-0422-41b9-a8d0-a0c6398736ef,erigo.store_7671851717870291732_20260809-103212.jsonl,1786246713394,noise,neutral,0.6,True,hanya emoji sticker
comment_001023,jacui dan Oliver apa bedanya kak,638aeb55-0422-41b9-a8d0-a0c6398736ef,erigo.store_7671851717870291732_20260809-103212.jsonl,1786247192001,ask_detail,neutral,0.75,False,tanya beda produk Jacui dan Oliver
comment_001024,Oliver liat kak,638aeb55-0422-41b9-a8d0-a0c6398736ef,erigo.store_7671851717870291732_20260809-103212.jsonl,1786247318141,ask_detail,neutral,0.75,False,minta lihat Oliver
comment_001025,pakde buat kerja lapangan,638aeb55-0422-41b9-a8d0-a0c6398736ef,erigo.store_7671851717870291732_20260809-103212.jsonl,1786247353531,ask_stock,neutral,0.6,False,cari produk untuk kerja lapangan
comment_001026,pengiriman dari mana kak?,638aeb55-0422-41b9-a8d0-a0c6398736ef,erigo.store_7671851717870291732_20260809-103212.jsonl,1786247389841,ask_price,neutral,0.6,False,tanya asal pengiriman
comment_001027,BB 65 TB 165,638aeb55-0422-41b9-a8d0-a0c6398736ef,erigo.store_7671851717870291732_20260809-103212.jsonl,1786247627885,ask_measurement,neutral,0.9,False,BB/TB saja
comment_001028,bb 65 tinggi 180 ?,638aeb55-0422-41b9-a8d0-a0c6398736ef,erigo.store_7671851717870291732_20260809-103212.jsonl,1786247643633,ask_measurement,neutral,0.9,False,BB/TB saja
comment_001029,yang pendek ka,638aeb55-0422-41b9-a8d0-a0c6398736ef,erigo.store_7671851717870291732_20260809-103212.jsonl,1786247676368,ask_stock,neutral,0.6,False,cari produk yang pendek
comment_001030,celanaa bang,638aeb55-0422-41b9-a8d0-a0c6398736ef,erigo.store_7671851717870291732_20260809-103212.jsonl,1786247680358,ask_stock,neutral,0.6,False,cari produk celana
comment_001031,kalau panjang ka,638aeb55-0422-41b9-a8d0-a0c6398736ef,erigo.store_7671851717870291732_20260809-103212.jsonl,1786247743348,ask_stock,neutral,0.55,True,kalau yang panjang (ambigu)
comment_001032,size yg lu pake bang,638aeb55-0422-41b9-a8d0-a0c6398736ef,erigo.store_7671851717870291732_20260809-103212.jsonl,1786247823049,ask_size_fit,neutral,0.75,False,tanya size yang dipakai host
comment_001033,Hoodie itemnya ka,638aeb55-0422-41b9-a8d0-a0c6398736ef,erigo.store_7671851717870291732_20260809-103212.jsonl,1786247834665,ask_detail,neutral,0.65,False,minta hoodie hitam
comment_001034,udah co yg oliver kak yas,638aeb55-0422-41b9-a8d0-a0c6398736ef,erigo.store_7671851717870291732_20260809-103212.jsonl,1786247947996,purchase_intent,neutral,0.85,False,sudah checkout Oliver
comment_001035,etalase brp itu k,638aeb55-0422-41b9-a8d0-a0c6398736ef,erigo.store_7671851717870291732_20260809-103212.jsonl,1786247980134,ask_stock,neutral,0.8,False,tanya etalase berapa
comment_001036,ka celana chino warna khaki ada ga?,638aeb55-0422-41b9-a8d0-a0c6398736ef,erigo.store_7671851717870291732_20260809-103212.jsonl,1786248152373,ask_stock,neutral,0.8,False,tanya ketersediaan chino khaki
comment_001037,flanel da ngga?,638aeb55-0422-41b9-a8d0-a0c6398736ef,erigo.store_7671851717870291732_20260809-103212.jsonl,1786248382690,ask_stock,neutral,0.8,False,tanya ketersediaan flanel
comment_001038,Cino buat cowo bang yg bahan licin,638aeb55-0422-41b9-a8d0-a0c6398736ef,erigo.store_7671851717870291732_20260809-103212.jsonl,1786248616507,ask_detail,neutral,0.65,False,cari chino cowo bahan licin
comment_001039,kalo ada yg sesuai saya bilang mau cek out,638aeb55-0422-41b9-a8d0-a0c6398736ef,erigo.store_7671851717870291732_20260809-103212.jsonl,1786248695039,purchase_intent,neutral,0.7,False,mau checkout kalau sesuai
comment_001040,Ririn mna kk,638aeb55-0422-41b9-a8d0-a0c6398736ef,erigo.store_7671851717870291732_20260809-103212.jsonl,1786248733072,other,neutral,0.5,True,sapaan nama singkat
comment_001041,pilihan warna nya ko ga ada,638aeb55-0422-41b9-a8d0-a0c6398736ef,erigo.store_7671851717870291732_20260809-103212.jsonl,1786248769009,ask_stock,negative,0.6,False,keluhan pilihan warna tidak ada
comment_001042,size sma pilihan warna kang di masukan,638aeb55-0422-41b9-a8d0-a0c6398736ef,erigo.store_7671851717870291732_20260809-103212.jsonl,1786248854994,ask_stock,neutral,0.7,False,minta size dan warna dimasukkan
comment_001043,wana moca SMA cream nya ga ada bang,638aeb55-0422-41b9-a8d0-a0c6398736ef,erigo.store_7671851717870291732_20260809-103212.jsonl,1786248980933,ask_stock,neutral,0.65,False,keluhan warna moca/cream tidak ada
comment_001044,size 30/31 Cino yg bahan licin kalo ada mau cek out 2,638aeb55-0422-41b9-a8d0-a0c6398736ef,erigo.store_7671851717870291732_20260809-103212.jsonl,1786249006243,purchase_intent,neutral,0.75,False,mau checkout 2 kalau ada
comment_001045,engga ada yaa berarti,638aeb55-0422-41b9-a8d0-a0c6398736ef,erigo.store_7671851717870291732_20260809-103212.jsonl,1786249086001,ask_stock,neutral,0.6,False,konfirmasi tidak ada
comment_001046,kak spil knitwear erigo yg pernah di pake kak raline,638aeb55-0422-41b9-a8d0-a0c6398736ef,erigo.store_7671851717870291732_20260809-103212.jsonl,1786249654952,ask_detail,neutral,0.85,False,spil knitwear yang dipakai Raline
comment_001047,"bukan kak, bahan rajut kynyaa",638aeb55-0422-41b9-a8d0-a0c6398736ef,erigo.store_7671851717870291732_20260809-103212.jsonl,1786249725280,ask_detail,neutral,0.6,False,klarifikasi bahan rajut
comment_001048,"kak, kemeja burgundy celana nya yg macth warna apa ya buat acara formal?",638aeb55-0422-41b9-a8d0-a0c6398736ef,erigo.store_7671851717870291732_20260809-103212.jsonl,1786250342769,ask_detail,neutral,0.7,False,tanya warna celana cocok untuk formal
comment_001049,pengen celana nya yg slim fit kak,638aeb55-0422-41b9-a8d0-a0c6398736ef,erigo.store_7671851717870291732_20260809-103212.jsonl,1786250453735,ask_size_fit,neutral,0.65,False,mau celana slim fit
comment_001050,kalo coklat gmn kak?,638aeb55-0422-41b9-a8d0-a0c6398736ef,erigo.store_7671851717870291732_20260809-103212.jsonl,1786250490822,ask_detail,neutral,0.6,False,tanya kemungkinan warna coklat
comment_001051,urgundy nya agak ke unguan soal nya bukan coklat,638aeb55-0422-41b9-a8d0-a0c6398736ef,erigo.store_7671851717870291732_20260809-103212.jsonl,1786250521388,ask_detail,neutral,0.65,False,klarifikasi warna burgundy keunguan
comment_001052,jaket ada kak?,638aeb55-0422-41b9-a8d0-a0c6398736ef,erigo.store_7671851717870291732_20260809-103212.jsonl,1786250569043,ask_stock,neutral,0.8,False,tanya ketersediaan jaket
comment_001053,buat sehari-hari aja ka,638aeb55-0422-41b9-a8d0-a0c6398736ef,erigo.store_7671851717870291732_20260809-103212.jsonl,1786250640572,ask_stock,neutral,0.6,False,cari untuk sehari-hari
comment_001054,warna lain coba kak,638aeb55-0422-41b9-a8d0-a0c6398736ef,erigo.store_7671851717870291732_20260809-103212.jsonl,1786250646512,ask_detail,neutral,0.6,False,minta lihat warna lain
comment_001055,"BB 82,TB 176 KA?",638aeb55-0422-41b9-a8d0-a0c6398736ef,erigo.store_7671851717870291732_20260809-103212.jsonl,1786250759588,ask_measurement,neutral,0.9,False,BB/TB saja
comment_001056,buat TB 170an sama BB 80,638aeb55-0422-41b9-a8d0-a0c6398736ef,erigo.store_7671851717870291732_20260809-103212.jsonl,1786250770266,ask_measurement,neutral,0.85,False,TB/BB hanya perkiraan
comment_001057,"kak, liat yg warna item dong celana chinos nya",638aeb55-0422-41b9-a8d0-a0c6398736ef,erigo.store_7671851717870291732_20260809-103212.jsonl,1786250984291,ask_detail,neutral,0.8,False,minta lihat celana chinos hitam
comment_001058,Bb 77 tb 178 size apa,638aeb55-0422-41b9-a8d0-a0c6398736ef,erigo.store_7671851717870291732_20260809-103212.jsonl,1786251027715,ask_measurement,neutral,0.9,False,BB/TB + tanya size
comment_001059,itu Stretch kn bahan pas bagian pinggang nya?,638aeb55-0422-41b9-a8d0-a0c6398736ef,erigo.store_7671851717870291732_20260809-103212.jsonl,1786251095914,ask_detail,neutral,0.7,False,tanya stretch bahan di pinggang
comment_001060,itu pensil gk bawah nya?,638aeb55-0422-41b9-a8d0-a0c6398736ef,erigo.store_7671851717870291732_20260809-103212.jsonl,1786251140549,ask_size_fit,neutral,0.65,False,tanya model pensil di bagian bawah
comment_001061,pengen yg pensil kak ada gk,638aeb55-0422-41b9-a8d0-a0c6398736ef,erigo.store_7671851717870291732_20260809-103212.jsonl,1786251189163,ask_stock,neutral,0.7,False,tanya ketersediaan model pensil
comment_001062,34 nih ya gk kegedean,638aeb55-0422-41b9-a8d0-a0c6398736ef,erigo.store_7671851717870291732_20260809-103212.jsonl,1786251254939,ask_size_fit,neutral,0.7,False,konfirmasi size 34 kegedean atau tidak
comment_001063,33 sih kya nya,638aeb55-0422-41b9-a8d0-a0c6398736ef,erigo.store_7671851717870291732_20260809-103212.jsonl,1786251312654,ask_size_fit,neutral,0.6,False,perkiraan size 33
comment_001064,kalo dark grey coba spill kak,638aeb55-0422-41b9-a8d0-a0c6398736ef,erigo.store_7671851717870291732_20260809-103212.jsonl,1786251392000,ask_detail,neutral,0.85,False,minta spill dark grey
comment_001065,bagusan mana sma item klo di match sma burgundy keunguan?,638aeb55-0422-41b9-a8d0-a0c6398736ef,erigo.store_7671851717870291732_20260809-103212.jsonl,1786251450859,ask_detail,neutral,0.7,False,minta rekomendasi warna cocok burgundy
comment_001066,ok aku co yg item ya,638aeb55-0422-41b9-a8d0-a0c6398736ef,erigo.store_7671851717870291732_20260809-103212.jsonl,1786251486301,purchase_intent,neutral,0.8,False,akan checkout warna hitam
comment_001067,etalase brpa kak?,638aeb55-0422-41b9-a8d0-a0c6398736ef,erigo.store_7671851717870291732_20260809-103212.jsonl,1786251513042,ask_stock,neutral,0.8,False,tanya etalase berapa
comment_001068,"kaa, ga kangen jkt48??",638aeb55-0422-41b9-a8d0-a0c6398736ef,erigo.store_7671851717870291732_20260809-103212.jsonl,1786252548192,other,neutral,0.6,False,obrolan JKT48
comment_001069,warna maroon ada ga,638aeb55-0422-41b9-a8d0-a0c6398736ef,erigo.store_7671851717870291732_20260809-103212.jsonl,1786253587435,ask_stock,neutral,0.8,False,tanya ketersediaan warna maroon
comment_001070,bukan wrna merah cerah kan kak,638aeb55-0422-41b9-a8d0-a0c6398736ef,erigo.store_7671851717870291732_20260809-103212.jsonl,1786253653814,ask_detail,neutral,0.6,False,klarifikasi bukan merah cerah
comment_001071,bang kalo bb70 ukuran apa,638aeb55-0422-41b9-a8d0-a0c6398736ef,erigo.store_7671851717870291732_20260809-103212.jsonl,1786253658442,ask_measurement,neutral,0.9,False,BB + tanya ukuran
comment_001072,kak kaos pendek warna hitam yang bestseller yang mana? spill,638aeb55-0422-41b9-a8d0-a0c6398736ef,erigo.store_7671851717870291732_20260809-103212.jsonl,1786253669329,ask_stock,neutral,0.7,False,minta rekomendasi kaos hitam bestseller
comment_001073,kemeja bang,638aeb55-0422-41b9-a8d0-a0c6398736ef,erigo.store_7671851717870291732_20260809-103212.jsonl,1786253701424,ask_stock,neutral,0.6,False,cari produk kemeja
comment_001074,M kak,638aeb55-0422-41b9-a8d0-a0c6398736ef,erigo.store_7671851717870291732_20260809-103212.jsonl,1786253726201,ask_size_fit,neutral,0.6,False,sebut size M
comment_001075,itu etalase brp,638aeb55-0422-41b9-a8d0-a0c6398736ef,erigo.store_7671851717870291732_20260809-103212.jsonl,1786253732618,ask_stock,neutral,0.8,False,tanya etalase berapa
comment_001076,kalo L lebar dada brapa bang,638aeb55-0422-41b9-a8d0-a0c6398736ef,erigo.store_7671851717870291732_20260809-103212.jsonl,1786253767409,ask_measurement,neutral,0.85,False,tanya lebar dada size L
comment_001077,bahan gerah ga si?,638aeb55-0422-41b9-a8d0-a0c6398736ef,erigo.store_7671851717870291732_20260809-103212.jsonl,1786253870693,ask_detail,neutral,0.8,False,tanya bahan gerah atau tidak
comment_001078,iya kaos,638aeb55-0422-41b9-a8d0-a0c6398736ef,erigo.store_7671851717870291732_20260809-103212.jsonl,1786253934636,other,neutral,0.5,True,balasan singkat ambigu
comment_001079,hudi ada gak kk,638aeb55-0422-41b9-a8d0-a0c6398736ef,erigo.store_7671851717870291732_20260809-103212.jsonl,1786253994976,ask_stock,neutral,0.8,False,tanya ketersediaan hoodie
comment_001080,Celana buat cwo tinggi bagusan mana ka,638aeb55-0422-41b9-a8d0-a0c6398736ef,erigo.store_7671851717870291732_20260809-103212.jsonl,1786254008254,ask_stock,neutral,0.65,False,minta rekomendasi celana cowo tinggi
comment_001081,Eta brpa,638aeb55-0422-41b9-a8d0-a0c6398736ef,erigo.store_7671851717870291732_20260809-103212.jsonl,1786254045801,ask_stock,neutral,0.8,False,tanya etalase berapa
comment_001082,udah dijelasin di chaaatnyaa,2b778950-892c-4dfc-8212-664dc672cbcc,erigo.store_7672188751569210132_20260810-110700.jsonl,1786333663624,other,neutral,0.6,False,info sudah dijelaskan di chat
comment_001083,makasiih,2b778950-892c-4dfc-8212-664dc672cbcc,erigo.store_7672188751569210132_20260810-110700.jsonl,1786333701203,other,positive,0.7,False,ucapan terima kasih
comment_001084,eta 1 itu untuk bb 100 tb 183 ukuran apa kaa?,2b778950-892c-4dfc-8212-664dc672cbcc,erigo.store_7672188751569210132_20260810-110700.jsonl,1786333773211,ask_measurement,neutral,0.85,False,BB/TB + tanya ukuran etalase 1
comment_001085,Bg spil chino slim fit yg warna khaki,2b778950-892c-4dfc-8212-664dc672cbcc,erigo.store_7672188751569210132_20260810-110700.jsonl,1786334471281,ask_detail,neutral,0.85,False,spil chino slim fit khaki
comment_001086,Bg spil chino slim fit warna khaki,2b778950-892c-4dfc-8212-664dc672cbcc,erigo.store_7672188751569210132_20260810-110700.jsonl,1786334506165,ask_detail,neutral,0.85,False,spil chino slim fit khaki
comment_001095,celana panjang BB 100,2b778950-892c-4dfc-8212-664dc672cbcc,erigo.store_7672188751569210132_20260810-110700.jsonl,1786334970661,ask_measurement,neutral,0.7,False,BB + konteks celana panjang
comment_001096,uda co ya kaa eta 1,2b778950-892c-4dfc-8212-664dc672cbcc,erigo.store_7672188751569210132_20260810-110700.jsonl,1786335061525,purchase_intent,neutral,0.85,False,sudah checkout etalase 1
comment_001097,brgnya bru sampai trnyta uk 40k kebesaran bnget😭😭,2b778950-892c-4dfc-8212-664dc672cbcc,erigo.store_7672188751569210132_20260810-110700.jsonl,1786335300673,ask_size_fit,negative,0.7,False,keluhan ukuran 40 kebesaran
comment_001098,buat suamiku kak,2b778950-892c-4dfc-8212-664dc672cbcc,erigo.store_7672188751569210132_20260810-110700.jsonl,1786335325538,ask_measurement,neutral,0.55,True,konteks ukuran suami (ambigu)
comment_001099,celana jogger pants uk 40 sya mau ganti ke no 38😭,2b778950-892c-4dfc-8212-664dc672cbcc,erigo.store_7672188751569210132_20260810-110700.jsonl,1786335343947,ask_size_fit,neutral,0.7,False,mau ganti ukuran 40 ke 38
comment_001100,tb suamiku 165 bb 80,2b778950-892c-4dfc-8212-664dc672cbcc,erigo.store_7672188751569210132_20260810-110700.jsonl,1786335406073,ask_measurement,neutral,0.85,False,TB/BB untuk suami
comment_001101,trnyta uk 40 besar bnget😭,2b778950-892c-4dfc-8212-664dc672cbcc,erigo.store_7672188751569210132_20260810-110700.jsonl,1786335417431,ask_size_fit,negative,0.7,False,keluhan ukuran 40 kebesaran
comment_001102,bisa return ngak kak? 😭,2b778950-892c-4dfc-8212-664dc672cbcc,erigo.store_7672188751569210132_20260810-110700.jsonl,1786335473612,other,neutral,0.65,False,tanya kebijakan return
comment_001103,"akunya kira"" doang kak kmrin tkut nya uk 38 kecil",2b778950-892c-4dfc-8212-664dc672cbcc,erigo.store_7672188751569210132_20260810-110700.jsonl,1786335523598,ask_size_fit,neutral,0.7,False,ragu ukuran 38 kecil
comment_001104,BB 59 TB 165 pakai size apa ka?,2b778950-892c-4dfc-8212-664dc672cbcc,erigo.store_7672188751569210132_20260810-110700.jsonl,1786336077878,ask_measurement,neutral,0.9,False,BB/TB + tanya size
comment_001105,etalase 54,2b778950-892c-4dfc-8212-664dc672cbcc,erigo.store_7672188751569210132_20260810-110700.jsonl,1786336153778,ask_stock,neutral,0.85,False,sebut etalase 54
comment_001106,hoodie ka yg item,2b778950-892c-4dfc-8212-664dc672cbcc,erigo.store_7672188751569210132_20260810-110700.jsonl,1786336609356,ask_detail,neutral,0.65,False,minta hoodie hitam
comment_001107,hoodie yg di postingaan itu belinya dmna ya ka,2b778950-892c-4dfc-8212-664dc672cbcc,erigo.store_7672188751569210132_20260810-110700.jsonl,1786336656403,ask_stock,neutral,0.7,False,tanya tempat beli hoodie di postingan
comment_001108,yg black to black,2b778950-892c-4dfc-8212-664dc672cbcc,erigo.store_7672188751569210132_20260810-110700.jsonl,1786336738477,ask_detail,neutral,0.6,False,minta produk black to black
comment_001109,wadu cakep tu,2b778950-892c-4dfc-8212-664dc672cbcc,erigo.store_7672188751569210132_20260810-110700.jsonl,1786336778581,other,positive,0.6,False,komentar cakep
comment_001110,etalase 38 kak wrna brenn navy🙏,2b778950-892c-4dfc-8212-664dc672cbcc,erigo.store_7672188751569210132_20260810-110700.jsonl,1786337605755,ask_stock,neutral,0.7,False,sebut etalase 38 warna burnt navy
comment_001111,yg etalase 5 cairo grey kak,2b778950-892c-4dfc-8212-664dc672cbcc,erigo.store_7672188751569210132_20260810-110700.jsonl,1786337817472,ask_stock,neutral,0.7,False,sebut etalase 5 cairo grey
comment_001112,kak liat kemeja putih tangan panjang,2b778950-892c-4dfc-8212-664dc672cbcc,erigo.store_7672188751569210132_20260810-110700.jsonl,1786338126575,ask_detail,neutral,0.8,False,minta lihat kemeja putih lengan panjang
comment_001113,eta 26 kk,2b778950-892c-4dfc-8212-664dc672cbcc,erigo.store_7672188751569210132_20260810-110700.jsonl,1786338660751,ask_stock,neutral,0.85,False,sebut etalase 26
comment_001114,spil eta 5 bg?,2b778950-892c-4dfc-8212-664dc672cbcc,erigo.store_7672188751569210132_20260810-110700.jsonl,1786339430843,ask_detail,neutral,0.85,False,spil etalase 5
comment_001115,spill 15 bg,2b778950-892c-4dfc-8212-664dc672cbcc,erigo.store_7672188751569210132_20260810-110700.jsonl,1786339449117,ask_detail,neutral,0.8,False,spill etalase 15
comment_001116,oke bg udah co,2b778950-892c-4dfc-8212-664dc672cbcc,erigo.store_7672188751569210132_20260810-110700.jsonl,1786339649568,purchase_intent,neutral,0.85,False,sudah checkout
comment_001117,suarane ngebass,2b778950-892c-4dfc-8212-664dc672cbcc,erigo.store_7672188751569210132_20260810-110700.jsonl,1786339876118,other,neutral,0.6,False,komentar suara host
comment_001118,crewneck / sweter ada min,2b778950-892c-4dfc-8212-664dc672cbcc,erigo.store_7672188751569210132_20260810-110700.jsonl,1786339903134,ask_stock,neutral,0.8,False,tanya ketersediaan crewneck/sweater
comment_001119,bang no 18 untuk bb 72 tb 174,2b778950-892c-4dfc-8212-664dc672cbcc,erigo.store_7672188751569210132_20260810-110700.jsonl,1786341126922,ask_measurement,neutral,0.85,False,BB/TB + nomor etalase 18
comment_001120,mas klo celana chino yg bawahnya agak lebar rata ke atas atau reguler gtu eta brp,42e0c30b-663b-45ed-a6e6-c5e7f8fdd3a9,erigo.store_7673670379549330197_20260815-012248.jsonl,1786731019793,ask_stock,neutral,0.7,False,tanya etalase chino bawah lebar
comment_001121,erigo relax itu bedanya apa ya sm chino biasa,42e0c30b-663b-45ed-a6e6-c5e7f8fdd3a9,erigo.store_7673670379549330197_20260815-012248.jsonl,1786731236320,ask_detail,neutral,0.75,False,tanya beda relax dan chino biasa
comment_001122,yg relax size 40 yg masih ready eta brp?,42e0c30b-663b-45ed-a6e6-c5e7f8fdd3a9,erigo.store_7673670379549330197_20260815-012248.jsonl,1786731345540,ask_stock,neutral,0.7,False,tanya etalase relax size 40 ready
comment_001123,bb 97 tb 173,42e0c30b-663b-45ed-a6e6-c5e7f8fdd3a9,erigo.store_7673670379549330197_20260815-012248.jsonl,1786731381681,ask_measurement,neutral,0.9,False,BB/TB saja
comment_001124,saya ud beli chino yg biasa pake size 40,42e0c30b-663b-45ed-a6e6-c5e7f8fdd3a9,erigo.store_7673670379549330197_20260815-012248.jsonl,1786731403627,purchase_intent,neutral,0.8,False,sudah beli chino size 40
comment_001125,oh klo yg relax lebih longgar brrti pinggangnya juga ya yg relax??,42e0c30b-663b-45ed-a6e6-c5e7f8fdd3a9,erigo.store_7673670379549330197_20260815-012248.jsonl,1786731429735,ask_size_fit,neutral,0.7,False,tanya longgar pinggang relax
comment_001132,outer yg dipakek eta brp,42e0c30b-663b-45ed-a6e6-c5e7f8fdd3a9,erigo.store_7673670379549330197_20260815-012248.jsonl,1786731824548,ask_stock,neutral,0.8,False,tanya etalase outer yang dipakai
comment_001133,eta 70 gede juga ga sizeny?!sm kaya relax??,42e0c30b-663b-45ed-a6e6-c5e7f8fdd3a9,erigo.store_7673670379549330197_20260815-012248.jsonl,1786731902700,ask_size_fit,neutral,0.7,False,tanya size etalase 70 gede seperti relax
comment_001134,yg td kos tlse brp,42e0c30b-663b-45ed-a6e6-c5e7f8fdd3a9,erigo.store_7673670379549330197_20260815-012248.jsonl,1786732195582,ask_stock,neutral,0.6,False,tanya etalase yang tadi kosong
comment_001135,ok kak,e4b31dad-a790-4846-8892-70714a53d352,erigo.store_7674047945141930772_20260815-134827.jsonl,1786775685489,other,neutral,0.5,True,balasan singkat ambigu
comment_001136,kemeja hitam pendek,e4b31dad-a790-4846-8892-70714a53d352,erigo.store_7674047945141930772_20260815-134827.jsonl,1786776225406,ask_detail,neutral,0.65,False,minta kemeja hitam pendek
comment_001137,tu size brp,e4b31dad-a790-4846-8892-70714a53d352,erigo.store_7674047945141930772_20260815-134827.jsonl,1786776338930,ask_size_fit,neutral,0.7,False,tanya size yang ditunjuk
comment_001138,yg di pake,e4b31dad-a790-4846-8892-70714a53d352,erigo.store_7674047945141930772_20260815-134827.jsonl,1786776353942,ask_stock,neutral,0.55,True,yang dipakai (ambigu)
comment_001139,kka spil et 22,e4b31dad-a790-4846-8892-70714a53d352,erigo.store_7674047945141930772_20260815-134827.jsonl,1786776396656,ask_detail,neutral,0.85,False,spil etalase 22
comment_001140,TB 165 BB 50,e4b31dad-a790-4846-8892-70714a53d352,erigo.store_7674047945141930772_20260815-134827.jsonl,1786776404040,ask_measurement,neutral,0.9,False,TB/BB saja
comment_001147,bng bb 45 tb 165 etalase size apa,97a13eb0-849a-41d3-b856-5784dd3638c8,mybasic.indonesia_7671468238034717460_20260808-221308.jsonl,1786201951979,ask_measurement,neutral,0.85,False,BB/TB + tanya size etalase
comment_001148,"BB 43-44 kurus,tinggi sekitaran 170 keatas ambil size berapa mau ambil oversize",97a13eb0-849a-41d3-b856-5784dd3638c8,mybasic.indonesia_7671468238034717460_20260808-221308.jsonl,1786201955828,ask_measurement,neutral,0.85,False,BB/TB + tanya ukuran oversize
comment_001149,kak itu beda bahannya apa ya,97a13eb0-849a-41d3-b856-5784dd3638c8,mybasic.indonesia_7671468238034717460_20260808-221308.jsonl,1786201955623,ask_detail,neutral,0.75,False,tanya beda bahan
comment_001151,henley boxy long sleeve tb 170 bb 60 pke size apa bang,97a13eb0-849a-41d3-b856-5784dd3638c8,mybasic.indonesia_7671468238034717460_20260808-221308.jsonl,1786201982514,ask_measurement,neutral,0.9,False,BB + tanya ukuran
comment_001152,"BB 43-44 kurus,tinggi sekitaran 170 keatas ambil size berapa",97a13eb0-849a-41d3-b856-5784dd3638c8,mybasic.indonesia_7671468238034717460_20260808-221308.jsonl,1786201984451,ask_measurement,neutral,0.9,False,BB/TB + tanya ukuran
comment_001159,bb 60 tb 165 size apa,97a13eb0-849a-41d3-b856-5784dd3638c8,mybasic.indonesia_7671468238034717460_20260808-221308.jsonl,1786201988965,ask_measurement,neutral,0.9,False,BB/TB + tanya ukuran
comment_001160,BB 75 boxy piped UK ap,97a13eb0-849a-41d3-b856-5784dd3638c8,mybasic.indonesia_7671468238034717460_20260808-221308.jsonl,1786201994505,ask_measurement,neutral,0.9,False,BB + tanya ukuran
comment_001163,aku dah co etls 9 XL muat ga bb 90?,97a13eb0-849a-41d3-b856-5784dd3638c8,mybasic.indonesia_7671468238034717460_20260808-221308.jsonl,1786202016719,purchase_intent,neutral,0.65,False,dah co + konfirmasi muat
comment_001166,spill et 2 wrna maron kak,97a13eb0-849a-41d3-b856-5784dd3638c8,mybasic.indonesia_7671468238034717460_20260808-221308.jsonl,1786202028006,ask_detail,neutral,0.85,False,spill etalase 2 warna maron
comment_001168,gw udah co bang,97a13eb0-849a-41d3-b856-5784dd3638c8,mybasic.indonesia_7671468238034717460_20260808-221308.jsonl,1786202051487,purchase_intent,neutral,0.85,False,sudah checkout
comment_001169,etalase 11 bang,97a13eb0-849a-41d3-b856-5784dd3638c8,mybasic.indonesia_7671468238034717460_20260808-221308.jsonl,1786202054249,ask_stock,neutral,0.55,True,cari produk etalase 11 (ambigu)
comment_001170,"yg di pake 173, 68 ambil size apa biar kaya gtu?",97a13eb0-849a-41d3-b856-5784dd3638c8,mybasic.indonesia_7671468238034717460_20260808-221308.jsonl,1786202061441,ask_measurement,neutral,0.85,False,TB/BB + tanya ukuran
comment_001171,dpke uk apq,97a13eb0-849a-41d3-b856-5784dd3638c8,mybasic.indonesia_7671468238034717460_20260808-221308.jsonl,1786202075398,ask_size_fit,neutral,0.75,False,tanya ukuran yang dipakai
comment_001172,et 1 sama 2 apa bedanya bang?,97a13eb0-849a-41d3-b856-5784dd3638c8,mybasic.indonesia_7671468238034717460_20260808-221308.jsonl,1786202082033,ask_detail,neutral,0.8,False,tanya beda produk
comment_001173,171 70,97a13eb0-849a-41d3-b856-5784dd3638c8,mybasic.indonesia_7671468238034717460_20260808-221308.jsonl,1786202088723,ask_measurement,neutral,0.5,True,angka TB/BB saja
comment_001174,"bedanya reguler dan reguler fit, tb 160, bb 52",97a13eb0-849a-41d3-b856-5784dd3638c8,mybasic.indonesia_7671468238034717460_20260808-221308.jsonl,1786202092127,ask_detail,neutral,0.8,False,tanya beda model + TB/BB
comment_001175,"68, 173cm ambil M bang?",97a13eb0-849a-41d3-b856-5784dd3638c8,mybasic.indonesia_7671468238034717460_20260808-221308.jsonl,1786202105567,ask_measurement,neutral,0.85,False,BB/TB + konfirmasi ukuran
comment_001176,Kalo henley bb100 pake apa kak,97a13eb0-849a-41d3-b856-5784dd3638c8,mybasic.indonesia_7671468238034717460_20260808-221308.jsonl,1786202117820,ask_measurement,neutral,0.9,False,BB + tanya ukuran
comment_001177,okee oke bang,97a13eb0-849a-41d3-b856-5784dd3638c8,mybasic.indonesia_7671468238034717460_20260808-221308.jsonl,1786202123241,other,neutral,0.7,False,balasan/acknowledge
comment_001178,"fitted tee bang, tb 165 bb 60",97a13eb0-849a-41d3-b856-5784dd3638c8,mybasic.indonesia_7671468238034717460_20260808-221308.jsonl,1786202138585,ask_measurement,neutral,0.9,False,BB/TB saja
comment_001179,masa iya bang lu pake M.,97a13eb0-849a-41d3-b856-5784dd3638c8,mybasic.indonesia_7671468238034717460_20260808-221308.jsonl,1786202144763,other,neutral,0.7,False,sanggahan/obrolan
comment_001180,aku etalase 6&7 ambil ukuran L 85/167 udah checkout,97a13eb0-849a-41d3-b856-5784dd3638c8,mybasic.indonesia_7671468238034717460_20260808-221308.jsonl,1786202185917,purchase_intent,neutral,0.85,False,sudah checkout
comment_001181,ada slim fit ga kak atau regular,97a13eb0-849a-41d3-b856-5784dd3638c8,mybasic.indonesia_7671468238034717460_20260808-221308.jsonl,1786202217504,ask_stock,neutral,0.75,False,tanya ketersediaan model
comment_001182,Yg oversize,97a13eb0-849a-41d3-b856-5784dd3638c8,mybasic.indonesia_7671468238034717460_20260808-221308.jsonl,1786202221371,ask_size_fit,neutral,0.5,True,pilih model oversize (ambigu)
comment_001183,klo eta 6 bb 65 tb 168 ukrn apa,97a13eb0-849a-41d3-b856-5784dd3638c8,mybasic.indonesia_7671468238034717460_20260808-221308.jsonl,1786202229821,ask_measurement,neutral,0.9,False,BB/TB + tanya ukuran
comment_001184,Bedanya 15 ama 17 apa bang,97a13eb0-849a-41d3-b856-5784dd3638c8,mybasic.indonesia_7671468238034717460_20260808-221308.jsonl,1786202242538,ask_detail,neutral,0.8,False,tanya beda produk
comment_001185,BB 56 TB 150,97a13eb0-849a-41d3-b856-5784dd3638c8,mybasic.indonesia_7671468238034717460_20260808-221308.jsonl,1786202245995,ask_measurement,neutral,0.9,False,BB/TB saja
comment_001186,fitted air beda nya apa bang?,97a13eb0-849a-41d3-b856-5784dd3638c8,mybasic.indonesia_7671468238034717460_20260808-221308.jsonl,1786202246130,ask_detail,neutral,0.8,False,tanya beda produk
comment_001188,et brapa bang yg dipake?,97a13eb0-849a-41d3-b856-5784dd3638c8,mybasic.indonesia_7671468238034717460_20260808-221308.jsonl,1786202253839,ask_stock,neutral,0.8,False,tanya etalase yang dipakai
comment_001189,Ringer tee ukurannya sama gak sama fitter tee?,97a13eb0-849a-41d3-b856-5784dd3638c8,mybasic.indonesia_7671468238034717460_20260808-221308.jsonl,1786202255286,ask_size_fit,neutral,0.75,False,tanya kesamaan ukuran produk
comment_001190,fitted air beda nyaa apa bang?,97a13eb0-849a-41d3-b856-5784dd3638c8,mybasic.indonesia_7671468238034717460_20260808-221308.jsonl,1786202270442,ask_detail,neutral,0.8,False,tanya beda produk
comment_001191,BB 56 TB 150 ukuran m?,97a13eb0-849a-41d3-b856-5784dd3638c8,mybasic.indonesia_7671468238034717460_20260808-221308.jsonl,1786202285952,ask_measurement,neutral,0.9,False,BB/TB + konfirmasi ukuran
comment_001192,kakak untuk TB 174 dan BB 59 size apa ?,97a13eb0-849a-41d3-b856-5784dd3638c8,mybasic.indonesia_7671468238034717460_20260808-221308.jsonl,1786202298980,ask_measurement,neutral,0.9,False,TB/BB + tanya ukuran
comment_001193,"Bedanya eta 11 sma 12 apa kan sama"" oversize?",97a13eb0-849a-41d3-b856-5784dd3638c8,mybasic.indonesia_7671468238034717460_20260808-221308.jsonl,1786202304900,ask_detail,neutral,0.8,False,tanya beda etalase
comment_001194,6 sama 11 bedanya apa ka?,97a13eb0-849a-41d3-b856-5784dd3638c8,mybasic.indonesia_7671468238034717460_20260808-221308.jsonl,1786202306645,ask_detail,neutral,0.8,False,tanya beda produk
comment_001195,ringer tee warna coklat itu kerah nya bukan warna putih kan?,97a13eb0-849a-41d3-b856-5784dd3638c8,mybasic.indonesia_7671468238034717460_20260808-221308.jsonl,1786202310553,ask_detail,neutral,0.8,False,tanya detail kerah
comment_001196,kalo ls regular yang etalase brp bang,97a13eb0-849a-41d3-b856-5784dd3638c8,mybasic.indonesia_7671468238034717460_20260808-221308.jsonl,1786202311061,ask_stock,neutral,0.8,False,tanya etalase berapa
comment_001197,mau beli yang henley tapi ambil size ap ya ?,97a13eb0-849a-41d3-b856-5784dd3638c8,mybasic.indonesia_7671468238034717460_20260808-221308.jsonl,1786202322501,purchase_intent,neutral,0.7,False,mau beli + tanya ukuran
comment_001198,"tq admin, test order 5 item dulu",97a13eb0-849a-41d3-b856-5784dd3638c8,mybasic.indonesia_7671468238034717460_20260808-221308.jsonl,1786202337950,purchase_intent,neutral,0.6,False,niat order 5 item
comment_001199,Kaa eta 12 size L dusty pink lihat mau CO,97a13eb0-849a-41d3-b856-5784dd3638c8,mybasic.indonesia_7671468238034717460_20260808-221308.jsonl,1786202340614,purchase_intent,neutral,0.8,False,mau CO
comment_001200,bb 60 tb 180 ambil ukuran apa bang?,97a13eb0-849a-41d3-b856-5784dd3638c8,mybasic.indonesia_7671468238034717460_20260808-221308.jsonl,1786202379681,ask_measurement,neutral,0.9,False,BB/TB + tanya ukuran
comment_001201,kak kalau dipake terus gk buluan gitu kan kaosnya,97a13eb0-849a-41d3-b856-5784dd3638c8,mybasic.indonesia_7671468238034717460_20260808-221308.jsonl,1786202394629,ask_detail,neutral,0.8,False,tanya kualitas bahan
comment_001202,Spill ets 6 semua warna biru bg,97a13eb0-849a-41d3-b856-5784dd3638c8,mybasic.indonesia_7671468238034717460_20260808-221308.jsonl,1786202398363,ask_detail,neutral,0.85,False,spill etalase 6 warna biru
comment_001203,"Aku bb 50kg kaa tinggi 155cm aku berhijab kaa kira"" size apa biar ngga ketat",97a13eb0-849a-41d3-b856-5784dd3638c8,mybasic.indonesia_7671468238034717460_20260808-221308.jsonl,1786202398719,ask_measurement,neutral,0.9,False,BB/TB + tanya ukuran
comment_001204,oversize,97a13eb0-849a-41d3-b856-5784dd3638c8,mybasic.indonesia_7671468238034717460_20260808-221308.jsonl,1786202402522,ask_size_fit,neutral,0.5,True,pilih model oversize (ambigu)
comment_001205,pengiriman ke Medan berapa hari kira kira bang?,97a13eb0-849a-41d3-b856-5784dd3638c8,mybasic.indonesia_7671468238034717460_20260808-221308.jsonl,1786202410640,other,neutral,0.55,False,tanya lama pengiriman
comment_001206,hitam nya spil kak,97a13eb0-849a-41d3-b856-5784dd3638c8,mybasic.indonesia_7671468238034717460_20260808-221308.jsonl,1786202412955,ask_detail,neutral,0.85,False,spill warna hitam
comment_001207,aku udah co,97a13eb0-849a-41d3-b856-5784dd3638c8,mybasic.indonesia_7671468238034717460_20260808-221308.jsonl,1786202420730,purchase_intent,neutral,0.85,False,sudah checkout
comment_001208,yg abg pake uk apa,97a13eb0-849a-41d3-b856-5784dd3638c8,mybasic.indonesia_7671468238034717460_20260808-221308.jsonl,1786202421124,ask_size_fit,neutral,0.8,False,tanya size yang dipakai host
comment_001209,Okeee,97a13eb0-849a-41d3-b856-5784dd3638c8,mybasic.indonesia_7671468238034717460_20260808-221308.jsonl,1786202445342,other,neutral,0.7,False,balasan/acknowledge
comment_001210,ka aku udah co moga sesuai yak,97a13eb0-849a-41d3-b856-5784dd3638c8,mybasic.indonesia_7671468238034717460_20260808-221308.jsonl,1786202464165,purchase_intent,neutral,0.85,False,sudah checkout
comment_001211,Kaa boleh ngga bandingin size L sma Mnya yg oversize? Bedanya jauh ngga?,97a13eb0-849a-41d3-b856-5784dd3638c8,mybasic.indonesia_7671468238034717460_20260808-221308.jsonl,1786202476566,ask_size_fit,neutral,0.75,False,bandingkan size L vs M
comment_001212,fitted nya ka,97a13eb0-849a-41d3-b856-5784dd3638c8,mybasic.indonesia_7671468238034717460_20260808-221308.jsonl,1786202483759,ask_size_fit,neutral,0.5,True,minta yang fitted (ambigu)
comment_001213,"co hari ini, dikirim besok gak bang?",97a13eb0-849a-41d3-b856-5784dd3638c8,mybasic.indonesia_7671468238034717460_20260808-221308.jsonl,1786202490082,other,neutral,0.55,True,tanya jadwal kirim
comment_001214,bang 185 bb 78 ukuran apa,97a13eb0-849a-41d3-b856-5784dd3638c8,mybasic.indonesia_7671468238034717460_20260808-221308.jsonl,1786202507914,ask_measurement,neutral,0.9,False,BB + tanya ukuran
comment_001215,udah di ubah bang ke XL,97a13eb0-849a-41d3-b856-5784dd3638c8,mybasic.indonesia_7671468238034717460_20260808-221308.jsonl,1786202513537,other,neutral,0.6,False,info ubah pesanan
comment_001216,171/69 etalase 1 ny L ya?,97a13eb0-849a-41d3-b856-5784dd3638c8,mybasic.indonesia_7671468238034717460_20260808-221308.jsonl,1786202515180,ask_measurement,neutral,0.85,False,TB/BB + konfirmasi ukuran
comment_001217,tapi tkut kepanjangan,97a13eb0-849a-41d3-b856-5784dd3638c8,mybasic.indonesia_7671468238034717460_20260808-221308.jsonl,1786202527396,ask_size_fit,neutral,0.55,True,khawatir kepanjangan (ambigu)
comment_001218,"kak spill etalase 12 yg hitam, tb 165 bb 64 size apa?",97a13eb0-849a-41d3-b856-5784dd3638c8,mybasic.indonesia_7671468238034717460_20260808-221308.jsonl,1786202531550,ask_measurement,neutral,0.6,False,spil + tanya ukuran (dominan size)
comment_001219,"kak, yg cocok untuk big size bb 3 digit",97a13eb0-849a-41d3-b856-5784dd3638c8,mybasic.indonesia_7671468238034717460_20260808-221308.jsonl,1786202535059,ask_measurement,neutral,0.8,False,BB big size + cari ukuran cocok
comment_001220,kk aku dah co etls 9 dan 11 size XL aman y kk bb 90 tb 171,97a13eb0-849a-41d3-b856-5784dd3638c8,mybasic.indonesia_7671468238034717460_20260808-221308.jsonl,1786202541482,purchase_intent,neutral,0.85,False,sudah checkout
comment_001221,"bang, coba spill et16 XL putih",97a13eb0-849a-41d3-b856-5784dd3638c8,mybasic.indonesia_7671468238034717460_20260808-221308.jsonl,1786202574717,ask_detail,neutral,0.85,False,spill etalase 16
comment_001222,Spil etls 5 bb 60 yg pres,97a13eb0-849a-41d3-b856-5784dd3638c8,mybasic.indonesia_7671468238034717460_20260808-221308.jsonl,1786202580462,ask_detail,neutral,0.8,False,spill etalase 5
comment_001223,"et 1, 165/63 sz apa?",97a13eb0-849a-41d3-b856-5784dd3638c8,mybasic.indonesia_7671468238034717460_20260808-221308.jsonl,1786202580814,ask_measurement,neutral,0.9,False,TB/BB + tanya ukuran
comment_001224,110,97a13eb0-849a-41d3-b856-5784dd3638c8,mybasic.indonesia_7671468238034717460_20260808-221308.jsonl,1786202588743,noise,neutral,0.4,True,angka saja (ambigu)
comment_001226,"kk kalo tinggi 167,bb 67",97a13eb0-849a-41d3-b856-5784dd3638c8,mybasic.indonesia_7671468238034717460_20260808-221308.jsonl,1786202635069,ask_measurement,neutral,0.9,False,TB/BB saja
comment_001227,thank u,97a13eb0-849a-41d3-b856-5784dd3638c8,mybasic.indonesia_7671468238034717460_20260808-221308.jsonl,1786202637641,other,neutral,0.8,False,ucapan terima kasih
comment_001228,bedanya biru dongker sama denim apa kak,97a13eb0-849a-41d3-b856-5784dd3638c8,mybasic.indonesia_7671468238034717460_20260808-221308.jsonl,1786202643313,ask_detail,neutral,0.8,False,tanya beda warna
comment_001229,kalo biru navy itu biru apa kak?,97a13eb0-849a-41d3-b856-5784dd3638c8,mybasic.indonesia_7671468238034717460_20260808-221308.jsonl,1786202652225,ask_detail,neutral,0.8,False,tanya warna
comment_001230,"etalase 6, tb 165 bb 64 size apa ka?",97a13eb0-849a-41d3-b856-5784dd3638c8,mybasic.indonesia_7671468238034717460_20260808-221308.jsonl,1786202682029,ask_measurement,neutral,0.9,False,TB/BB + tanya ukuran
comment_001231,longslevee tb 165 bb68,97a13eb0-849a-41d3-b856-5784dd3638c8,mybasic.indonesia_7671468238034717460_20260808-221308.jsonl,1786202693450,ask_measurement,neutral,0.9,False,TB/BB saja
comment_001232,henley fitted bb 71 tb 169 m atau L,97a13eb0-849a-41d3-b856-5784dd3638c8,mybasic.indonesia_7671468238034717460_20260808-221308.jsonl,1786202693354,ask_measurement,neutral,0.9,False,BB/TB + tanya ukuran
comment_001233,Tb 165cm bb 73 size L ya,97a13eb0-849a-41d3-b856-5784dd3638c8,mybasic.indonesia_7671468238034717460_20260808-221308.jsonl,1786202705023,ask_measurement,neutral,0.9,False,BB/TB + konfirmasi ukuran
comment_001234,Tb 176 Bb 69 Untuk Fit Ringer tee size apa kalo untuk long sleeve Size apa,97a13eb0-849a-41d3-b856-5784dd3638c8,mybasic.indonesia_7671468238034717460_20260808-221308.jsonl,1786202726259,ask_measurement,neutral,0.9,False,BB/TB + tanya ukuran
comment_001235,1 sama 2 beda nya gmna kak,97a13eb0-849a-41d3-b856-5784dd3638c8,mybasic.indonesia_7671468238034717460_20260808-221308.jsonl,1786202739177,ask_detail,neutral,0.8,False,tanya beda produk
comment_001236,bang et 9 tb 172 bb 65 ukuran apa?,97a13eb0-849a-41d3-b856-5784dd3638c8,mybasic.indonesia_7671468238034717460_20260808-221308.jsonl,1786202744400,ask_measurement,neutral,0.9,False,BB/TB + tanya ukuran
comment_001237,soal nya dlu udh pernah beli disini semua sma ya untuk ukuran nya,97a13eb0-849a-41d3-b856-5784dd3638c8,mybasic.indonesia_7671468238034717460_20260808-221308.jsonl,1786202747872,other,neutral,0.7,False,statement pengalaman beli
comment_001238,Spil 14,97a13eb0-849a-41d3-b856-5784dd3638c8,mybasic.indonesia_7671468238034717460_20260808-221308.jsonl,1786202755172,ask_detail,neutral,0.85,False,spill etalase 14
comment_001239,"bang, gua dah co et16 putih buat bb80 tb168 bisa pakai XL kan?",97a13eb0-849a-41d3-b856-5784dd3638c8,mybasic.indonesia_7671468238034717460_20260808-221308.jsonl,1786202760739,purchase_intent,neutral,0.8,False,sudah co + konfirmasi
comment_001240,"bg perbedaan etas 1,2 dan 3",97a13eb0-849a-41d3-b856-5784dd3638c8,mybasic.indonesia_7671468238034717460_20260808-221308.jsonl,1786202785044,ask_detail,neutral,0.8,False,tanya beda produk
comment_001241,coba spil ka 1 sama 2 nya,97a13eb0-849a-41d3-b856-5784dd3638c8,mybasic.indonesia_7671468238034717460_20260808-221308.jsonl,1786202786950,ask_detail,neutral,0.85,False,spill produk 1 & 2
comment_001242,yang di pakai ukuran apa kak,97a13eb0-849a-41d3-b856-5784dd3638c8,mybasic.indonesia_7671468238034717460_20260808-221308.jsonl,1786202817966,ask_size_fit,neutral,0.8,False,tanya size yang dipakai
comment_001243,Udh co 2 bg,97a13eb0-849a-41d3-b856-5784dd3638c8,mybasic.indonesia_7671468238034717460_20260808-221308.jsonl,1786202822653,purchase_intent,neutral,0.85,False,sudah checkout
comment_001244,done co payment long sleve 2 dapet harga 120,97a13eb0-849a-41d3-b856-5784dd3638c8,mybasic.indonesia_7671468238034717460_20260808-221308.jsonl,1786202829339,purchase_intent,neutral,0.9,False,sudah checkout
comment_001245,1 dan 2 beda nya apa,97a13eb0-849a-41d3-b856-5784dd3638c8,mybasic.indonesia_7671468238034717460_20260808-221308.jsonl,1786202840702,ask_detail,neutral,0.8,False,tanya beda produk
comment_001246,no 1 warna coklat yang mana kak takut salah warna,97a13eb0-849a-41d3-b856-5784dd3638c8,mybasic.indonesia_7671468238034717460_20260808-221308.jsonl,1786202849831,ask_detail,neutral,0.8,False,tanya warna produk
comment_001247,tb 174 bb 68 pakai ukuran apa,97a13eb0-849a-41d3-b856-5784dd3638c8,mybasic.indonesia_7671468238034717460_20260808-221308.jsonl,1786202892326,ask_measurement,neutral,0.9,False,BB/TB + tanya ukuran
comment_001248,yg 1 tebel ya,97a13eb0-849a-41d3-b856-5784dd3638c8,mybasic.indonesia_7671468238034717460_20260808-221308.jsonl,1786202900681,ask_detail,neutral,0.6,False,konfirmasi ketebalan produk
comment_001249,Mas bagusan mana e 1 atau e 2,97a13eb0-849a-41d3-b856-5784dd3638c8,mybasic.indonesia_7671468238034717460_20260808-221308.jsonl,1786202902105,ask_detail,neutral,0.65,False,bandingkan produk 1 vs 2
comment_001250,yg anti kusut mana bg,97a13eb0-849a-41d3-b856-5784dd3638c8,mybasic.indonesia_7671468238034717460_20260808-221308.jsonl,1786202915828,ask_detail,neutral,0.75,False,tanya produk anti kusut
comment_001251,buat ke cafee yang coklat celana putih masuk kan bng,97a13eb0-849a-41d3-b856-5784dd3638c8,mybasic.indonesia_7671468238034717460_20260808-221308.jsonl,1786202924532,other,neutral,0.55,True,tanya padu padan outfit
comment_001252,Tb 170 bb 77 Ukuran apa kak? eta 2,97a13eb0-849a-41d3-b856-5784dd3638c8,mybasic.indonesia_7671468238034717460_20260808-221308.jsonl,1786202946635,ask_measurement,neutral,0.9,False,BB/TB + tanya ukuran
comment_001253,fitted tee anti kusut,97a13eb0-849a-41d3-b856-5784dd3638c8,mybasic.indonesia_7671468238034717460_20260808-221308.jsonl,1786202963217,ask_detail,neutral,0.5,True,konfirmasi bahan (ambigu)
comment_001254,"177/72 ambil L etalase 1, ternyata ketat banget. Retur ditolak. Hati-hati sizenya bermasalh banget⚠️",97a13eb0-849a-41d3-b856-5784dd3638c8,mybasic.indonesia_7671468238034717460_20260808-221308.jsonl,1786202968059,other,negative,0.85,False,komplain ukuran + retur ditolak
comment_001255,Spill Buxy cut yg warna white kaka,97a13eb0-849a-41d3-b856-5784dd3638c8,mybasic.indonesia_7671468238034717460_20260808-221308.jsonl,1786202982793,ask_detail,neutral,0.85,False,spill boxy cut warna putih
comment_001256,tb 170 bb 73,97a13eb0-849a-41d3-b856-5784dd3638c8,mybasic.indonesia_7671468238034717460_20260808-221308.jsonl,1786202985110,ask_measurement,neutral,0.9,False,BB/TB saja
comment_001257,eta 1 dan 2 tebel mana kak,97a13eb0-849a-41d3-b856-5784dd3638c8,mybasic.indonesia_7671468238034717460_20260808-221308.jsonl,1786203003949,ask_detail,neutral,0.75,False,tanya ketebalan produk
comment_001258,etalase 2 164/59 size apa bg,97a13eb0-849a-41d3-b856-5784dd3638c8,mybasic.indonesia_7671468238034717460_20260808-221308.jsonl,1786203011364,ask_measurement,neutral,0.9,False,BB/TB + tanya ukuran
comment_001259,Spill autum sama maroon kak,97a13eb0-849a-41d3-b856-5784dd3638c8,mybasic.indonesia_7671468238034717460_20260808-221308.jsonl,1786203012043,ask_detail,neutral,0.8,False,spill warna autumn & maroon
comment_001260,bang aku udah co,97a13eb0-849a-41d3-b856-5784dd3638c8,mybasic.indonesia_7671468238034717460_20260808-221308.jsonl,1786203016280,purchase_intent,neutral,0.85,False,sudah checkout
comment_001261,"etalase 6 , bb 165 bb 60 size apa mas?",97a13eb0-849a-41d3-b856-5784dd3638c8,mybasic.indonesia_7671468238034717460_20260808-221308.jsonl,1786203023374,ask_measurement,neutral,0.9,False,BB/TB + tanya ukuran
comment_001262,"gue beli disini size L aman"" aja",97a13eb0-849a-41d3-b856-5784dd3638c8,mybasic.indonesia_7671468238034717460_20260808-221308.jsonl,1786203023529,other,positive,0.6,False,statement pengalaman beli
comment_001263,bang coba warna item aku udh co warna item,97a13eb0-849a-41d3-b856-5784dd3638c8,mybasic.indonesia_7671468238034717460_20260808-221308.jsonl,1786203043106,ask_detail,neutral,0.65,False,minta lihat warna + konteks co
comment_001264,Kak mau liat contoh warna light brown sama beige,97a13eb0-849a-41d3-b856-5784dd3638c8,mybasic.indonesia_7671468238034717460_20260808-221308.jsonl,1786203046523,ask_detail,neutral,0.85,False,mau lihat contoh warna
comment_001265,Makanya tanggung jawab bang,97a13eb0-849a-41d3-b856-5784dd3638c8,mybasic.indonesia_7671468238034717460_20260808-221308.jsonl,1786203069370,other,negative,0.65,False,komplain layanan
comment_001266,ringer tee 175/60 size apa,97a13eb0-849a-41d3-b856-5784dd3638c8,mybasic.indonesia_7671468238034717460_20260808-221308.jsonl,1786203069025,ask_measurement,neutral,0.9,False,BB/TB + tanya ukuran
comment_001267,TB 187 BB 78 klo pake yg Oversize cocoknya size apa bang?,97a13eb0-849a-41d3-b856-5784dd3638c8,mybasic.indonesia_7671468238034717460_20260808-221308.jsonl,1786203074333,ask_measurement,neutral,0.9,False,BB/TB + tanya ukuran
comment_001268,@kem pake akun asli lah,97a13eb0-849a-41d3-b856-5784dd3638c8,mybasic.indonesia_7671468238034717460_20260808-221308.jsonl,1786203085301,other,neutral,0.6,False,sindiran/obrolan
comment_001269,henly tb 168 bb 55 uk apa ya kak,97a13eb0-849a-41d3-b856-5784dd3638c8,mybasic.indonesia_7671468238034717460_20260808-221308.jsonl,1786203089789,ask_measurement,neutral,0.9,False,BB/TB + tanya ukuran
comment_001270,@kem akun fake katro,97a13eb0-849a-41d3-b856-5784dd3638c8,mybasic.indonesia_7671468238034717460_20260808-221308.jsonl,1786203094654,other,negative,0.6,False,sindiran/obrolan
comment_001271,etalase 2 tb 170 bb 172,97a13eb0-849a-41d3-b856-5784dd3638c8,mybasic.indonesia_7671468238034717460_20260808-221308.jsonl,1786203099991,ask_measurement,neutral,0.9,False,BB/TB saja
comment_001272,Ditolak kok returnya,97a13eb0-849a-41d3-b856-5784dd3638c8,mybasic.indonesia_7671468238034717460_20260808-221308.jsonl,1786203101788,other,negative,0.7,False,komplain retur ditolak
comment_001273,fitted tee tb 175/80 size apa min,97a13eb0-849a-41d3-b856-5784dd3638c8,mybasic.indonesia_7671468238034717460_20260808-221308.jsonl,1786203109360,ask_measurement,neutral,0.9,False,BB/TB + tanya ukuran
comment_001274,@kem,97a13eb0-849a-41d3-b856-5784dd3638c8,mybasic.indonesia_7671468238034717460_20260808-221308.jsonl,1786203113460,other,neutral,0.45,True,hanya mention (ambigu)
comment_001275,ka bagusan boxy atau airy boxy?,97a13eb0-849a-41d3-b856-5784dd3638c8,mybasic.indonesia_7671468238034717460_20260808-221308.jsonl,1786203115560,ask_detail,neutral,0.65,False,bandingkan produk
comment_001276,jgn diaajakin debat mas.. haha. ga bagus bwt persepsi brand,97a13eb0-849a-41d3-b856-5784dd3638c8,mybasic.indonesia_7671468238034717460_20260808-221308.jsonl,1786203122979,other,neutral,0.7,False,saran/obrolan brand
comment_001277,Eta 9 bb 68 Tb 172 ambil size mana,97a13eb0-849a-41d3-b856-5784dd3638c8,mybasic.indonesia_7671468238034717460_20260808-221308.jsonl,1786203124283,ask_measurement,neutral,0.9,False,BB/TB + tanya ukuran
comment_001278,Bang yg kamu warna putih,97a13eb0-849a-41d3-b856-5784dd3638c8,mybasic.indonesia_7671468238034717460_20260808-221308.jsonl,1786203124364,ask_detail,neutral,0.6,False,tanya produk putih yang dipakai
comment_001279,ku make size apa bg,97a13eb0-849a-41d3-b856-5784dd3638c8,mybasic.indonesia_7671468238034717460_20260808-221308.jsonl,1786203125651,ask_size_fit,neutral,0.7,False,tanya ukuran
comment_001280,180/62 mas,97a13eb0-849a-41d3-b856-5784dd3638c8,mybasic.indonesia_7671468238034717460_20260808-221308.jsonl,1786203133462,ask_measurement,neutral,0.6,True,angka TB/BB saja
comment_001281,anda perwakilan brand haha,97a13eb0-849a-41d3-b856-5784dd3638c8,mybasic.indonesia_7671468238034717460_20260808-221308.jsonl,1786203136611,other,neutral,0.6,False,sindiran/obrolan
comment_001282,Lah kan kekecilan orang saya konsultasinya di live,97a13eb0-849a-41d3-b856-5784dd3638c8,mybasic.indonesia_7671468238034717460_20260808-221308.jsonl,1786203136570,other,negative,0.6,False,komplain ukuran kekecilan
comment_001283,"aaoakwkkw, nyari ribut doang bang, gw beli disini kaos basic bagus bagus aja kok sesuai",97a13eb0-849a-41d3-b856-5784dd3638c8,mybasic.indonesia_7671468238034717460_20260808-221308.jsonl,1786203137323,other,positive,0.7,False,pengalaman beli positif
comment_001285,eta 2 bb 72 tb 170,97a13eb0-849a-41d3-b856-5784dd3638c8,mybasic.indonesia_7671468238034717460_20260808-221308.jsonl,1786203141712,ask_measurement,neutral,0.9,False,BB/TB saja
comment_001287,180/62,97a13eb0-849a-41d3-b856-5784dd3638c8,mybasic.indonesia_7671468238034717460_20260808-221308.jsonl,1786203147730,ask_measurement,neutral,0.6,True,angka TB/BB saja
comment_001288,164/59 eta 2 size apa,97a13eb0-849a-41d3-b856-5784dd3638c8,mybasic.indonesia_7671468238034717460_20260808-221308.jsonl,1786203170298,ask_measurement,neutral,0.9,False,BB/TB + tanya ukuran
comment_001289,tb 178 bb 77 fitted tee pakai sz apa kak,97a13eb0-849a-41d3-b856-5784dd3638c8,mybasic.indonesia_7671468238034717460_20260808-221308.jsonl,1786203171781,ask_measurement,neutral,0.9,False,BB/TB + tanya ukuran
comment_001292,Eta 9 bb 68 Tb 172 size apa,97a13eb0-849a-41d3-b856-5784dd3638c8,mybasic.indonesia_7671468238034717460_20260808-221308.jsonl,1786203199486,ask_measurement,neutral,0.9,False,BB/TB + tanya ukuran
comment_001293,tb 165 bb 55 pakek sz apa bg,97a13eb0-849a-41d3-b856-5784dd3638c8,mybasic.indonesia_7671468238034717460_20260808-221308.jsonl,1786203203753,ask_measurement,neutral,0.9,False,BB/TB + tanya ukuran
comment_001294,Etalase 1 tb 165 bb 56 size apa bang,97a13eb0-849a-41d3-b856-5784dd3638c8,mybasic.indonesia_7671468238034717460_20260808-221308.jsonl,1786203212671,ask_measurement,neutral,0.9,False,BB/TB + tanya ukuran
comment_001295,170/72 ambil apa bang,97a13eb0-849a-41d3-b856-5784dd3638c8,mybasic.indonesia_7671468238034717460_20260808-221308.jsonl,1786203221712,ask_measurement,neutral,0.8,False,TB/BB + tanya ukuran
comment_001296,kesalahan yg co pun tetep diladenin yaa bang🤣,97a13eb0-849a-41d3-b856-5784dd3638c8,mybasic.indonesia_7671468238034717460_20260808-221308.jsonl,1786203228866,other,neutral,0.6,False,statement/obrolan
comment_001297,"sudah co, no 1 warna coklat",97a13eb0-849a-41d3-b856-5784dd3638c8,mybasic.indonesia_7671468238034717460_20260808-221308.jsonl,1786203235926,purchase_intent,neutral,0.85,False,sudah checkout
comment_001298,sz m kira kira panjang bajunya brp cm bang?,97a13eb0-849a-41d3-b856-5784dd3638c8,mybasic.indonesia_7671468238034717460_20260808-221308.jsonl,1786203249423,ask_size_fit,neutral,0.65,False,tanya panjang baju
comment_001299,175/76 apa yang aman?,97a13eb0-849a-41d3-b856-5784dd3638c8,mybasic.indonesia_7671468238034717460_20260808-221308.jsonl,1786203249033,ask_measurement,neutral,0.85,False,TB/BB + tanya ukuran
comment_001300,mau liat eta 19 warna dark choco bang,97a13eb0-849a-41d3-b856-5784dd3638c8,mybasic.indonesia_7671468238034717460_20260808-221308.jsonl,1786203258230,ask_detail,neutral,0.85,False,mau lihat etalase 19 dark choco
comment_001301,etalase 9 bisa di spil ga bang?,97a13eb0-849a-41d3-b856-5784dd3638c8,mybasic.indonesia_7671468238034717460_20260808-221308.jsonl,1786203265871,ask_detail,neutral,0.8,False,minta spill etalase 9
comment_001302,spil etl 7,97a13eb0-849a-41d3-b856-5784dd3638c8,mybasic.indonesia_7671468238034717460_20260808-221308.jsonl,1786203269639,ask_detail,neutral,0.85,False,spill etalase 7
comment_001303,yg henley ga diskon ya,97a13eb0-849a-41d3-b856-5784dd3638c8,mybasic.indonesia_7671468238034717460_20260808-221308.jsonl,1786203270901,ask_price,neutral,0.7,False,tanya diskon
comment_001305,Spill eta 9 kk,97a13eb0-849a-41d3-b856-5784dd3638c8,mybasic.indonesia_7671468238034717460_20260808-221308.jsonl,1786203292477,ask_detail,neutral,0.85,False,spill etalase 9
comment_001306,spil etalase 9 bang,97a13eb0-849a-41d3-b856-5784dd3638c8,mybasic.indonesia_7671468238034717460_20260808-221308.jsonl,1786203299476,ask_detail,neutral,0.85,False,spill etalase 9
comment_001307,ka eta 10 Tb 176 Bb69 size apa,97a13eb0-849a-41d3-b856-5784dd3638c8,mybasic.indonesia_7671468238034717460_20260808-221308.jsonl,1786203313927,ask_measurement,neutral,0.9,False,BB/TB + tanya ukuran
comment_001308,kalo badan tinggi trus pake cutt boxy cocok ga si bang?,97a13eb0-849a-41d3-b856-5784dd3638c8,mybasic.indonesia_7671468238034717460_20260808-221308.jsonl,1786203322383,ask_size_fit,neutral,0.75,False,tanya cocok model boxy
comment_001309,etalase 2 dark coko,97a13eb0-849a-41d3-b856-5784dd3638c8,mybasic.indonesia_7671468238034717460_20260808-221308.jsonl,1786203330193,ask_stock,neutral,0.55,True,cari produk etalase 2 (ambigu)
comment_001310,Et8 hitam spil,97a13eb0-849a-41d3-b856-5784dd3638c8,mybasic.indonesia_7671468238034717460_20260808-221308.jsonl,1786203343716,ask_detail,neutral,0.85,False,spill etalase 8 hitam
comment_001311,Bb 68 Tb 172 eta 9 ambil size apa,97a13eb0-849a-41d3-b856-5784dd3638c8,mybasic.indonesia_7671468238034717460_20260808-221308.jsonl,1786203344660,ask_measurement,neutral,0.9,False,BB/TB + tanya ukuran
comment_001312,et 6 bisa buat cewe ga kak?,97a13eb0-849a-41d3-b856-5784dd3638c8,mybasic.indonesia_7671468238034717460_20260808-221308.jsonl,1786203359892,ask_size_fit,neutral,0.6,False,tanya cocok untuk cewek
comment_001313,boxy sama airy boxy apa bedanya bang?,97a13eb0-849a-41d3-b856-5784dd3638c8,mybasic.indonesia_7671468238034717460_20260808-221308.jsonl,1786203376647,ask_detail,neutral,0.8,False,tanya beda produk
comment_001314,bb 62 tb 169 sz brp bang??,97a13eb0-849a-41d3-b856-5784dd3638c8,mybasic.indonesia_7671468238034717460_20260808-221308.jsonl,1786203382252,ask_measurement,neutral,0.9,False,BB/TB + tanya ukuran
comment_001315,"mau liat eta 16 warna dark choco bang, mau bandingin",97a13eb0-849a-41d3-b856-5784dd3638c8,mybasic.indonesia_7671468238034717460_20260808-221308.jsonl,1786203382058,ask_detail,neutral,0.85,False,mau lihat etalase 16 dark choco
comment_001317,spill warna dark wine kak,97a13eb0-849a-41d3-b856-5784dd3638c8,mybasic.indonesia_7671468238034717460_20260808-221308.jsonl,1786203399285,ask_detail,neutral,0.85,False,spill warna dark wine
comment_001319,merah nya itu maroon kah,97a13eb0-849a-41d3-b856-5784dd3638c8,mybasic.indonesia_7671468238034717460_20260808-221308.jsonl,1786203424558,ask_detail,neutral,0.8,False,tanya warna
comment_001320,Hanley warna beige kek mana ka,97a13eb0-849a-41d3-b856-5784dd3638c8,mybasic.indonesia_7671468238034717460_20260808-221308.jsonl,1786203442914,ask_detail,neutral,0.75,False,tanya warna henley beige
comment_001321,Et8 167/60 sz apa,97a13eb0-849a-41d3-b856-5784dd3638c8,mybasic.indonesia_7671468238034717460_20260808-221308.jsonl,1786203446692,ask_measurement,neutral,0.9,False,TB/BB + tanya ukuran
comment_001322,et 6 buat cewe tb 163 bb 54 ambil size M aman ga kak,97a13eb0-849a-41d3-b856-5784dd3638c8,mybasic.indonesia_7671468238034717460_20260808-221308.jsonl,1786203452001,ask_measurement,neutral,0.9,False,BB/TB + tanya ukuran
comment_001323,spill maroon bg,97a13eb0-849a-41d3-b856-5784dd3638c8,mybasic.indonesia_7671468238034717460_20260808-221308.jsonl,1786203464629,ask_detail,neutral,0.85,False,spill warna maroon
comment_001324,Et8 Spil coklat,97a13eb0-849a-41d3-b856-5784dd3638c8,mybasic.indonesia_7671468238034717460_20260808-221308.jsonl,1786203470261,ask_detail,neutral,0.85,False,spill etalase 8 coklat
comment_001325,dark choco sm coffee lebih gelapan mana bang?,97a13eb0-849a-41d3-b856-5784dd3638c8,mybasic.indonesia_7671468238034717460_20260808-221308.jsonl,1786203472574,ask_detail,neutral,0.8,False,bandingkan warna
comment_001326,beda eta 1 sm 2 apa mas,97a13eb0-849a-41d3-b856-5784dd3638c8,mybasic.indonesia_7671468238034717460_20260808-221308.jsonl,1786203512413,ask_detail,neutral,0.8,False,tanya beda produk
comment_001327,kalo airy tuh full cotton kah?,97a13eb0-849a-41d3-b856-5784dd3638c8,mybasic.indonesia_7671468238034717460_20260808-221308.jsonl,1786203515610,ask_detail,neutral,0.8,False,tanya bahan
comment_001328,"etalase 10, 170,70 cocok ukuran berapa?",97a13eb0-849a-41d3-b856-5784dd3638c8,mybasic.indonesia_7671468238034717460_20260808-221308.jsonl,1786203547404,ask_measurement,neutral,0.9,False,TB/BB + tanya ukuran
comment_001329,"bedanya beige sama khaky yang Hanley apa, boleh liat",97a13eb0-849a-41d3-b856-5784dd3638c8,mybasic.indonesia_7671468238034717460_20260808-221308.jsonl,1786203558824,ask_detail,neutral,0.85,False,beda warna + minta lihat
comment_001330,bang make yang et mana?,97a13eb0-849a-41d3-b856-5784dd3638c8,mybasic.indonesia_7671468238034717460_20260808-221308.jsonl,1786203570648,ask_stock,neutral,0.8,False,tanya etalase yang dipakai
comment_001331,Kalau beli 2 hemat berapa persen kak..?,97a13eb0-849a-41d3-b856-5784dd3638c8,mybasic.indonesia_7671468238034717460_20260808-221308.jsonl,1786203574020,ask_price,neutral,0.7,False,tanya diskon promo
comment_001332,Aku udah co karna bajunya bikin nyaman,97a13eb0-849a-41d3-b856-5784dd3638c8,mybasic.indonesia_7671468238034717460_20260808-221308.jsonl,1786203593931,purchase_intent,neutral,0.85,False,sudah checkout
comment_001333,udah Co bg eta 2,97a13eb0-849a-41d3-b856-5784dd3638c8,mybasic.indonesia_7671468238034717460_20260808-221308.jsonl,1786203600267,purchase_intent,neutral,0.85,False,sudah checkout
comment_001334,etalase 11 bb 52 tb 174 pake size apa,97a13eb0-849a-41d3-b856-5784dd3638c8,mybasic.indonesia_7671468238034717460_20260808-221308.jsonl,1786203605747,ask_measurement,neutral,0.9,False,BB/TB + tanya ukuran
comment_001335,boxy tb 180an,97a13eb0-849a-41d3-b856-5784dd3638c8,mybasic.indonesia_7671468238034717460_20260808-221308.jsonl,1786203608339,ask_measurement,neutral,0.8,False,TB + konteks boxy
comment_001336,yang abangnya pake airy apa bukan?,97a13eb0-849a-41d3-b856-5784dd3638c8,mybasic.indonesia_7671468238034717460_20260808-221308.jsonl,1786203618453,ask_detail,neutral,0.7,False,tanya model yang dipakai host
comment_001337,noo gk ada gratis ongkir,97a13eb0-849a-41d3-b856-5784dd3638c8,mybasic.indonesia_7671468238034717460_20260808-221308.jsonl,1786203625255,other,negative,0.55,False,statement gratis ongkir
comment_001338,tb 170 better ambil ukuran apa mas,97a13eb0-849a-41d3-b856-5784dd3638c8,mybasic.indonesia_7671468238034717460_20260808-221308.jsonl,1786203629198,ask_measurement,neutral,0.9,False,TB + tanya ukuran
comment_001339,kak yg dipake ukuran apa,97a13eb0-849a-41d3-b856-5784dd3638c8,mybasic.indonesia_7671468238034717460_20260808-221308.jsonl,1786203630103,ask_size_fit,neutral,0.8,False,tanya size yang dipakai
comment_001341,warna burgundy fitted tee,97a13eb0-849a-41d3-b856-5784dd3638c8,mybasic.indonesia_7671468238034717460_20260808-221308.jsonl,1786203637807,ask_stock,neutral,0.55,True,tanya warna burgundy (tanpa verb)
comment_001342,Ka tb 168 bb 57 size brpa ka,97a13eb0-849a-41d3-b856-5784dd3638c8,mybasic.indonesia_7671468238034717460_20260808-221308.jsonl,1786203644618,ask_measurement,neutral,0.9,False,BB/TB + tanya ukuran
comment_001343,itu ukuran brp a,97a13eb0-849a-41d3-b856-5784dd3638c8,mybasic.indonesia_7671468238034717460_20260808-221308.jsonl,1786203656785,ask_size_fit,neutral,0.7,False,tanya ukuran produk
comment_001344,65 mas,97a13eb0-849a-41d3-b856-5784dd3638c8,mybasic.indonesia_7671468238034717460_20260808-221308.jsonl,1786203669874,ask_measurement,neutral,0.45,True,angka saja (ambigu)
comment_001345,164/59 mending boxy atau fitted tee,97a13eb0-849a-41d3-b856-5784dd3638c8,mybasic.indonesia_7671468238034717460_20260808-221308.jsonl,1786203682225,ask_detail,neutral,0.65,False,pilih model + TB/BB
comment_001346,168/53,97a13eb0-849a-41d3-b856-5784dd3638c8,mybasic.indonesia_7671468238034717460_20260808-221308.jsonl,1786203688897,ask_measurement,neutral,0.6,True,angka TB/BB saja
comment_001347,etalase 11 deep blue nya liat kak,97a13eb0-849a-41d3-b856-5784dd3638c8,mybasic.indonesia_7671468238034717460_20260808-221308.jsonl,1786203694828,ask_detail,neutral,0.75,False,minta lihat etalase 11 deep blue
comment_001348,168 55 sz apa,97a13eb0-849a-41d3-b856-5784dd3638c8,mybasic.indonesia_7671468238034717460_20260808-221308.jsonl,1786203697950,ask_measurement,neutral,0.9,False,BB/TB + tanya ukuran
comment_001349,75/178 uk apa,97a13eb0-849a-41d3-b856-5784dd3638c8,mybasic.indonesia_7671468238034717460_20260808-221308.jsonl,1786203701379,ask_measurement,neutral,0.9,False,BB/TB + tanya ukuran
comment_001350,Udah co henley black 👍,97a13eb0-849a-41d3-b856-5784dd3638c8,mybasic.indonesia_7671468238034717460_20260808-221308.jsonl,1786203701339,purchase_intent,neutral,0.85,False,sudah checkout
comment_001351,fitted tee tb 180 bb 75 pake apa bg,97a13eb0-849a-41d3-b856-5784dd3638c8,mybasic.indonesia_7671468238034717460_20260808-221308.jsonl,1786203720597,ask_measurement,neutral,0.9,False,BB/TB + tanya ukuran
comment_001352,bb tb kakaknya brpa,97a13eb0-849a-41d3-b856-5784dd3638c8,mybasic.indonesia_7671468238034717460_20260808-221308.jsonl,1786203725791,ask_measurement,neutral,0.8,False,tanya BB/TB host
comment_001353,bb 73 tb 165 klo pake size xl kebesaran gak bang?,97a13eb0-849a-41d3-b856-5784dd3638c8,mybasic.indonesia_7671468238034717460_20260808-221308.jsonl,1786203740457,ask_measurement,neutral,0.9,False,BB/TB + tanya fit
comment_001355,kak spil et 6 yg warna light blue dongg,97a13eb0-849a-41d3-b856-5784dd3638c8,mybasic.indonesia_7671468238034717460_20260808-221308.jsonl,1786203755522,ask_detail,neutral,0.85,False,spill etalase 6 light blue
comment_001356,bedanya etalase 11 sama 12 apa kak,97a13eb0-849a-41d3-b856-5784dd3638c8,mybasic.indonesia_7671468238034717460_20260808-221308.jsonl,1786203758145,ask_detail,neutral,0.8,False,tanya beda etalase
comment_001357,spil etalase 3,97a13eb0-849a-41d3-b856-5784dd3638c8,mybasic.indonesia_7671468238034717460_20260808-221308.jsonl,1786203764235,ask_detail,neutral,0.85,False,spill etalase 3
comment_001358,ok tq bang,97a13eb0-849a-41d3-b856-5784dd3638c8,mybasic.indonesia_7671468238034717460_20260808-221308.jsonl,1786203776559,other,neutral,0.8,False,ucapan terima kasih
comment_001359,Spil eta 6 ash blue,97a13eb0-849a-41d3-b856-5784dd3638c8,mybasic.indonesia_7671468238034717460_20260808-221308.jsonl,1786203792975,ask_detail,neutral,0.85,False,spill etalase 6 ash blue
comment_001360,min spil dong etalase 9,97a13eb0-849a-41d3-b856-5784dd3638c8,mybasic.indonesia_7671468238034717460_20260808-221308.jsonl,1786203801722,ask_detail,neutral,0.85,False,spill etalase 9
comment_001361,et1 &2 bedanya apa ka,97a13eb0-849a-41d3-b856-5784dd3638c8,mybasic.indonesia_7671468238034717460_20260808-221308.jsonl,1786203802011,ask_detail,neutral,0.8,False,tanya beda produk
comment_001362,pakai ukuran apa bg?,97a13eb0-849a-41d3-b856-5784dd3638c8,mybasic.indonesia_7671468238034717460_20260808-221308.jsonl,1786203819477,ask_size_fit,neutral,0.8,False,tanya size yang dipakai
comment_001363,spill eta 1 charcoal,97a13eb0-849a-41d3-b856-5784dd3638c8,mybasic.indonesia_7671468238034717460_20260808-221308.jsonl,1786203824410,ask_detail,neutral,0.85,False,spill etalase 1 charcoal
comment_001364,10 tb62 tb180,97a13eb0-849a-41d3-b856-5784dd3638c8,mybasic.indonesia_7671468238034717460_20260808-221308.jsonl,1786203824793,ask_measurement,neutral,0.85,False,TB/BB + etalase 10
comment_001365,spill boxy longslevee khaki nya bg,97a13eb0-849a-41d3-b856-5784dd3638c8,mybasic.indonesia_7671468238034717460_20260808-221308.jsonl,1786203826762,ask_detail,neutral,0.85,False,spill boxy long sleeve khaki
comment_001366,etalase 7 ka,97a13eb0-849a-41d3-b856-5784dd3638c8,mybasic.indonesia_7671468238034717460_20260808-221308.jsonl,1786203830964,ask_stock,neutral,0.55,True,cari produk etalase 7 (ambigu)
comment_001367,ada longsleeve regular ga?,97a13eb0-849a-41d3-b856-5784dd3638c8,mybasic.indonesia_7671468238034717460_20260808-221308.jsonl,1786203834829,ask_stock,neutral,0.8,False,tanya ketersediaan long sleeve regular
comment_001369,agak berbulu ya?,97a13eb0-849a-41d3-b856-5784dd3638c8,mybasic.indonesia_7671468238034717460_20260808-221308.jsonl,1786203850195,ask_detail,neutral,0.75,False,tanya bahan (bulu)
comment_001371,Yg henley boxy  171 bb 58 size apa,97a13eb0-849a-41d3-b856-5784dd3638c8,mybasic.indonesia_7671468238034717460_20260808-221308.jsonl,1786203872652,ask_measurement,neutral,0.9,False,BB/TB + tanya ukuran
comment_001372,lok dimana bg?,97a13eb0-849a-41d3-b856-5784dd3638c8,mybasic.indonesia_7671468238034717460_20260808-221308.jsonl,1786203877868,other,neutral,0.6,False,tanya lokasi toko
comment_001373,kalau bb 61 tb 165 pilih yang mana ya?,97a13eb0-849a-41d3-b856-5784dd3638c8,mybasic.indonesia_7671468238034717460_20260808-221308.jsonl,1786203883499,ask_measurement,neutral,0.85,False,BB/TB + pilih ukuran
comment_001374,"etalase 2 , bb 50 tb 169 size apa ka?",97a13eb0-849a-41d3-b856-5784dd3638c8,mybasic.indonesia_7671468238034717460_20260808-221308.jsonl,1786203887074,ask_measurement,neutral,0.9,False,BB/TB + tanya ukuran
comment_001375,eta 1 TB 164 BB 59,97a13eb0-849a-41d3-b856-5784dd3638c8,mybasic.indonesia_7671468238034717460_20260808-221308.jsonl,1786203888769,ask_measurement,neutral,0.9,False,BB/TB saja
comment_001376,etalase 10 bb 65 tb 173,97a13eb0-849a-41d3-b856-5784dd3638c8,mybasic.indonesia_7671468238034717460_20260808-221308.jsonl,1786203893220,ask_measurement,neutral,0.9,False,BB/TB saja
comment_001377,et 6 yg bold denim kak,97a13eb0-849a-41d3-b856-5784dd3638c8,mybasic.indonesia_7671468238034717460_20260808-221308.jsonl,1786203896573,ask_stock,neutral,0.55,True,et 6 jelaskan produk (ambigu)
comment_001378,lok dimna bgg,97a13eb0-849a-41d3-b856-5784dd3638c8,mybasic.indonesia_7671468238034717460_20260808-221308.jsonl,1786203897348,other,neutral,0.6,False,tanya lokasi toko
comment_001379,etalase 3 kak,97a13eb0-849a-41d3-b856-5784dd3638c8,mybasic.indonesia_7671468238034717460_20260808-221308.jsonl,1786203925714,ask_stock,neutral,0.55,True,cari produk etalase 3 (ambigu)
comment_001380,mintasi saya co 2 tapi di di catatan saya rikwes kirim birudongker sama hitam gisa gak kak,97a13eb0-849a-41d3-b856-5784dd3638c8,mybasic.indonesia_7671468238034717460_20260808-221308.jsonl,1786203943295,purchase_intent,neutral,0.75,False,sudah co + rikwes kirim
comment_001381,"tb 175 bb 66 sz brpa kak, etalase 3",97a13eb0-849a-41d3-b856-5784dd3638c8,mybasic.indonesia_7671468238034717460_20260808-221308.jsonl,1786203973562,ask_measurement,neutral,0.9,False,BB/TB + tanya ukuran
comment_001382,"etalase 5, tb 163, bb 51 cocok size apa kak",97a13eb0-849a-41d3-b856-5784dd3638c8,mybasic.indonesia_7671468238034717460_20260808-221308.jsonl,1786203985684,ask_measurement,neutral,0.9,False,TB/BB + tanya ukuran
comment_001383,"udah co 2 kak tadi sz m, okee gk",97a13eb0-849a-41d3-b856-5784dd3638c8,mybasic.indonesia_7671468238034717460_20260808-221308.jsonl,1786204014818,purchase_intent,neutral,0.85,False,sudah checkout
comment_001384,co 2 dapat gratis ongkir,97a13eb0-849a-41d3-b856-5784dd3638c8,mybasic.indonesia_7671468238034717460_20260808-221308.jsonl,1786204060032,ask_price,neutral,0.6,False,konfirmasi promo gratis ongkir
comment_001385,ada kameja gk kak,97a13eb0-849a-41d3-b856-5784dd3638c8,mybasic.indonesia_7671468238034717460_20260808-221308.jsonl,1786204100069,ask_stock,neutral,0.8,False,tanya ketersediaan kemeja
comment_001386,make size apa bang bb tb kita sama,97a13eb0-849a-41d3-b856-5784dd3638c8,mybasic.indonesia_7671468238034717460_20260808-221308.jsonl,1786204103648,ask_measurement,neutral,0.85,False,BB/TB sama + tanya ukuran
comment_001387,saya udah co 2 kak etalase 9 nya bisa spil lagi kak etalase 9 nya,97a13eb0-849a-41d3-b856-5784dd3638c8,mybasic.indonesia_7671468238034717460_20260808-221308.jsonl,1786204104411,ask_detail,neutral,0.6,False,udah co + minta spil ulang
comment_001388,gk ada suara,97a13eb0-849a-41d3-b856-5784dd3638c8,mybasic.indonesia_7671468238034717460_20260808-221308.jsonl,1786204203083,other,negative,0.7,False,komplain tidak ada suara
comment_001389,bang suaranya gak ada,97a13eb0-849a-41d3-b856-5784dd3638c8,mybasic.indonesia_7671468238034717460_20260808-221308.jsonl,1786204204029,other,negative,0.7,False,komplain tidak ada suara
comment_001390,ga ada suara,97a13eb0-849a-41d3-b856-5784dd3638c8,mybasic.indonesia_7671468238034717460_20260808-221308.jsonl,1786204208578,other,negative,0.7,False,komplain tidak ada suara
comment_001391,suara abangnya gak ada,97a13eb0-849a-41d3-b856-5784dd3638c8,mybasic.indonesia_7671468238034717460_20260808-221308.jsonl,1786204210343,other,negative,0.7,False,komplain tidak ada suara
comment_001392,spil eta 9 kk,97a13eb0-849a-41d3-b856-5784dd3638c8,mybasic.indonesia_7671468238034717460_20260808-221308.jsonl,1786204226418,ask_detail,neutral,0.85,False,spill etalase 9
comment_001393,nah udah ada,97a13eb0-849a-41d3-b856-5784dd3638c8,mybasic.indonesia_7671468238034717460_20260808-221308.jsonl,1786204235619,other,neutral,0.6,False,balasan/acknowledge
comment_001394,ada,97a13eb0-849a-41d3-b856-5784dd3638c8,mybasic.indonesia_7671468238034717460_20260808-221308.jsonl,1786204236989,other,neutral,0.5,True,balasan singkat (ambigu)
comment_001395,kek nya hrs istirahat dlu bg😅,97a13eb0-849a-41d3-b856-5784dd3638c8,mybasic.indonesia_7671468238034717460_20260808-221308.jsonl,1786204265354,other,neutral,0.6,False,obrolan/saran
comment_001396,kak henley shirt nya ambil size M atau L ya untuk TB 174 BB 59,97a13eb0-849a-41d3-b856-5784dd3638c8,mybasic.indonesia_7671468238034717460_20260808-221308.jsonl,1786204273748,ask_measurement,neutral,0.9,False,TB/BB + tanya ukuran
comment_001397,Spil et 6 yg coffe kk,97a13eb0-849a-41d3-b856-5784dd3638c8,mybasic.indonesia_7671468238034717460_20260808-221308.jsonl,1786204286101,ask_detail,neutral,0.85,False,spill etalase 6 coffee
comment_001398,kalo bb 65 tb 175 ambil L aman gak kak,97a13eb0-849a-41d3-b856-5784dd3638c8,mybasic.indonesia_7671468238034717460_20260808-221308.jsonl,1786204308982,ask_measurement,neutral,0.9,False,BB/TB + tanya fit
comment_001399,bang udah co yg ringer tee hehe kirim yg best quality ya..mau affiliate,97a13eb0-849a-41d3-b856-5784dd3638c8,mybasic.indonesia_7671468238034717460_20260808-221308.jsonl,1786204324296,purchase_intent,neutral,0.85,False,sudah checkout
comment_001400,Bb 60 tb 165 size ap kk,97a13eb0-849a-41d3-b856-5784dd3638c8,mybasic.indonesia_7671468238034717460_20260808-221308.jsonl,1786204325114,ask_measurement,neutral,0.9,False,BB/TB + tanya ukuran
comment_001401,Yg anti kusut yg mana om?,97a13eb0-849a-41d3-b856-5784dd3638c8,mybasic.indonesia_7671468238034717460_20260808-221308.jsonl,1786204341984,ask_detail,neutral,0.75,False,tanya produk anti kusut
comment_001402,bb 80 ambil sz brp,97a13eb0-849a-41d3-b856-5784dd3638c8,mybasic.indonesia_7671468238034717460_20260808-221308.jsonl,1786204343994,ask_measurement,neutral,0.9,False,BB + tanya ukuran
comment_001403,foll belom banyak mas,97a13eb0-849a-41d3-b856-5784dd3638c8,mybasic.indonesia_7671468238034717460_20260808-221308.jsonl,1786204352158,other,neutral,0.6,False,statement/obrolan
comment_001404,175/70 pakai size apa bang?,97a13eb0-849a-41d3-b856-5784dd3638c8,mybasic.indonesia_7671468238034717460_20260808-221308.jsonl,1786204378405,ask_measurement,neutral,0.9,False,TB/BB + tanya ukuran
comment_001405,Aamiin broku thank u,97a13eb0-849a-41d3-b856-5784dd3638c8,mybasic.indonesia_7671468238034717460_20260808-221308.jsonl,1786204387530,other,neutral,0.7,False,balasan/greeting
comment_001406,TB 170 BB 64 size apa kak?,97a13eb0-849a-41d3-b856-5784dd3638c8,mybasic.indonesia_7671468238034717460_20260808-221308.jsonl,1786204403952,ask_measurement,neutral,0.9,False,BB/TB + tanya ukuran
comment_001407,167/48 pakai size apa,97a13eb0-849a-41d3-b856-5784dd3638c8,mybasic.indonesia_7671468238034717460_20260808-221308.jsonl,1786204405976,ask_measurement,neutral,0.9,False,TB/BB + tanya ukuran
comment_001408,reguler t-shirt buat 155/55 kak,97a13eb0-849a-41d3-b856-5784dd3638c8,mybasic.indonesia_7671468238034717460_20260808-221308.jsonl,1786204420849,ask_measurement,neutral,0.85,False,TB/BB + model reguler
comment_001409,165 BB 45 size berapa pengen yg fitted,97a13eb0-849a-41d3-b856-5784dd3638c8,mybasic.indonesia_7671468238034717460_20260808-221308.jsonl,1786204421132,ask_measurement,neutral,0.9,False,TB/BB + tanya ukuran
comment_001410,etalase 9 coklat tua ka,97a13eb0-849a-41d3-b856-5784dd3638c8,mybasic.indonesia_7671468238034717460_20260808-221308.jsonl,1786204435598,ask_stock,neutral,0.55,True,etalase + warna (tanpa verb)
comment_001411,bg kalo naik size apakah lingkar lengannya lebih besar bg?,97a13eb0-849a-41d3-b856-5784dd3638c8,mybasic.indonesia_7671468238034717460_20260808-221308.jsonl,1786204442143,ask_size_fit,neutral,0.75,False,tanya lingkar lengan antar size
comment_001412,liat contoh ukuran m,97a13eb0-849a-41d3-b856-5784dd3638c8,mybasic.indonesia_7671468238034717460_20260808-221308.jsonl,1786204463666,ask_size_fit,neutral,0.75,False,minta contoh ukuran M
comment_001413,try on dong kakk,97a13eb0-849a-41d3-b856-5784dd3638c8,mybasic.indonesia_7671468238034717460_20260808-221308.jsonl,1786204464450,ask_size_fit,neutral,0.7,False,minta try on
comment_001414,160 s/m,97a13eb0-849a-41d3-b856-5784dd3638c8,mybasic.indonesia_7671468238034717460_20260808-221308.jsonl,1786204475763,ask_measurement,neutral,0.6,True,TB + pilihan size (ambigu)
comment_001415,contoh ukuran m yg fitted,97a13eb0-849a-41d3-b856-5784dd3638c8,mybasic.indonesia_7671468238034717460_20260808-221308.jsonl,1786204490575,ask_size_fit,neutral,0.75,False,minta contoh ukuran M fitted
comment_001416,"tb 170 bb 85,ukuran berapa fitted tee",97a13eb0-849a-41d3-b856-5784dd3638c8,mybasic.indonesia_7671468238034717460_20260808-221308.jsonl,1786204492437,ask_measurement,neutral,0.9,False,BB/TB + tanya ukuran
comment_001417,etalase 9 tidak ada ukuran xxl kak?,97a13eb0-849a-41d3-b856-5784dd3638c8,mybasic.indonesia_7671468238034717460_20260808-221308.jsonl,1786204509630,ask_stock,neutral,0.7,False,tanya ketersediaan size XXL
comment_001418,ad crim bang,97a13eb0-849a-41d3-b856-5784dd3638c8,mybasic.indonesia_7671468238034717460_20260808-221308.jsonl,1786204530203,ask_stock,neutral,0.5,True,tanya ketersediaan cream (ambigu)
comment_001419,maaf tadi di batalin mau co ulang salah ukuran soalnye,97a13eb0-849a-41d3-b856-5784dd3638c8,mybasic.indonesia_7671468238034717460_20260808-221308.jsonl,1786204583515,purchase_intent,neutral,0.7,False,mau co ulang
comment_001420,eta 2 warna drak wine,97a13eb0-849a-41d3-b856-5784dd3638c8,mybasic.indonesia_7671468238034717460_20260808-221308.jsonl,1786204612782,ask_stock,neutral,0.55,True,etalase + warna (tanpa verb)
comment_001421,tb 168 bb 72 ambil size berapa,97a13eb0-849a-41d3-b856-5784dd3638c8,mybasic.indonesia_7671468238034717460_20260808-221308.jsonl,1786204676647,ask_measurement,neutral,0.9,False,BB/TB + tanya ukuran
comment_001422,liat dusty green eta 20 liat,97a13eb0-849a-41d3-b856-5784dd3638c8,mybasic.indonesia_7671468238034717460_20260808-221308.jsonl,1786204686631,ask_detail,neutral,0.8,False,minta lihat dusty green eta 20
comment_001423,tb 163 bb 50,97a13eb0-849a-41d3-b856-5784dd3638c8,mybasic.indonesia_7671468238034717460_20260808-221308.jsonl,1786204695239,ask_measurement,neutral,0.9,False,BB/TB saja
comment_001424,Warna merah atau maroon ada?,97a13eb0-849a-41d3-b856-5784dd3638c8,mybasic.indonesia_7671468238034717460_20260808-221308.jsonl,1786204724148,ask_stock,neutral,0.8,False,tanya ketersediaan warna
comment_001425,ka beda etalase 1 ama 2 apa,97a13eb0-849a-41d3-b856-5784dd3638c8,mybasic.indonesia_7671468238034717460_20260808-221308.jsonl,1786204730016,ask_detail,neutral,0.8,False,tanya beda etalase
comment_001426,Yang fited tee bang,97a13eb0-849a-41d3-b856-5784dd3638c8,mybasic.indonesia_7671468238034717460_20260808-221308.jsonl,1786204753219,ask_size_fit,neutral,0.5,True,pilih model fitted (ambigu)
comment_001427,Merah marun yg ada lis putih nya kak,97a13eb0-849a-41d3-b856-5784dd3638c8,mybasic.indonesia_7671468238034717460_20260808-221308.jsonl,1786204753640,ask_stock,neutral,0.6,True,tanya produk merah marun lis putih
comment_001428,bang coba liat etalase 5,97a13eb0-849a-41d3-b856-5784dd3638c8,mybasic.indonesia_7671468238034717460_20260808-221308.jsonl,1786204776794,ask_detail,neutral,0.8,False,minta lihat etalase 5
comment_001429,Eta 19 buat TB 180 BB 71 size apa bang?,97a13eb0-849a-41d3-b856-5784dd3638c8,mybasic.indonesia_7671468238034717460_20260808-221308.jsonl,1786204789524,ask_measurement,neutral,0.9,False,TB/BB + tanya ukuran
comment_001430,liat contoh fitted size s,97a13eb0-849a-41d3-b856-5784dd3638c8,mybasic.indonesia_7671468238034717460_20260808-221308.jsonl,1786204791087,ask_size_fit,neutral,0.75,False,minta contoh ukuran S
comment_001431,Itu model fited tee juga bang? Yang ada garisnya,97a13eb0-849a-41d3-b856-5784dd3638c8,mybasic.indonesia_7671468238034717460_20260808-221308.jsonl,1786204805676,ask_detail,neutral,0.7,False,tanya model produk
comment_001432,etalase 2 dong bb 75 tb 170,97a13eb0-849a-41d3-b856-5784dd3638c8,mybasic.indonesia_7671468238034717460_20260808-221308.jsonl,1786204810889,ask_measurement,neutral,0.7,False,BB/TB + etalase 2
comment_001433,yang merah ada kak,97a13eb0-849a-41d3-b856-5784dd3638c8,mybasic.indonesia_7671468238034717460_20260808-221308.jsonl,1786204813079,ask_stock,neutral,0.8,False,tanya ketersediaan warna merah
comment_001434,Spil etelase no 5 warna navy mas,97a13eb0-849a-41d3-b856-5784dd3638c8,mybasic.indonesia_7671468238034717460_20260808-221308.jsonl,1786204818502,ask_detail,neutral,0.85,False,spill etalase 5 navy
comment_001435,TB 167 BB 71,97a13eb0-849a-41d3-b856-5784dd3638c8,mybasic.indonesia_7671468238034717460_20260808-221308.jsonl,1786204820600,ask_measurement,neutral,0.9,False,BB/TB saja
comment_001436,boxy warna merah ada?,97a13eb0-849a-41d3-b856-5784dd3638c8,mybasic.indonesia_7671468238034717460_20260808-221308.jsonl,1786204826701,ask_stock,neutral,0.8,False,tanya ketersediaan warna
comment_001437,BB TB mas nya berapa,97a13eb0-849a-41d3-b856-5784dd3638c8,mybasic.indonesia_7671468238034717460_20260808-221308.jsonl,1786204827341,ask_measurement,neutral,0.8,False,tanya BB/TB host
comment_001438,"bb 67, tb 172",97a13eb0-849a-41d3-b856-5784dd3638c8,mybasic.indonesia_7671468238034717460_20260808-221308.jsonl,1786204832595,ask_measurement,neutral,0.9,False,BB/TB saja
comment_001439,Yang merah garis model fit led tee gada bang?,97a13eb0-849a-41d3-b856-5784dd3638c8,mybasic.indonesia_7671468238034717460_20260808-221308.jsonl,1786204843318,ask_stock,neutral,0.7,False,tanya ketersediaan model warna
comment_001440,merah bendera ada kak,97a13eb0-849a-41d3-b856-5784dd3638c8,mybasic.indonesia_7671468238034717460_20260808-221308.jsonl,1786204845616,ask_stock,neutral,0.8,False,tanya ketersediaan warna
comment_001441,orang buncit ga ccok pke fitted ya,97a13eb0-849a-41d3-b856-5784dd3638c8,mybasic.indonesia_7671468238034717460_20260808-221308.jsonl,1786204848790,ask_size_fit,neutral,0.7,False,tanya cocok bodi besar
comment_001443,contoh etelase 5 ukuran s mas,97a13eb0-849a-41d3-b856-5784dd3638c8,mybasic.indonesia_7671468238034717460_20260808-221308.jsonl,1786204866012,ask_size_fit,neutral,0.7,False,minta contoh ukuran S etalase 5
comment_001444,Spil merah bendera kak,97a13eb0-849a-41d3-b856-5784dd3638c8,mybasic.indonesia_7671468238034717460_20260808-221308.jsonl,1786204875873,ask_detail,neutral,0.85,False,spill warna merah bendera
comment_001445,ringer teenya mantep bgt bang udh beli,97a13eb0-849a-41d3-b856-5784dd3638c8,mybasic.indonesia_7671468238034717460_20260808-221308.jsonl,1786204882115,other,positive,0.7,False,pengalaman beli positif
comment_001446,"etalase 1, bb 68 tb 168 size apa bang?",97a13eb0-849a-41d3-b856-5784dd3638c8,mybasic.indonesia_7671468238034717460_20260808-221308.jsonl,1786204886038,ask_measurement,neutral,0.9,False,BB/TB + tanya ukuran
comment_001447,"fitted tee bb 67, tb 172 size apa bang?",97a13eb0-849a-41d3-b856-5784dd3638c8,mybasic.indonesia_7671468238034717460_20260808-221308.jsonl,1786204886547,ask_measurement,neutral,0.9,False,BB/TB + tanya ukuran
comment_001448,yang reguler kak,97a13eb0-849a-41d3-b856-5784dd3638c8,mybasic.indonesia_7671468238034717460_20260808-221308.jsonl,1786204887806,ask_size_fit,neutral,0.5,True,pilih model reguler (ambigu)
comment_001450,COBA BANDINGIN UKURAN S SAMA M MAS,97a13eb0-849a-41d3-b856-5784dd3638c8,mybasic.indonesia_7671468238034717460_20260808-221308.jsonl,1786204893300,ask_size_fit,neutral,0.8,False,bandingkan ukuran S vs M
comment_001451,kak itu pake size apa,97a13eb0-849a-41d3-b856-5784dd3638c8,mybasic.indonesia_7671468238034717460_20260808-221308.jsonl,1786204897861,ask_size_fit,neutral,0.8,False,tanya size yang dipakai
comment_001453,84/172 boxy cut uk apa?,97a13eb0-849a-41d3-b856-5784dd3638c8,mybasic.indonesia_7671468238034717460_20260808-221308.jsonl,1786204923525,ask_measurement,neutral,0.9,False,TB/BB + tanya ukuran
comment_001454,bb 85 tb 170 berapa bang?,97a13eb0-849a-41d3-b856-5784dd3638c8,mybasic.indonesia_7671468238034717460_20260808-221308.jsonl,1786204924909,ask_measurement,neutral,0.9,False,BB/TB + tanya ukuran
comment_001455,beda eta 1 dan 2 apa bang?,97a13eb0-849a-41d3-b856-5784dd3638c8,mybasic.indonesia_7671468238034717460_20260808-221308.jsonl,1786204928805,ask_detail,neutral,0.8,False,tanya beda etalase
comment_001456,Kaos yg cocok untuk dalaman kerja warna putih polos ada ga mas?,97a13eb0-849a-41d3-b856-5784dd3638c8,mybasic.indonesia_7671468238034717460_20260808-221308.jsonl,1786204929981,ask_stock,neutral,0.8,False,tanya ketersediaan kaos putih polos
comment_001457,"165, 80 size apa",97a13eb0-849a-41d3-b856-5784dd3638c8,mybasic.indonesia_7671468238034717460_20260808-221308.jsonl,1786204937994,ask_measurement,neutral,0.9,False,TB/BB + tanya ukuran
comment_001458,merah maronnya etalase brapa kak,97a13eb0-849a-41d3-b856-5784dd3638c8,mybasic.indonesia_7671468238034717460_20260808-221308.jsonl,1786204938474,ask_stock,neutral,0.8,False,tanya etalase warna maron
comment_001459,tinggi 165 size apa,97a13eb0-849a-41d3-b856-5784dd3638c8,mybasic.indonesia_7671468238034717460_20260808-221308.jsonl,1786204938971,ask_measurement,neutral,0.85,False,TB + tanya ukuran
comment_001460,"saya mau ambil boxy, tb 183 bb 65, ambil uk apa?",97a13eb0-849a-41d3-b856-5784dd3638c8,mybasic.indonesia_7671468238034717460_20260808-221308.jsonl,1786204943097,ask_measurement,neutral,0.9,False,BB/TB + tanya ukuran
comment_001461,kl henley tb 175 bb 70 pake size apa yang boxy bagus ya kak?,97a13eb0-849a-41d3-b856-5784dd3638c8,mybasic.indonesia_7671468238034717460_20260808-221308.jsonl,1786204944265,ask_measurement,neutral,0.9,False,BB/TB + tanya ukuran
comment_001462,etalase 2 bandingkan warna light grey sama dark grey bg,97a13eb0-849a-41d3-b856-5784dd3638c8,mybasic.indonesia_7671468238034717460_20260808-221308.jsonl,1786204945915,ask_detail,neutral,0.85,False,bandingkan warna light/dark grey
comment_001464,"saya udah pernah beli yang ukuran m yang fitted tee mas,mau nya beli yang etelase 5 ukuran s",97a13eb0-849a-41d3-b856-5784dd3638c8,mybasic.indonesia_7671468238034717460_20260808-221308.jsonl,1786204959681,purchase_intent,neutral,0.8,False,mau beli etalase 5
comment_001465,bedanya charcoal sama black apa bang,97a13eb0-849a-41d3-b856-5784dd3638c8,mybasic.indonesia_7671468238034717460_20260808-221308.jsonl,1786204972662,ask_detail,neutral,0.8,False,tanya beda warna
comment_001466,spil eta 2 dark wine bang,97a13eb0-849a-41d3-b856-5784dd3638c8,mybasic.indonesia_7671468238034717460_20260808-221308.jsonl,1786204977215,ask_detail,neutral,0.85,False,spill etalase 2 dark wine
comment_001467,tb 170 bb 80 size brp bng fitted te,97a13eb0-849a-41d3-b856-5784dd3638c8,mybasic.indonesia_7671468238034717460_20260808-221308.jsonl,1786204978849,ask_measurement,neutral,0.9,False,BB/TB + tanya ukuran
comment_001468,TB 170 BB 55 size apa?,97a13eb0-849a-41d3-b856-5784dd3638c8,mybasic.indonesia_7671468238034717460_20260808-221308.jsonl,1786204991139,ask_measurement,neutral,0.9,False,BB/TB + tanya ukuran
comment_001469,Lagi promo lagi tapi aku uda punya semua warna nya et 1 nya,97a13eb0-849a-41d3-b856-5784dd3638c8,mybasic.indonesia_7671468238034717460_20260808-221308.jsonl,1786205016797,other,neutral,0.7,False,statement/obrolan promo
comment_001470,TB 166 BB 65 ukuran apa mas?,97a13eb0-849a-41d3-b856-5784dd3638c8,mybasic.indonesia_7671468238034717460_20260808-221308.jsonl,1786205018917,ask_measurement,neutral,0.9,False,BB/TB + tanya ukuran
comment_001471,BB 62 TB 172 fitted tee,97a13eb0-849a-41d3-b856-5784dd3638c8,mybasic.indonesia_7671468238034717460_20260808-221308.jsonl,1786205021539,ask_measurement,neutral,0.9,False,BB/TB saja
comment_001472,"nyari yang ngetat lengan mas,yang m udah ngetat lengan sih mau nya yang lebih ketat hehe",97a13eb0-849a-41d3-b856-5784dd3638c8,mybasic.indonesia_7671468238034717460_20260808-221308.jsonl,1786205026706,ask_stock,neutral,0.6,True,cari produk lengan ketat (ambigu)
comment_001473,fitted tee yang merah Spil kak,97a13eb0-849a-41d3-b856-5784dd3638c8,mybasic.indonesia_7671468238034717460_20260808-221308.jsonl,1786205032072,ask_detail,neutral,0.85,False,spill fitted tee merah
comment_001474,bb 59 TB 170 ambil size apa,97a13eb0-849a-41d3-b856-5784dd3638c8,mybasic.indonesia_7671468238034717460_20260808-221308.jsonl,1786205032819,ask_measurement,neutral,0.9,False,BB/TB + tanya ukuran
comment_001475,eta 1 burgundy bang,97a13eb0-849a-41d3-b856-5784dd3638c8,mybasic.indonesia_7671468238034717460_20260808-221308.jsonl,1786205039215,ask_stock,neutral,0.5,True,etalase + warna (tanpa verb)
comment_001478,bedanya fitted tee yang airy sama heavy apa kak,97a13eb0-849a-41d3-b856-5784dd3638c8,mybasic.indonesia_7671468238034717460_20260808-221308.jsonl,1786205050532,ask_detail,neutral,0.8,False,tanya beda model airy vs heavy
comment_001479,"kak TB 184, BB 93",97a13eb0-849a-41d3-b856-5784dd3638c8,mybasic.indonesia_7671468238034717460_20260808-221308.jsonl,1786205060703,ask_measurement,neutral,0.9,False,BB/TB saja
comment_001480,bb80 bsa ga pke L,97a13eb0-849a-41d3-b856-5784dd3638c8,mybasic.indonesia_7671468238034717460_20260808-221308.jsonl,1786205061390,ask_measurement,neutral,0.85,False,BB + tanya fit
comment_001481,62 172 L enak juga kan?,97a13eb0-849a-41d3-b856-5784dd3638c8,mybasic.indonesia_7671468238034717460_20260808-221308.jsonl,1786205067664,ask_measurement,neutral,0.8,False,TB/BB + konfirmasi ukuran
comment_001482,bb 53 ukuran apa mas,97a13eb0-849a-41d3-b856-5784dd3638c8,mybasic.indonesia_7671468238034717460_20260808-221308.jsonl,1786205077253,ask_measurement,neutral,0.9,False,BB + tanya ukuran
comment_001483,eta 16 ada warna merah?,97a13eb0-849a-41d3-b856-5784dd3638c8,mybasic.indonesia_7671468238034717460_20260808-221308.jsonl,1786205082649,ask_stock,neutral,0.8,False,tanya ketersediaan warna
comment_001484,59 TB 170,97a13eb0-849a-41d3-b856-5784dd3638c8,mybasic.indonesia_7671468238034717460_20260808-221308.jsonl,1786205086293,ask_measurement,neutral,0.9,False,BB/TB saja
comment_001485,BB 110 bg,97a13eb0-849a-41d3-b856-5784dd3638c8,mybasic.indonesia_7671468238034717460_20260808-221308.jsonl,1786205098065,ask_measurement,neutral,0.9,False,BB saja
comment_001486,bb 68 tb 170 pke ap bg,97a13eb0-849a-41d3-b856-5784dd3638c8,mybasic.indonesia_7671468238034717460_20260808-221308.jsonl,1786205103711,ask_measurement,neutral,0.9,False,BB/TB + tanya ukuran
comment_001487,68 tb 170,97a13eb0-849a-41d3-b856-5784dd3638c8,mybasic.indonesia_7671468238034717460_20260808-221308.jsonl,1786205123114,ask_measurement,neutral,0.6,True,angka TB/BB saja
comment_001488,eta 1 light blue bang,97a13eb0-849a-41d3-b856-5784dd3638c8,mybasic.indonesia_7671468238034717460_20260808-221308.jsonl,1786205136566,ask_stock,neutral,0.55,True,etalase + warna (tanpa verb)
comment_001489,yg di pake eta brp,97a13eb0-849a-41d3-b856-5784dd3638c8,mybasic.indonesia_7671468238034717460_20260808-221308.jsonl,1786205149791,ask_stock,neutral,0.8,False,tanya etalase yang dipakai
comment_001490,179/69 uk apa,97a13eb0-849a-41d3-b856-5784dd3638c8,mybasic.indonesia_7671468238034717460_20260808-221308.jsonl,1786205162356,ask_measurement,neutral,0.9,False,TB/BB + tanya ukuran
comment_001491,fitted tee yang merah etalase barapa kak,97a13eb0-849a-41d3-b856-5784dd3638c8,mybasic.indonesia_7671468238034717460_20260808-221308.jsonl,1786205171881,ask_stock,neutral,0.8,False,tanya etalase produk merah
comment_001492,"Dtalase no 6, tb 165 bb 75",97a13eb0-849a-41d3-b856-5784dd3638c8,mybasic.indonesia_7671468238034717460_20260808-221308.jsonl,1786205204337,ask_measurement,neutral,0.9,False,BB/TB saja
comment_001493,Yang kaya bravy bb 84 ambil xl ya?,97a13eb0-849a-41d3-b856-5784dd3638c8,mybasic.indonesia_7671468238034717460_20260808-221308.jsonl,1786205205711,ask_measurement,neutral,0.85,False,BB + konfirmasi ukuran
comment_001494,etalase 1 BB 65 TB 158,97a13eb0-849a-41d3-b856-5784dd3638c8,mybasic.indonesia_7671468238034717460_20260808-221308.jsonl,1786205223608,ask_measurement,neutral,0.9,False,BB/TB saja
comment_001495,oversize XXl bang,97a13eb0-849a-41d3-b856-5784dd3638c8,mybasic.indonesia_7671468238034717460_20260808-221308.jsonl,1786205253411,ask_size_fit,neutral,0.55,True,oversize XXL (ambigu)
comment_001496,90 bang,97a13eb0-849a-41d3-b856-5784dd3638c8,mybasic.indonesia_7671468238034717460_20260808-221308.jsonl,1786205267370,ask_measurement,neutral,0.45,True,angka saja (ambigu)
comment_001497,Bb 86 tb 165,97a13eb0-849a-41d3-b856-5784dd3638c8,mybasic.indonesia_7671468238034717460_20260808-221308.jsonl,1786205269441,ask_measurement,neutral,0.9,False,BB/TB saja
comment_001498,Bedanya et 11 dan 12 apa?,97a13eb0-849a-41d3-b856-5784dd3638c8,mybasic.indonesia_7671468238034717460_20260808-221308.jsonl,1786205279810,ask_detail,neutral,0.8,False,tanya beda etalase
comment_001499,eta 1 light blue itu biru langit kah bang?,97a13eb0-849a-41d3-b856-5784dd3638c8,mybasic.indonesia_7671468238034717460_20260808-221308.jsonl,1786205300486,ask_detail,neutral,0.75,False,tanya warna
comment_001500,bb 77 tb 173 size apa yang fit,97a13eb0-849a-41d3-b856-5784dd3638c8,mybasic.indonesia_7671468238034717460_20260808-221308.jsonl,1786205303172,ask_measurement,neutral,0.9,False,BB/TB + tanya ukuran
comment_001501,bang  165/69 ambil apa oversize,97a13eb0-849a-41d3-b856-5784dd3638c8,mybasic.indonesia_7671468238034717460_20260808-221308.jsonl,1786205303722,ask_measurement,neutral,0.85,False,TB/BB + tanya ukuran
comment_001502,oversize coba,97a13eb0-849a-41d3-b856-5784dd3638c8,mybasic.indonesia_7671468238034717460_20260808-221308.jsonl,1786205310790,ask_size_fit,neutral,0.5,True,pilih model oversize (ambigu)
comment_001503,Boxy nomer brapa bang,97a13eb0-849a-41d3-b856-5784dd3638c8,mybasic.indonesia_7671468238034717460_20260808-221308.jsonl,1786205310771,ask_stock,neutral,0.8,False,tanya etalase boxy
comment_001505,pake l bisa nga,97a13eb0-849a-41d3-b856-5784dd3638c8,mybasic.indonesia_7671468238034717460_20260808-221308.jsonl,1786205333779,ask_size_fit,neutral,0.7,False,tanya fit ukuran L
comment_001507,light blue eta 1 itu lebih ke biru langit ya bang,97a13eb0-849a-41d3-b856-5784dd3638c8,mybasic.indonesia_7671468238034717460_20260808-221308.jsonl,1786205360339,ask_detail,neutral,0.75,False,konfirmasi warna
comment_001508,pas itu bang di oversize? m,97a13eb0-849a-41d3-b856-5784dd3638c8,mybasic.indonesia_7671468238034717460_20260808-221308.jsonl,1786205362588,ask_size_fit,neutral,0.6,False,tanya fit oversize ukuran M
comment_001509,"kalo fitted tee bb 67, tb 172, ambil L kegedean gak??",97a13eb0-849a-41d3-b856-5784dd3638c8,mybasic.indonesia_7671468238034717460_20260808-221308.jsonl,1786205363587,ask_measurement,neutral,0.9,False,BB/TB + tanya fit
comment_001510,Cba spill ka 11 dan 12 nya,97a13eb0-849a-41d3-b856-5784dd3638c8,mybasic.indonesia_7671468238034717460_20260808-221308.jsonl,1786205365619,ask_detail,neutral,0.85,False,spill etalase 11 & 12
comment_001511,"bb 56,5 tb 169 ukuran berapa fit t tea air",97a13eb0-849a-41d3-b856-5784dd3638c8,mybasic.indonesia_7671468238034717460_20260808-221308.jsonl,1786205377508,ask_measurement,neutral,0.9,False,BB/TB + tanya ukuran
comment_001513,ka Bb 70,97a13eb0-849a-41d3-b856-5784dd3638c8,mybasic.indonesia_7671468238034717460_20260808-221308.jsonl,1786205390633,ask_measurement,neutral,0.85,False,BB saja
comment_001514,tapi di kamera kayak terang banget bang,97a13eb0-849a-41d3-b856-5784dd3638c8,mybasic.indonesia_7671468238034717460_20260808-221308.jsonl,1786205396088,other,neutral,0.6,False,obrolan warna produk
comment_001515,lu pake size apa bg,97a13eb0-849a-41d3-b856-5784dd3638c8,mybasic.indonesia_7671468238034717460_20260808-221308.jsonl,1786205406962,ask_size_fit,neutral,0.8,False,tanya size yang dipakai
comment_001516,yang oversize bang,97a13eb0-849a-41d3-b856-5784dd3638c8,mybasic.indonesia_7671468238034717460_20260808-221308.jsonl,1786205408587,ask_size_fit,neutral,0.5,True,pilih model oversize (ambigu)
comment_001517,Udh CO 3 pcs,97a13eb0-849a-41d3-b856-5784dd3638c8,mybasic.indonesia_7671468238034717460_20260808-221308.jsonl,1786205412137,purchase_intent,neutral,0.85,False,sudah checkout
comment_001518,bandingin fitted yg 230 gsm vs yg anti kusut,97a13eb0-849a-41d3-b856-5784dd3638c8,mybasic.indonesia_7671468238034717460_20260808-221308.jsonl,1786205423503,ask_detail,neutral,0.85,False,bandingkan produk
comment_001519,kak yg etalase 5 spill size L NYA DONG,97a13eb0-849a-41d3-b856-5784dd3638c8,mybasic.indonesia_7671468238034717460_20260808-221308.jsonl,1786205430774,ask_detail,neutral,0.85,False,spill etalase 5 size L
comment_001520,tb 169 bb 58 cucok pake oversize atau reguler?,97a13eb0-849a-41d3-b856-5784dd3638c8,mybasic.indonesia_7671468238034717460_20260808-221308.jsonl,1786205441123,ask_measurement,neutral,0.85,False,BB/TB + pilih model fit
comment_001521,reguler yg havyweight ada?,97a13eb0-849a-41d3-b856-5784dd3638c8,mybasic.indonesia_7671468238034717460_20260808-221308.jsonl,1786205455457,ask_stock,neutral,0.8,False,tanya ketersediaan heavyweight
comment_001522,ka spil ulng etlse 11 wrna htm,97a13eb0-849a-41d3-b856-5784dd3638c8,mybasic.indonesia_7671468238034717460_20260808-221308.jsonl,1786205456736,ask_detail,neutral,0.85,False,spill ulang etalase 11 hitam
comment_001523,Etalase 1 yg warna hijau spil bg,97a13eb0-849a-41d3-b856-5784dd3638c8,mybasic.indonesia_7671468238034717460_20260808-221308.jsonl,1786205461307,ask_detail,neutral,0.85,False,spill etalase 1 hijau
comment_001524,BB 95 etalase brp,97a13eb0-849a-41d3-b856-5784dd3638c8,mybasic.indonesia_7671468238034717460_20260808-221308.jsonl,1786205480172,ask_stock,neutral,0.65,False,BB + tanya etalase
comment_001525,bb 72 kak,97a13eb0-849a-41d3-b856-5784dd3638c8,mybasic.indonesia_7671468238034717460_20260808-221308.jsonl,1786205482231,ask_measurement,neutral,0.85,False,BB saja
comment_001526,167 BB 70 ambil m cocok ga?,97a13eb0-849a-41d3-b856-5784dd3638c8,mybasic.indonesia_7671468238034717460_20260808-221308.jsonl,1786205483600,ask_measurement,neutral,0.9,False,TB/BB + tanya fit
comment_001527,spil etlse 11 wrna itm,97a13eb0-849a-41d3-b856-5784dd3638c8,mybasic.indonesia_7671468238034717460_20260808-221308.jsonl,1786205484021,ask_detail,neutral,0.85,False,spill etalase 11 hitam
comment_001528,bang coba liat yg etalase 4,97a13eb0-849a-41d3-b856-5784dd3638c8,mybasic.indonesia_7671468238034717460_20260808-221308.jsonl,1786205490426,ask_detail,neutral,0.8,False,minta lihat etalase 4
comment_001529,"untuk Tinggi 175,berat 86",97a13eb0-849a-41d3-b856-5784dd3638c8,mybasic.indonesia_7671468238034717460_20260808-221308.jsonl,1786205495416,ask_measurement,neutral,0.9,False,BB/TB saja
comment_001530,TB 180 BB 70 fitted tee pake uk brapa kak,97a13eb0-849a-41d3-b856-5784dd3638c8,mybasic.indonesia_7671468238034717460_20260808-221308.jsonl,1786205496426,ask_measurement,neutral,0.9,False,BB/TB + tanya ukuran
comment_001531,spill etalase 9 dong bang,97a13eb0-849a-41d3-b856-5784dd3638c8,mybasic.indonesia_7671468238034717460_20260808-221308.jsonl,1786205510529,ask_detail,neutral,0.85,False,spill etalase 9
comment_001532,bro tadi bang yang bb 69 /165,97a13eb0-849a-41d3-b856-5784dd3638c8,mybasic.indonesia_7671468238034717460_20260808-221308.jsonl,1786205513295,ask_measurement,neutral,0.75,False,BB/TB + konteks tadi
comment_001533,klo havyweight boxy ?,97a13eb0-849a-41d3-b856-5784dd3638c8,mybasic.indonesia_7671468238034717460_20260808-221308.jsonl,1786205516226,ask_stock,neutral,0.65,False,tanya ketersediaan heavyweight boxy
comment_001535,Etalase 11 & 12. Bb 55 TB 175 cocoknya size brpa,97a13eb0-849a-41d3-b856-5784dd3638c8,mybasic.indonesia_7671468238034717460_20260808-221308.jsonl,1786205528120,ask_measurement,neutral,0.9,False,BB/TB + tanya ukuran
comment_001536,Tb 165 bb 55 size apa yg hanlay,97a13eb0-849a-41d3-b856-5784dd3638c8,mybasic.indonesia_7671468238034717460_20260808-221308.jsonl,1786205528924,ask_measurement,neutral,0.9,False,BB/TB + tanya ukuran
comment_001537,hitam ukuran s mau langsung pesan,97a13eb0-849a-41d3-b856-5784dd3638c8,mybasic.indonesia_7671468238034717460_20260808-221308.jsonl,1786205532842,purchase_intent,neutral,0.8,False,mau pesan langsung
comment_001538,BB 95 etalase yg mana,97a13eb0-849a-41d3-b856-5784dd3638c8,mybasic.indonesia_7671468238034717460_20260808-221308.jsonl,1786205534001,ask_stock,neutral,0.65,False,BB + tanya etalase
comment_001539,etalase 9 kak,97a13eb0-849a-41d3-b856-5784dd3638c8,mybasic.indonesia_7671468238034717460_20260808-221308.jsonl,1786205554047,ask_stock,neutral,0.55,True,cari produk etalase 9 (ambigu)
comment_001540,bang yang 69 tdi brp bang m? oversize,97a13eb0-849a-41d3-b856-5784dd3638c8,mybasic.indonesia_7671468238034717460_20260808-221308.jsonl,1786205561104,ask_size_fit,neutral,0.65,False,konfirmasi ukuran oversize
comment_001541,pengen liat conton size m dong kak,97a13eb0-849a-41d3-b856-5784dd3638c8,mybasic.indonesia_7671468238034717460_20260808-221308.jsonl,1786205578584,ask_size_fit,neutral,0.75,False,minta contoh ukuran M
comment_001542,Bang sory tadi gua ambilnya size apa?,97a13eb0-849a-41d3-b856-5784dd3638c8,mybasic.indonesia_7671468238034717460_20260808-221308.jsonl,1786205585421,ask_size_fit,neutral,0.75,False,konfirmasi ukuran yang diambil
comment_001543,Sory ka kecepatan tadi ukuran M bukan ya ?,97a13eb0-849a-41d3-b856-5784dd3638c8,mybasic.indonesia_7671468238034717460_20260808-221308.jsonl,1786205590729,ask_size_fit,neutral,0.75,False,konfirmasi ukuran M
comment_001544,Etalase 6 sama apa yg boxy,97a13eb0-849a-41d3-b856-5784dd3638c8,mybasic.indonesia_7671468238034717460_20260808-221308.jsonl,1786205601883,ask_stock,neutral,0.55,True,tanya etalase boxy (ambigu)
comment_001545,BUKAN UKURAN NYA APA BANG YG 69 TADI M?,97a13eb0-849a-41d3-b856-5784dd3638c8,mybasic.indonesia_7671468238034717460_20260808-221308.jsonl,1786205605370,ask_size_fit,neutral,0.7,False,konfirmasi ukuran
comment_001546,beda nya etalase 11 sama 12 apa babg?,97a13eb0-849a-41d3-b856-5784dd3638c8,mybasic.indonesia_7671468238034717460_20260808-221308.jsonl,1786205609030,ask_detail,neutral,0.8,False,tanya beda etalase
comment_001547,berat 73 uk brp etalase 9,97a13eb0-849a-41d3-b856-5784dd3638c8,mybasic.indonesia_7671468238034717460_20260808-221308.jsonl,1786205612740,ask_measurement,neutral,0.9,False,BB + tanya ukuran
comment_001548,85 tb 165,97a13eb0-849a-41d3-b856-5784dd3638c8,mybasic.indonesia_7671468238034717460_20260808-221308.jsonl,1786205613978,ask_measurement,neutral,0.6,True,angka TB/BB saja
comment_001549,etalase 11 XL ketat atau longgar bang. aku mau aga longgar,97a13eb0-849a-41d3-b856-5784dd3638c8,mybasic.indonesia_7671468238034717460_20260808-221308.jsonl,1786205615626,ask_size_fit,neutral,0.7,False,tanya fit XL + preferensi longgar
comment_001550,ka spill fitted te warna maple brown,97a13eb0-849a-41d3-b856-5784dd3638c8,mybasic.indonesia_7671468238034717460_20260808-221308.jsonl,1786205628566,ask_detail,neutral,0.85,False,spill fitted tee maple brown
comment_001551,etalase 1 bb 62 tb 163,97a13eb0-849a-41d3-b856-5784dd3638c8,mybasic.indonesia_7671468238034717460_20260808-221308.jsonl,1786205642395,ask_measurement,neutral,0.9,False,BB/TB saja
comment_001552,kepencet bang bukan marah hehe,97a13eb0-849a-41d3-b856-5784dd3638c8,mybasic.indonesia_7671468238034717460_20260808-221308.jsonl,1786205642823,other,neutral,0.6,False,obrolan/klarifikasi
comment_001554,"Kak mau liat etalase 8, bb 60 tb 168 uk apaa ka",97a13eb0-849a-41d3-b856-5784dd3638c8,mybasic.indonesia_7671468238034717460_20260808-221308.jsonl,1786205651911,ask_measurement,neutral,0.85,False,mau lihat + tanya ukuran (dominan size)
comment_001555,kalo kakak nya pke size apaa,97a13eb0-849a-41d3-b856-5784dd3638c8,mybasic.indonesia_7671468238034717460_20260808-221308.jsonl,1786205662579,ask_size_fit,neutral,0.8,False,tanya size yang dipakai
comment_001556,kak eta 9 tb 164 bb 62 perut agak buncit dikit ambil size apa kak,97a13eb0-849a-41d3-b856-5784dd3638c8,mybasic.indonesia_7671468238034717460_20260808-221308.jsonl,1786205678395,ask_measurement,neutral,0.9,False,BB/TB + tanya ukuran
comment_001557,kalo ngefit s yaak?,97a13eb0-849a-41d3-b856-5784dd3638c8,mybasic.indonesia_7671468238034717460_20260808-221308.jsonl,1786205699714,ask_size_fit,neutral,0.7,False,konfirmasi fit size S
comment_001558,"etalase 8, BB 80, TB 172 UK brp?",97a13eb0-849a-41d3-b856-5784dd3638c8,mybasic.indonesia_7671468238034717460_20260808-221308.jsonl,1786205702700,ask_measurement,neutral,0.9,False,BB/TB + tanya ukuran
comment_001559,henley kak,97a13eb0-849a-41d3-b856-5784dd3638c8,mybasic.indonesia_7671468238034717460_20260808-221308.jsonl,1786205725526,ask_stock,neutral,0.5,True,cari produk henley (ambigu)
comment_001560,BB 64 TB 160,97a13eb0-849a-41d3-b856-5784dd3638c8,mybasic.indonesia_7671468238034717460_20260808-221308.jsonl,1786205736401,ask_measurement,neutral,0.9,False,BB/TB saja
comment_001561,Bosqu pengiriman dari mana?,97a13eb0-849a-41d3-b856-5784dd3638c8,mybasic.indonesia_7671468238034717460_20260808-221308.jsonl,1786205743928,ask_price,neutral,0.6,False,tanya asal pengiriman
comment_001562,Spill singlet nya ada,97a13eb0-849a-41d3-b856-5784dd3638c8,mybasic.indonesia_7671468238034717460_20260808-221308.jsonl,1786205745694,ask_detail,neutral,0.7,False,minta spill singlet
comment_001563,bb 100 tb 170 mending boxy atau oversize kak,97a13eb0-849a-41d3-b856-5784dd3638c8,mybasic.indonesia_7671468238034717460_20260808-221308.jsonl,1786205747542,ask_measurement,neutral,0.75,False,BB/TB + pilih model
comment_001564,tb 169 bb 58 pake size apa bang,97a13eb0-849a-41d3-b856-5784dd3638c8,mybasic.indonesia_7671468238034717460_20260808-221308.jsonl,1786205747505,ask_measurement,neutral,0.9,False,BB/TB + tanya ukuran
comment_001565,jeans nya bagus amat ka,97a13eb0-849a-41d3-b856-5784dd3638c8,mybasic.indonesia_7671468238034717460_20260808-221308.jsonl,1786205750689,other,positive,0.8,False,pujian produk
comment_001567,kak polo marron 177 74,97a13eb0-849a-41d3-b856-5784dd3638c8,mybasic.indonesia_7671468238034717460_20260808-221308.jsonl,1786205784268,ask_measurement,neutral,0.85,False,TB/BB + model polo
comment_001568,mas ribger tee navy,97a13eb0-849a-41d3-b856-5784dd3638c8,mybasic.indonesia_7671468238034717460_20260808-221308.jsonl,1786205785442,ask_stock,neutral,0.5,True,produk + warna (tanpa verb)
comment_001569,jeans nya dari apa ka mohon maaf wkwk,97a13eb0-849a-41d3-b856-5784dd3638c8,mybasic.indonesia_7671468238034717460_20260808-221308.jsonl,1786205791462,ask_detail,neutral,0.7,False,tanya bahan jeans
comment_001570,"hanly bb 56,5 tb 169 size?",97a13eb0-849a-41d3-b856-5784dd3638c8,mybasic.indonesia_7671468238034717460_20260808-221308.jsonl,1786205792522,ask_measurement,neutral,0.9,False,BB/TB + tanya ukuran
comment_001571,kak saya tb168 bb 66 ambil boxy etalase 6 yang pas ambil size apa?,97a13eb0-849a-41d3-b856-5784dd3638c8,mybasic.indonesia_7671468238034717460_20260808-221308.jsonl,1786205795313,ask_measurement,neutral,0.9,False,BB/TB + tanya ukuran
comment_001572,bang ko paket gua ga nyampe nyampee,97a13eb0-849a-41d3-b856-5784dd3638c8,mybasic.indonesia_7671468238034717460_20260808-221308.jsonl,1786205803963,other,negative,0.7,False,komplain paket belum sampai
comment_001573,udh 5hari,97a13eb0-849a-41d3-b856-5784dd3638c8,mybasic.indonesia_7671468238034717460_20260808-221308.jsonl,1786205808990,other,negative,0.55,True,info durasi tunggu paket
comment_001574,bang buat bb 50 tb 165 kira2 ambil size apa kalo yg ringer tee,97a13eb0-849a-41d3-b856-5784dd3638c8,mybasic.indonesia_7671468238034717460_20260808-221308.jsonl,1786205814133,ask_measurement,neutral,0.9,False,BB/TB + tanya ukuran
comment_001575,jeans nya dari apa ka,97a13eb0-849a-41d3-b856-5784dd3638c8,mybasic.indonesia_7671468238034717460_20260808-221308.jsonl,1786205833726,ask_detail,neutral,0.7,False,tanya bahan jeans
comment_001576,173 74 size apa,97a13eb0-849a-41d3-b856-5784dd3638c8,mybasic.indonesia_7671468238034717460_20260808-221308.jsonl,1786205849553,ask_measurement,neutral,0.9,False,TB/BB + tanya ukuran
comment_001577,ga ada shopee kah bang?,97a13eb0-849a-41d3-b856-5784dd3638c8,mybasic.indonesia_7671468238034717460_20260808-221308.jsonl,1786205853701,ask_stock,neutral,0.6,False,tanya ketersediaan di Shopee
comment_001578,160 55 size apa bg,97a13eb0-849a-41d3-b856-5784dd3638c8,mybasic.indonesia_7671468238034717460_20260808-221308.jsonl,1786205871671,ask_measurement,neutral,0.9,False,TB/BB + tanya ukuran
comment_001579,165/65 sz apa bg,97a13eb0-849a-41d3-b856-5784dd3638c8,mybasic.indonesia_7671468238034717460_20260808-221308.jsonl,1786205874660,ask_measurement,neutral,0.9,False,TB/BB + tanya ukuran
comment_001580,TB 167 BB 72 ambil M aman ga bang,97a13eb0-849a-41d3-b856-5784dd3638c8,mybasic.indonesia_7671468238034717460_20260808-221308.jsonl,1786205878664,ask_measurement,neutral,0.9,False,BB/TB + tanya fit
comment_001581,bedanya etlase 8 sama 10 apa bang?,97a13eb0-849a-41d3-b856-5784dd3638c8,mybasic.indonesia_7671468238034717460_20260808-221308.jsonl,1786205886319,ask_detail,neutral,0.8,False,tanya beda etalase
comment_001582,boxy tee 166/66,97a13eb0-849a-41d3-b856-5784dd3638c8,mybasic.indonesia_7671468238034717460_20260808-221308.jsonl,1786205894437,ask_measurement,neutral,0.85,False,TB/BB + model boxy
comment_001583,Bang boxy cuma 6 dan 9 ya?,97a13eb0-849a-41d3-b856-5784dd3638c8,mybasic.indonesia_7671468238034717460_20260808-221308.jsonl,1786205897836,ask_stock,neutral,0.7,False,tanya ketersediaan etalase boxy
comment_001584,bedanya airy apa bang,97a13eb0-849a-41d3-b856-5784dd3638c8,mybasic.indonesia_7671468238034717460_20260808-221308.jsonl,1786205906446,ask_detail,neutral,0.8,False,tanya beda model airy
comment_001585,et 9 warna maroon bg,97a13eb0-849a-41d3-b856-5784dd3638c8,mybasic.indonesia_7671468238034717460_20260808-221308.jsonl,1786205915412,ask_stock,neutral,0.55,True,etalase + warna (tanpa verb)
comment_001586,UDAHH CO KAK AMBIL UKURAN L JADINYA BUAT KADO COWO KU HEHEHEHEH,97a13eb0-849a-41d3-b856-5784dd3638c8,mybasic.indonesia_7671468238034717460_20260808-221308.jsonl,1786205929069,purchase_intent,neutral,0.9,False,sudah checkout
comment_001587,berarti bukan warna merah cabe ya?,97a13eb0-849a-41d3-b856-5784dd3638c8,mybasic.indonesia_7671468238034717460_20260808-221308.jsonl,1786205944947,ask_detail,neutral,0.75,False,konfirmasi warna
comment_001588,Bedanya 6 dan 16 bosqu?,97a13eb0-849a-41d3-b856-5784dd3638c8,mybasic.indonesia_7671468238034717460_20260808-221308.jsonl,1786205949534,ask_detail,neutral,0.8,False,tanya beda etalase
comment_001589,et 5 bb 70 tb 168,97a13eb0-849a-41d3-b856-5784dd3638c8,mybasic.indonesia_7671468238034717460_20260808-221308.jsonl,1786205960045,ask_measurement,neutral,0.9,False,BB/TB saja
comment_001590,eta 1 maroon nya gelap kan bang,97a13eb0-849a-41d3-b856-5784dd3638c8,mybasic.indonesia_7671468238034717460_20260808-221308.jsonl,1786205970612,ask_detail,neutral,0.75,False,konfirmasi warna
comment_001591,carcoal itu kaya gimana bang,97a13eb0-849a-41d3-b856-5784dd3638c8,mybasic.indonesia_7671468238034717460_20260808-221308.jsonl,1786205978494,ask_detail,neutral,0.75,False,tanya warna charcoal
comment_001592,spil regular fit bg uk m,97a13eb0-849a-41d3-b856-5784dd3638c8,mybasic.indonesia_7671468238034717460_20260808-221308.jsonl,1786205978660,ask_detail,neutral,0.85,False,spill regular fit ukuran M
comment_001593,bedanya 1 sama 2?,97a13eb0-849a-41d3-b856-5784dd3638c8,mybasic.indonesia_7671468238034717460_20260808-221308.jsonl,1786205983490,ask_detail,neutral,0.8,False,tanya beda produk
comment_001594,bg ukuran s untuk bb 55 ok nggak?,97a13eb0-849a-41d3-b856-5784dd3638c8,mybasic.indonesia_7671468238034717460_20260808-221308.jsonl,1786205993424,ask_measurement,neutral,0.85,False,BB + tanya fit ukuran
comment_001595,rekomendasi 1 atau 2?,97a13eb0-849a-41d3-b856-5784dd3638c8,mybasic.indonesia_7671468238034717460_20260808-221308.jsonl,1786206017402,ask_detail,neutral,0.7,False,minta rekomendasi produk
comment_001596,bb 70 tb 165 pake size apa,97a13eb0-849a-41d3-b856-5784dd3638c8,mybasic.indonesia_7671468238034717460_20260808-221308.jsonl,1786206023987,ask_measurement,neutral,0.9,False,BB/TB + tanya ukuran
comment_001597,dah cekout bg uk s,97a13eb0-849a-41d3-b856-5784dd3638c8,mybasic.indonesia_7671468238034717460_20260808-221308.jsonl,1786206032836,purchase_intent,neutral,0.85,False,sudah checkout
comment_001598,berarti 1 sama 2 sama aja sebenernya?,97a13eb0-849a-41d3-b856-5784dd3638c8,mybasic.indonesia_7671468238034717460_20260808-221308.jsonl,1786206042955,ask_detail,neutral,0.75,False,konfirmasi beda produk
comment_001599,tb 160 bb 55 aku bg,97a13eb0-849a-41d3-b856-5784dd3638c8,mybasic.indonesia_7671468238034717460_20260808-221308.jsonl,1786206060709,ask_measurement,neutral,0.85,False,BB/TB + konteks diri
comment_001600,kakanya pake size itu??,97a13eb0-849a-41d3-b856-5784dd3638c8,mybasic.indonesia_7671468238034717460_20260808-221308.jsonl,1786206068426,ask_size_fit,neutral,0.8,False,tanya size yang dipakai host
comment_001601,size apa,97a13eb0-849a-41d3-b856-5784dd3638c8,mybasic.indonesia_7671468238034717460_20260808-221308.jsonl,1786206072794,ask_size_fit,neutral,0.65,True,tanya ukuran (ambigu)
comment_001602,size apa yg kamu pake,97a13eb0-849a-41d3-b856-5784dd3638c8,mybasic.indonesia_7671468238034717460_20260808-221308.jsonl,1786206085948,ask_size_fit,neutral,0.8,False,tanya size yang dipakai
comment_001603,abangku 171/80 henley size apa,97a13eb0-849a-41d3-b856-5784dd3638c8,mybasic.indonesia_7671468238034717460_20260808-221308.jsonl,1786206099641,ask_measurement,neutral,0.9,False,TB/BB + tanya ukuran
comment_001604,spill longsleeve boxy yang charcoal,97a13eb0-849a-41d3-b856-5784dd3638c8,mybasic.indonesia_7671468238034717460_20260808-221308.jsonl,1786206121394,ask_detail,neutral,0.85,False,spill long sleeve boxy charcoal
comment_001605,masih cakep ga itu,97a13eb0-849a-41d3-b856-5784dd3638c8,mybasic.indonesia_7671468238034717460_20260808-221308.jsonl,1786206128469,other,neutral,0.6,False,obrolan/statement
comment_001606,etalase 2 bang spill,97a13eb0-849a-41d3-b856-5784dd3638c8,mybasic.indonesia_7671468238034717460_20260808-221308.jsonl,1786206130261,ask_detail,neutral,0.85,False,spill etalase 2
comment_001607,160-165 boxy crop pake apa bg,97a13eb0-849a-41d3-b856-5784dd3638c8,mybasic.indonesia_7671468238034717460_20260808-221308.jsonl,1786206130514,ask_measurement,neutral,0.85,False,TB + tanya ukuran
comment_001608,dapet 32rebu,97a13eb0-849a-41d3-b856-5784dd3638c8,mybasic.indonesia_7671468238034717460_20260808-221308.jsonl,1786206133644,other,neutral,0.55,True,statement harga (ambigu)
comment_001609,kak coba bandingin polo sama airy fitted tee,97a13eb0-849a-41d3-b856-5784dd3638c8,mybasic.indonesia_7671468238034717460_20260808-221308.jsonl,1786206150549,ask_detail,neutral,0.85,False,bandingkan produk
comment_001610,Henley long sleeve,97a13eb0-849a-41d3-b856-5784dd3638c8,mybasic.indonesia_7671468238034717460_20260808-221308.jsonl,1786206156613,ask_stock,neutral,0.5,True,cari produk henley LS (ambigu)
comment_001611,tb 168/51 dapet ya looks boxy nya,97a13eb0-849a-41d3-b856-5784dd3638c8,mybasic.indonesia_7671468238034717460_20260808-221308.jsonl,1786206159273,ask_measurement,neutral,0.8,False,TB/BB + konfirmasi boxy
comment_001612,bang boxy biasa eta brp,97a13eb0-849a-41d3-b856-5784dd3638c8,mybasic.indonesia_7671468238034717460_20260808-221308.jsonl,1786206171044,ask_stock,neutral,0.8,False,tanya etalase boxy biasa
comment_001613,aery tu gmna,97a13eb0-849a-41d3-b856-5784dd3638c8,mybasic.indonesia_7671468238034717460_20260808-221308.jsonl,1786206171270,ask_detail,neutral,0.7,False,tanya model airy
comment_001614,liat warna brown kak,97a13eb0-849a-41d3-b856-5784dd3638c8,mybasic.indonesia_7671468238034717460_20260808-221308.jsonl,1786206184421,ask_detail,neutral,0.8,False,minta lihat warna brown
comment_001615,panjang gitu ya kak polonya,97a13eb0-849a-41d3-b856-5784dd3638c8,mybasic.indonesia_7671468238034717460_20260808-221308.jsonl,1786206187480,ask_size_fit,neutral,0.6,False,konfirmasi panjang polo
comment_001616,bang cobain kaos warna navy ada ga,97a13eb0-849a-41d3-b856-5784dd3638c8,mybasic.indonesia_7671468238034717460_20260808-221308.jsonl,1786206188109,ask_stock,neutral,0.8,False,tanya ketersediaan warna navy
comment_001617,bb 50,97a13eb0-849a-41d3-b856-5784dd3638c8,mybasic.indonesia_7671468238034717460_20260808-221308.jsonl,1786206191992,ask_measurement,neutral,0.5,True,angka BB saja (ambigu)
comment_001618,aku uda co maroon dan navy eta 1,97a13eb0-849a-41d3-b856-5784dd3638c8,mybasic.indonesia_7671468238034717460_20260808-221308.jsonl,1786206196162,purchase_intent,neutral,0.85,False,sudah checkout
comment_001619,licin apa kaos biasa?,97a13eb0-849a-41d3-b856-5784dd3638c8,mybasic.indonesia_7671468238034717460_20260808-221308.jsonl,1786206202076,ask_detail,neutral,0.75,False,tanya bahan
comment_001620,brown,97a13eb0-849a-41d3-b856-5784dd3638c8,mybasic.indonesia_7671468238034717460_20260808-221308.jsonl,1786206219284,ask_detail,neutral,0.4,True,warna saja (ambigu)
comment_001621,polonya panjang gitu emang ya kak,97a13eb0-849a-41d3-b856-5784dd3638c8,mybasic.indonesia_7671468238034717460_20260808-221308.jsonl,1786206223457,ask_size_fit,neutral,0.6,False,konfirmasi panjang polo
comment_001622,eta 11 BB 90 ukrn apa kk,97a13eb0-849a-41d3-b856-5784dd3638c8,mybasic.indonesia_7671468238034717460_20260808-221308.jsonl,1786206225258,ask_measurement,neutral,0.9,False,BB + tanya ukuran
comment_001623,bole liat warna maple brownnya ka,97a13eb0-849a-41d3-b856-5784dd3638c8,mybasic.indonesia_7671468238034717460_20260808-221308.jsonl,1786206226228,ask_detail,neutral,0.8,False,minta lihat warna maple brown
comment_001624,tb 164 bb 55 size apa bang etalase,97a13eb0-849a-41d3-b856-5784dd3638c8,mybasic.indonesia_7671468238034717460_20260808-221308.jsonl,1786206229810,ask_measurement,neutral,0.9,False,BB/TB + tanya ukuran
comment_001625,tb 164 bb 55 size apa bang etalase 2,97a13eb0-849a-41d3-b856-5784dd3638c8,mybasic.indonesia_7671468238034717460_20260808-221308.jsonl,1786206239869,ask_measurement,neutral,0.9,False,BB/TB + tanya ukuran
comment_001626,"navy etalase brp bang, bahan paling prem bang",97a13eb0-849a-41d3-b856-5784dd3638c8,mybasic.indonesia_7671468238034717460_20260808-221308.jsonl,1786206248771,ask_stock,neutral,0.7,False,tanya etalase navy + pujian bahan
comment_001627,oversize dan reguler,97a13eb0-849a-41d3-b856-5784dd3638c8,mybasic.indonesia_7671468238034717460_20260808-221308.jsonl,1786206275095,ask_size_fit,neutral,0.5,True,pilih model (ambigu)
comment_001628,bb 55 tb 174 sz apa,97a13eb0-849a-41d3-b856-5784dd3638c8,mybasic.indonesia_7671468238034717460_20260808-221308.jsonl,1786206277173,ask_measurement,neutral,0.9,False,BB/TB + tanya ukuran
comment_001629,fitted tee buat cowo kurus cocok kah bang?,97a13eb0-849a-41d3-b856-5784dd3638c8,mybasic.indonesia_7671468238034717460_20260808-221308.jsonl,1786206278582,ask_size_fit,neutral,0.7,False,tanya cocok badan kurus
comment_001630,162 45,97a13eb0-849a-41d3-b856-5784dd3638c8,mybasic.indonesia_7671468238034717460_20260808-221308.jsonl,1786206290412,ask_measurement,neutral,0.6,True,angka TB/BB saja
comment_001631,tb 163 bb 65 pake size apa bg,97a13eb0-849a-41d3-b856-5784dd3638c8,mybasic.indonesia_7671468238034717460_20260808-221308.jsonl,1786206292969,ask_measurement,neutral,0.9,False,BB/TB + tanya ukuran
comment_001632,pentil e nyeplak ngga kalo yang biasa?,97a13eb0-849a-41d3-b856-5784dd3638c8,mybasic.indonesia_7671468238034717460_20260808-221308.jsonl,1786206294800,ask_detail,neutral,0.7,False,tanya kualitas bahan
comment_001633,bg kalau TB 173 BB 56 ambil size apa,97a13eb0-849a-41d3-b856-5784dd3638c8,mybasic.indonesia_7671468238034717460_20260808-221308.jsonl,1786206299489,ask_measurement,neutral,0.9,False,BB/TB + tanya ukuran
comment_001634,Bg spil warna bergundy,97a13eb0-849a-41d3-b856-5784dd3638c8,mybasic.indonesia_7671468238034717460_20260808-221308.jsonl,1786206299422,ask_detail,neutral,0.85,False,spill warna burgundy
comment_001635,abangku henley longsleeve nya nerawang ga warna item putih,97a13eb0-849a-41d3-b856-5784dd3638c8,mybasic.indonesia_7671468238034717460_20260808-221308.jsonl,1786206306543,ask_detail,neutral,0.75,False,tanya bahan nerawang
comment_001636,bb 55 tb 174 sz apa maaf mas ulangi,97a13eb0-849a-41d3-b856-5784dd3638c8,mybasic.indonesia_7671468238034717460_20260808-221308.jsonl,1786206310537,ask_measurement,neutral,0.9,False,BB/TB + tanya ukuran
comment_001637,171/57,97a13eb0-849a-41d3-b856-5784dd3638c8,mybasic.indonesia_7671468238034717460_20260808-221308.jsonl,1786206313552,ask_measurement,neutral,0.6,True,angka TB/BB saja
comment_001638,pake apa bang ?,97a13eb0-849a-41d3-b856-5784dd3638c8,mybasic.indonesia_7671468238034717460_20260808-221308.jsonl,1786206322185,ask_size_fit,neutral,0.7,False,tanya ukuran yang dipakai
comment_001640,cowo bb 85 kg uk apa ka?,97a13eb0-849a-41d3-b856-5784dd3638c8,mybasic.indonesia_7671468238034717460_20260808-221308.jsonl,1786206332595,ask_measurement,neutral,0.9,False,BB + tanya ukuran
comment_001641,dusty blue etalase 2 spil bang,97a13eb0-849a-41d3-b856-5784dd3638c8,mybasic.indonesia_7671468238034717460_20260808-221308.jsonl,1786206341274,ask_detail,neutral,0.85,False,spill etalase 2 dusty blue
comment_001642,bb 50 uk apa,97a13eb0-849a-41d3-b856-5784dd3638c8,mybasic.indonesia_7671468238034717460_20260808-221308.jsonl,1786206344408,ask_measurement,neutral,0.9,False,BB + tanya ukuran
comment_001643,Spil etalase 2 warna navy smaa hitam 178/75,97a13eb0-849a-41d3-b856-5784dd3638c8,mybasic.indonesia_7671468238034717460_20260808-221308.jsonl,1786206348111,ask_detail,neutral,0.75,False,spill etalase 2 navy & hitam + TB/BB
comment_001644,etls 17 bahannya tebel kan bang? gw nyari bahan navy yang tebel,97a13eb0-849a-41d3-b856-5784dd3638c8,mybasic.indonesia_7671468238034717460_20260808-221308.jsonl,1786206357917,ask_detail,neutral,0.8,False,tanya ketebalan bahan
comment_001645,170 bb 89,97a13eb0-849a-41d3-b856-5784dd3638c8,mybasic.indonesia_7671468238034717460_20260808-221308.jsonl,1786206369155,ask_measurement,neutral,0.9,False,BB/TB saja
comment_001646,bang coba spil sz L,97a13eb0-849a-41d3-b856-5784dd3638c8,mybasic.indonesia_7671468238034717460_20260808-221308.jsonl,1786206384438,ask_detail,neutral,0.85,False,spill ukuran L
comment_001647,done order bang thanks,97a13eb0-849a-41d3-b856-5784dd3638c8,mybasic.indonesia_7671468238034717460_20260808-221308.jsonl,1786206388892,purchase_intent,neutral,0.85,False,sudah order
comment_001648,et 9 bisa ga kak,97a13eb0-849a-41d3-b856-5784dd3638c8,mybasic.indonesia_7671468238034717460_20260808-221308.jsonl,1786206397706,ask_stock,neutral,0.6,False,konfirmasi etalase 9
comment_001649,kok aku liat sama semua,97a13eb0-849a-41d3-b856-5784dd3638c8,mybasic.indonesia_7671468238034717460_20260808-221308.jsonl,1786206419923,other,neutral,0.6,False,statement/obrolan produk
comment_001650,etalsenya kak,97a13eb0-849a-41d3-b856-5784dd3638c8,mybasic.indonesia_7671468238034717460_20260808-221308.jsonl,1786206435375,ask_stock,neutral,0.55,True,cari etalase (ambigu)
comment_001651,bedanya 1 sama 2,97a13eb0-849a-41d3-b856-5784dd3638c8,mybasic.indonesia_7671468238034717460_20260808-221308.jsonl,1786206446910,ask_detail,neutral,0.8,False,tanya beda produk
comment_001652,done ni check out,97a13eb0-849a-41d3-b856-5784dd3638c8,mybasic.indonesia_7671468238034717460_20260808-221308.jsonl,1786206449056,purchase_intent,neutral,0.85,False,sudah checkout
comment_001653,🤣,97a13eb0-849a-41d3-b856-5784dd3638c8,mybasic.indonesia_7671468238034717460_20260808-221308.jsonl,1786206452269,noise,neutral,0.6,True,hanya emoji
comment_001654,nyaman yg mana,97a13eb0-849a-41d3-b856-5784dd3638c8,mybasic.indonesia_7671468238034717460_20260808-221308.jsonl,1786206468754,ask_detail,neutral,0.7,False,tanya produk paling nyaman
comment_001655,sbr bg make dia,97a13eb0-849a-41d3-b856-5784dd3638c8,mybasic.indonesia_7671468238034717460_20260808-221308.jsonl,1786206487284,ask_size_fit,neutral,0.55,True,tanya ukuran dipakai (ambigu)
comment_001656,etalase 1 bb 65 tb 173 ukuran apa?,97a13eb0-849a-41d3-b856-5784dd3638c8,mybasic.indonesia_7671468238034717460_20260808-221308.jsonl,1786206492076,ask_measurement,neutral,0.9,False,BB/TB + tanya ukuran
comment_001657,wes CO,97a13eb0-849a-41d3-b856-5784dd3638c8,mybasic.indonesia_7671468238034717460_20260808-221308.jsonl,1786206510133,purchase_intent,neutral,0.85,False,sudah checkout
comment_001658,"bb 54 tb 170 ambil size apa,fited te",97a13eb0-849a-41d3-b856-5784dd3638c8,mybasic.indonesia_7671468238034717460_20260808-221308.jsonl,1786206512782,ask_measurement,neutral,0.9,False,BB/TB + tanya ukuran
comment_001659,TB180 BB64 ambil sz apaan ngab?,97a13eb0-849a-41d3-b856-5784dd3638c8,mybasic.indonesia_7671468238034717460_20260808-221308.jsonl,1786206526418,ask_measurement,neutral,0.9,False,BB/TB + tanya ukuran
comment_001660,beli 2 jdi brp mas,97a13eb0-849a-41d3-b856-5784dd3638c8,mybasic.indonesia_7671468238034717460_20260808-221308.jsonl,1786206531088,ask_price,neutral,0.75,False,tanya harga beli 2
comment_001661,M kekecilan ngga ngab?,97a13eb0-849a-41d3-b856-5784dd3638c8,mybasic.indonesia_7671468238034717460_20260808-221308.jsonl,1786206554092,ask_size_fit,neutral,0.7,False,tanya fit ukuran M
comment_001662,ka udh co etalase 2,97a13eb0-849a-41d3-b856-5784dd3638c8,mybasic.indonesia_7671468238034717460_20260808-221308.jsonl,1786206561092,purchase_intent,neutral,0.85,False,sudah checkout
comment_001663,167 bb 60 ambil sz ap,97a13eb0-849a-41d3-b856-5784dd3638c8,mybasic.indonesia_7671468238034717460_20260808-221308.jsonl,1786206562687,ask_measurement,neutral,0.9,False,TB/BB + tanya ukuran
comment_001664,etalase 1 53 165,97a13eb0-849a-41d3-b856-5784dd3638c8,mybasic.indonesia_7671468238034717460_20260808-221308.jsonl,1786206563513,ask_measurement,neutral,0.85,False,BB/TB + etalase
comment_001666,bisa liat yg navy blue oversized,97a13eb0-849a-41d3-b856-5784dd3638c8,mybasic.indonesia_7671468238034717460_20260808-221308.jsonl,1786206576481,ask_detail,neutral,0.8,False,minta lihat navy blue oversize
comment_001667,u pake sz apaan ngab?,97a13eb0-849a-41d3-b856-5784dd3638c8,mybasic.indonesia_7671468238034717460_20260808-221308.jsonl,1786206582734,ask_size_fit,neutral,0.8,False,tanya size yang dipakai
comment_001668,eta 1 bg,97a13eb0-849a-41d3-b856-5784dd3638c8,mybasic.indonesia_7671468238034717460_20260808-221308.jsonl,1786206601055,ask_stock,neutral,0.55,True,cari produk etalase 1 (ambigu)
comment_001669,udh co gua 2 bg di tunggu barang nya,97a13eb0-849a-41d3-b856-5784dd3638c8,mybasic.indonesia_7671468238034717460_20260808-221308.jsonl,1786206602020,purchase_intent,neutral,0.85,False,sudah checkout
comment_001670,kak buat tb 171 bb 58,97a13eb0-849a-41d3-b856-5784dd3638c8,mybasic.indonesia_7671468238034717460_20260808-221308.jsonl,1786206623454,ask_measurement,neutral,0.9,False,BB/TB saja
comment_001671,etalase 3 bb60 tb165 size apa bang,97a13eb0-849a-41d3-b856-5784dd3638c8,mybasic.indonesia_7671468238034717460_20260808-221308.jsonl,1786206627972,ask_measurement,neutral,0.9,False,BB/TB + tanya ukuran
comment_001672,bb 50/165 ambil ap bg?,97a13eb0-849a-41d3-b856-5784dd3638c8,mybasic.indonesia_7671468238034717460_20260808-221308.jsonl,1786206629370,ask_measurement,neutral,0.9,False,BB/TB + tanya ukuran
comment_001673,etalase 1 tb 168 bb 58,97a13eb0-849a-41d3-b856-5784dd3638c8,mybasic.indonesia_7671468238034717460_20260808-221308.jsonl,1786206638493,ask_measurement,neutral,0.9,False,BB/TB saja
comment_001674,estimasi waktu datang brp hari bg,97a13eb0-849a-41d3-b856-5784dd3638c8,mybasic.indonesia_7671468238034717460_20260808-221308.jsonl,1786206639977,other,neutral,0.55,False,tanya estimasi pengiriman
comment_001675,coba u pake sz L ngab,97a13eb0-849a-41d3-b856-5784dd3638c8,mybasic.indonesia_7671468238034717460_20260808-221308.jsonl,1786206653029,ask_size_fit,neutral,0.7,False,minta coba ukuran L
comment_001676,kapan live lagi,97a13eb0-849a-41d3-b856-5784dd3638c8,mybasic.indonesia_7671468238034717460_20260808-221308.jsonl,1786206653747,other,neutral,0.6,False,tanya jadwal live
comment_001677,Bg brapa tadi bb 85 tb 170 ukuran apa ??,97a13eb0-849a-41d3-b856-5784dd3638c8,mybasic.indonesia_7671468238034717460_20260808-221308.jsonl,1786206673034,ask_measurement,neutral,0.9,False,BB/TB + tanya ukuran
comment_001678,udh co min,97a13eb0-849a-41d3-b856-5784dd3638c8,mybasic.indonesia_7671468238034717460_20260808-221308.jsonl,1786206695504,purchase_intent,neutral,0.85,False,sudah checkout
comment_001679,lebar banget ngga ya?soalnya lingkar dadanya 54,97a13eb0-849a-41d3-b856-5784dd3638c8,mybasic.indonesia_7671468238034717460_20260808-221308.jsonl,1786206698769,ask_measurement,neutral,0.8,False,LD + tanya fit
comment_001680,SPILL ETALASE 5 BUAT TB 171 BB 58,97a13eb0-849a-41d3-b856-5784dd3638c8,mybasic.indonesia_7671468238034717460_20260808-221308.jsonl,1786206742755,ask_detail,neutral,0.8,False,spill etalase 5 + TB/BB
comment_001681,beda mya pollycooton dan t-shirett combet apa,97a13eb0-849a-41d3-b856-5784dd3638c8,mybasic.indonesia_7671468238034717460_20260808-221308.jsonl,1786206746507,ask_detail,neutral,0.8,False,tanya beda bahan
comment_001682,Saya dah co boy,97a13eb0-849a-41d3-b856-5784dd3638c8,mybasic.indonesia_7671468238034717460_20260808-221308.jsonl,1786206755100,purchase_intent,neutral,0.85,False,sudah checkout
comment_001683,gua rencananya mau co yg ringer tee,97a13eb0-849a-41d3-b856-5784dd3638c8,mybasic.indonesia_7671468238034717460_20260808-221308.jsonl,1786206778320,purchase_intent,neutral,0.8,False,rencana mau co
comment_001684,Etalase satu ama dua beda ala,97a13eb0-849a-41d3-b856-5784dd3638c8,mybasic.indonesia_7671468238034717460_20260808-221308.jsonl,1786206792224,ask_detail,neutral,0.8,False,tanya beda etalase
comment_001685,pengen oversize bb 69 tb 167 size apa,97a13eb0-849a-41d3-b856-5784dd3638c8,mybasic.indonesia_7671468238034717460_20260808-221308.jsonl,1786206792637,ask_measurement,neutral,0.9,False,BB/TB + tanya ukuran
comment_001686,liat warna t-shirt boxy dong bang,97a13eb0-849a-41d3-b856-5784dd3638c8,mybasic.indonesia_7671468238034717460_20260808-221308.jsonl,1786206800898,ask_detail,neutral,0.8,False,minta lihat warna
comment_001687,yang gak lecek dan gak nerawang keringat mana kak,97a13eb0-849a-41d3-b856-5784dd3638c8,mybasic.indonesia_7671468238034717460_20260808-221308.jsonl,1786206812620,ask_detail,neutral,0.75,False,tanya produk anti lecek
comment_001688,eta 2 spill bahan bg,97a13eb0-849a-41d3-b856-5784dd3638c8,mybasic.indonesia_7671468238034717460_20260808-221308.jsonl,1786206833798,ask_detail,neutral,0.85,False,spill bahan etalase 2
comment_001689,165/58 size apa,97a13eb0-849a-41d3-b856-5784dd3638c8,mybasic.indonesia_7671468238034717460_20260808-221308.jsonl,1786206842377,ask_measurement,neutral,0.9,False,TB/BB + tanya ukuran
comment_001690,maroon sama denim aja bang utk t-shirt boxy nya,97a13eb0-849a-41d3-b856-5784dd3638c8,mybasic.indonesia_7671468238034717460_20260808-221308.jsonl,1786206852703,ask_detail,neutral,0.65,False,minta lihat warna maroon & denim
comment_001691,etalase 2 BB 53 TB 165 UK apa bang,97a13eb0-849a-41d3-b856-5784dd3638c8,mybasic.indonesia_7671468238034717460_20260808-221308.jsonl,1786206858507,ask_measurement,neutral,0.9,False,BB/TB + tanya ukuran
comment_001692,secara look oke etalase 1 atau 2??,97a13eb0-849a-41d3-b856-5784dd3638c8,mybasic.indonesia_7671468238034717460_20260808-221308.jsonl,1786206859203,ask_detail,neutral,0.7,False,minta rekomendasi look
comment_001693,bedanya heavy sama 16s sama 200gsm gimn gan,97a13eb0-849a-41d3-b856-5784dd3638c8,mybasic.indonesia_7671468238034717460_20260808-221308.jsonl,1786206865005,ask_detail,neutral,0.8,False,tanya beda bahan
comment_001694,oversise tee buat daily biasa yg mana kak,97a13eb0-849a-41d3-b856-5784dd3638c8,mybasic.indonesia_7671468238034717460_20260808-221308.jsonl,1786206865436,ask_detail,neutral,0.7,False,minta rekomendasi produk
comment_001695,etalase 2 165/58 size apa bang,97a13eb0-849a-41d3-b856-5784dd3638c8,mybasic.indonesia_7671468238034717460_20260808-221308.jsonl,1786206886227,ask_measurement,neutral,0.9,False,TB/BB + tanya ukuran
comment_001696,cowok tb 173 bb90 gk buncit fitted tee oke ga?,97a13eb0-849a-41d3-b856-5784dd3638c8,mybasic.indonesia_7671468238034717460_20260808-221308.jsonl,1786206894680,ask_measurement,neutral,0.85,False,TB/BB + tanya fit model
comment_001697,boxy crop buat cowok tb 162 bb 52 ambil berapa bg,97a13eb0-849a-41d3-b856-5784dd3638c8,mybasic.indonesia_7671468238034717460_20260808-221308.jsonl,1786206897581,ask_measurement,neutral,0.9,False,TB/BB + tanya ukuran
comment_001698,Cb spil warna gsmnya ka,97a13eb0-849a-41d3-b856-5784dd3638c8,mybasic.indonesia_7671468238034717460_20260808-221308.jsonl,1786206907885,ask_detail,neutral,0.85,False,spill warna & gsm
comment_001699,Spil 19 bg,97a13eb0-849a-41d3-b856-5784dd3638c8,mybasic.indonesia_7671468238034717460_20260808-221308.jsonl,1786206916000,ask_detail,neutral,0.85,False,spill etalase 19
comment_001700,polo biru navy kak,97a13eb0-849a-41d3-b856-5784dd3638c8,mybasic.indonesia_7671468238034717460_20260808-221308.jsonl,1786206917910,ask_stock,neutral,0.5,True,produk + warna (tanpa verb)
comment_001701,eta 2 biar ga fit bgt ambil m atau L bg soalnya ga suka yg nge fit bg,97a13eb0-849a-41d3-b856-5784dd3638c8,mybasic.indonesia_7671468238034717460_20260808-221308.jsonl,1786206923320,ask_size_fit,neutral,0.75,False,tanya ukuran biar longgar
comment_001702,Spil et 1 warna light blue,97a13eb0-849a-41d3-b856-5784dd3638c8,mybasic.indonesia_7671468238034717460_20260808-221308.jsonl,1786206923579,ask_detail,neutral,0.85,False,spill etalase 1 light blue
comment_001703,etalase 2 BB 53 TB 165 UK apa bang apa kak tadi cepet banget,97a13eb0-849a-41d3-b856-5784dd3638c8,mybasic.indonesia_7671468238034717460_20260808-221308.jsonl,1786206923517,ask_measurement,neutral,0.9,False,BB/TB + tanya ukuran
comment_001704,Spil etalse 11,97a13eb0-849a-41d3-b856-5784dd3638c8,mybasic.indonesia_7671468238034717460_20260808-221308.jsonl,1786206925502,ask_detail,neutral,0.85,False,spill etalase 11
comment_001705,cowok tb 173 bb90 agk buncit fitted tee oke ga?,97a13eb0-849a-41d3-b856-5784dd3638c8,mybasic.indonesia_7671468238034717460_20260808-221308.jsonl,1786206932422,ask_measurement,neutral,0.85,False,TB/BB + tanya fit model
comment_001707,promo nya bagaimana?,97a13eb0-849a-41d3-b856-5784dd3638c8,mybasic.indonesia_7671468238034717460_20260808-221308.jsonl,1786206951442,ask_price,neutral,0.8,False,tanya promo
comment_001708,tb 163 bb 55 biar ngefit pake size apa,97a13eb0-849a-41d3-b856-5784dd3638c8,mybasic.indonesia_7671468238034717460_20260808-221308.jsonl,1786206963365,ask_measurement,neutral,0.9,False,BB/TB + tanya ukuran
comment_001709,polo,97a13eb0-849a-41d3-b856-5784dd3638c8,mybasic.indonesia_7671468238034717460_20260808-221308.jsonl,1786206973108,ask_stock,neutral,0.5,True,cari produk polo (ambigu)
comment_001710,etalase 2 itu boxy kan bang?,97a13eb0-849a-41d3-b856-5784dd3638c8,mybasic.indonesia_7671468238034717460_20260808-221308.jsonl,1786206975536,ask_detail,neutral,0.7,False,konfirmasi model boxy
comment_001711,Spil yg warna burgundy kk,97a13eb0-849a-41d3-b856-5784dd3638c8,mybasic.indonesia_7671468238034717460_20260808-221308.jsonl,1786206986220,ask_detail,neutral,0.85,False,spill warna burgundy
comment_001714,spill yg light Grey bg,97a13eb0-849a-41d3-b856-5784dd3638c8,mybasic.indonesia_7671468238034717460_20260808-221308.jsonl,1786207039203,ask_detail,neutral,0.85,False,spill warna light grey
comment_001715,spil ringtee navy,97a13eb0-849a-41d3-b856-5784dd3638c8,mybasic.indonesia_7671468238034717460_20260808-221308.jsonl,1786207039866,ask_detail,neutral,0.85,False,spill ringtee navy
comment_001716,etalase 12 bb 90+ ukuran berapa kak,97a13eb0-849a-41d3-b856-5784dd3638c8,mybasic.indonesia_7671468238034717460_20260808-221308.jsonl,1786207044375,ask_measurement,neutral,0.9,False,BB + tanya ukuran
comment_001717,bb 50 tb 160 pake ukuran apa kak,97a13eb0-849a-41d3-b856-5784dd3638c8,mybasic.indonesia_7671468238034717460_20260808-221308.jsonl,1786207062695,ask_measurement,neutral,0.9,False,BB/TB + tanya ukuran
comment_001718,spill celana,97a13eb0-849a-41d3-b856-5784dd3638c8,mybasic.indonesia_7671468238034717460_20260808-221308.jsonl,1786207098175,ask_detail,neutral,0.85,False,spill celana
comment_001719,eta 1 ga gampang lecek kh bg?,97a13eb0-849a-41d3-b856-5784dd3638c8,mybasic.indonesia_7671468238034717460_20260808-221308.jsonl,1786207099231,ask_detail,neutral,0.8,False,tanya bahan anti lecek
comment_001720,wesss chkout kak,97a13eb0-849a-41d3-b856-5784dd3638c8,mybasic.indonesia_7671468238034717460_20260808-221308.jsonl,1786207130881,purchase_intent,neutral,0.85,False,sudah checkout
comment_001721,tb 169 BB 40 ambil apa?,97a13eb0-849a-41d3-b856-5784dd3638c8,mybasic.indonesia_7671468238034717460_20260808-221308.jsonl,1786207138537,ask_measurement,neutral,0.9,False,TB/BB + tanya ukuran
comment_001722,warna abu eta 11,97a13eb0-849a-41d3-b856-5784dd3638c8,mybasic.indonesia_7671468238034717460_20260808-221308.jsonl,1786207143394,ask_stock,neutral,0.55,True,etalase + warna (tanpa verb)
comment_001723,Bb 75 tinggi 171 uk ap bg,97a13eb0-849a-41d3-b856-5784dd3638c8,mybasic.indonesia_7671468238034717460_20260808-221308.jsonl,1786207157358,ask_measurement,neutral,0.9,False,BB/TB + tanya ukuran
comment_001724,"ka yang di pake ,yang mana yang bawah atau yang atas",97a13eb0-849a-41d3-b856-5784dd3638c8,mybasic.indonesia_7671468238034717460_20260808-221308.jsonl,1786207159245,ask_detail,neutral,0.7,False,tanya produk yang dipakai
comment_001725,udah co bg,97a13eb0-849a-41d3-b856-5784dd3638c8,mybasic.indonesia_7671468238034717460_20260808-221308.jsonl,1786207167559,purchase_intent,neutral,0.85,False,sudah checkout
comment_001726,"kak dah sampe bajunya bagus banget.. co lagi ni, suamiku suka",97a13eb0-849a-41d3-b856-5784dd3638c8,mybasic.indonesia_7671468238034717460_20260808-221308.jsonl,1786207167620,purchase_intent,positive,0.85,False,co lagi + pujian
comment_001727,Fit apa itu,97a13eb0-849a-41d3-b856-5784dd3638c8,mybasic.indonesia_7671468238034717460_20260808-221308.jsonl,1786207181030,ask_detail,neutral,0.6,False,tanya arti/maksud fit
comment_001728,bang ini gimana caranya batalin co malah ke co 2 kali,97a13eb0-849a-41d3-b856-5784dd3638c8,mybasic.indonesia_7671468238034717460_20260808-221308.jsonl,1786207186599,other,neutral,0.7,False,tanya cara batalkan pesanan
comment_001729,ka yang fited yang mana,97a13eb0-849a-41d3-b856-5784dd3638c8,mybasic.indonesia_7671468238034717460_20260808-221308.jsonl,1786207194452,ask_detail,neutral,0.7,False,tanya produk fitted
comment_001730,etalase 4 bb 60 tb 173,97a13eb0-849a-41d3-b856-5784dd3638c8,mybasic.indonesia_7671468238034717460_20260808-221308.jsonl,1786207194070,ask_measurement,neutral,0.9,False,BB/TB saja
comment_001731,Udah co kak etalase 11 warna burgundy,97a13eb0-849a-41d3-b856-5784dd3638c8,mybasic.indonesia_7671468238034717460_20260808-221308.jsonl,1786207197743,purchase_intent,neutral,0.85,False,sudah checkout
comment_001732,Maksud nya fiting an nya gimana bg kalo L,97a13eb0-849a-41d3-b856-5784dd3638c8,mybasic.indonesia_7671468238034717460_20260808-221308.jsonl,1786207207047,ask_size_fit,neutral,0.7,False,tanya fitting ukuran L
comment_001733,fav eta 9,97a13eb0-849a-41d3-b856-5784dd3638c8,mybasic.indonesia_7671468238034717460_20260808-221308.jsonl,1786207214397,ask_stock,neutral,0.5,True,etalase + adjektif (ambigu)
comment_001734,spil polo kak,97a13eb0-849a-41d3-b856-5784dd3638c8,mybasic.indonesia_7671468238034717460_20260808-221308.jsonl,1786207222646,ask_detail,neutral,0.85,False,spill polo
comment_001735,aku udah cekout bang,97a13eb0-849a-41d3-b856-5784dd3638c8,mybasic.indonesia_7671468238034717460_20260808-221308.jsonl,1786207229891,purchase_intent,neutral,0.85,False,sudah checkout
comment_001736,bb60 tb173 size brp,97a13eb0-849a-41d3-b856-5784dd3638c8,mybasic.indonesia_7671468238034717460_20260808-221308.jsonl,1786207232250,ask_measurement,neutral,0.9,False,BB/TB + tanya ukuran
comment_001737,etalase 1 nya,97a13eb0-849a-41d3-b856-5784dd3638c8,mybasic.indonesia_7671468238034717460_20260808-221308.jsonl,1786207240487,ask_stock,neutral,0.55,True,cari produk etalase 1 (ambigu)
comment_001738,"aku udah co eta 1, tb aku 178 kak",97a13eb0-849a-41d3-b856-5784dd3638c8,mybasic.indonesia_7671468238034717460_20260808-221308.jsonl,1786207245259,purchase_intent,neutral,0.85,False,sudah checkout
comment_001739,tb 162 bb55 biar ngefit ambil size apa,97a13eb0-849a-41d3-b856-5784dd3638c8,mybasic.indonesia_7671468238034717460_20260808-221308.jsonl,1786207267687,ask_measurement,neutral,0.9,False,BB/TB + tanya ukuran
comment_001740,bg eta 3 apa perbedaan nya?,97a13eb0-849a-41d3-b856-5784dd3638c8,mybasic.indonesia_7671468238034717460_20260808-221308.jsonl,1786207272217,ask_detail,neutral,0.8,False,tanya beda produk
comment_001741,ambil brp tdi kak,97a13eb0-849a-41d3-b856-5784dd3638c8,mybasic.indonesia_7671468238034717460_20260808-221308.jsonl,1786207274021,ask_size_fit,neutral,0.55,True,tanya ukuran diambil (ambigu)
comment_001742,bb 73,97a13eb0-849a-41d3-b856-5784dd3638c8,mybasic.indonesia_7671468238034717460_20260808-221308.jsonl,1786207274640,ask_measurement,neutral,0.5,True,angka BB saja (ambigu)
comment_001743,spill eta 6 size m,97a13eb0-849a-41d3-b856-5784dd3638c8,mybasic.indonesia_7671468238034717460_20260808-221308.jsonl,1786207280957,ask_detail,neutral,0.85,False,spill etalase 6 ukuran M
comment_001744,bang lu make size apa,97a13eb0-849a-41d3-b856-5784dd3638c8,mybasic.indonesia_7671468238034717460_20260808-221308.jsonl,1786207287005,ask_size_fit,neutral,0.8,False,tanya size yang dipakai
comment_001745,Done co bg etl 19,97a13eb0-849a-41d3-b856-5784dd3638c8,mybasic.indonesia_7671468238034717460_20260808-221308.jsonl,1786207288446,purchase_intent,neutral,0.85,False,sudah checkout
comment_001746,itu ukuran s kak?,97a13eb0-849a-41d3-b856-5784dd3638c8,mybasic.indonesia_7671468238034717460_20260808-221308.jsonl,1786207300718,ask_size_fit,neutral,0.75,False,konfirmasi ukuran S
comment_001747,yang di pegang?,97a13eb0-849a-41d3-b856-5784dd3638c8,mybasic.indonesia_7671468238034717460_20260808-221308.jsonl,1786207304520,ask_detail,neutral,0.55,True,tanya produk dipegang (ambigu)
comment_001748,Bb 53 tb 171 fitted rekomen sz ap,97a13eb0-849a-41d3-b856-5784dd3638c8,mybasic.indonesia_7671468238034717460_20260808-221308.jsonl,1786207308348,ask_measurement,neutral,0.9,False,BB/TB + tanya ukuran
comment_001749,eta liat bg size m warna hitam,97a13eb0-849a-41d3-b856-5784dd3638c8,mybasic.indonesia_7671468238034717460_20260808-221308.jsonl,1786207321777,ask_detail,neutral,0.75,False,minta lihat size M hitam
comment_001750,Kok gabisa cod bg,97a13eb0-849a-41d3-b856-5784dd3638c8,mybasic.indonesia_7671468238034717460_20260808-221308.jsonl,1786207324868,other,neutral,0.6,False,tanya cara pembayaran
comment_001751,3,97a13eb0-849a-41d3-b856-5784dd3638c8,mybasic.indonesia_7671468238034717460_20260808-221308.jsonl,1786207325320,noise,neutral,0.4,True,angka saja (ambigu)
comment_001752,spil bahan eta 1 sm 2 bang,97a13eb0-849a-41d3-b856-5784dd3638c8,mybasic.indonesia_7671468238034717460_20260808-221308.jsonl,1786207352453,ask_detail,neutral,0.85,False,spill bahan etalase 1 & 2
comment_001753,yang putih eta 3 ada ga bg spill,97a13eb0-849a-41d3-b856-5784dd3638c8,mybasic.indonesia_7671468238034717460_20260808-221308.jsonl,1786207365360,ask_stock,neutral,0.75,False,tanya ketersediaan putih etalase 3
comment_001754,gw dah CO 2 bg,97a13eb0-849a-41d3-b856-5784dd3638c8,mybasic.indonesia_7671468238034717460_20260808-221308.jsonl,1786207366807,purchase_intent,neutral,0.85,False,sudah checkout
comment_001755,bb 68 tb167 pake oversize cocoknya m atau L ?,97a13eb0-849a-41d3-b856-5784dd3638c8,mybasic.indonesia_7671468238034717460_20260808-221308.jsonl,1786207372241,ask_measurement,neutral,0.9,False,BB/TB + tanya ukuran
comment_001756,buat jadi daleman yg mana bg bagusnya mau di pakein outer,97a13eb0-849a-41d3-b856-5784dd3638c8,mybasic.indonesia_7671468238034717460_20260808-221308.jsonl,1786207391719,ask_detail,neutral,0.7,False,minta rekomendasi daleman
comment_001757,hitam 1 sama 2 nya ka spil,97a13eb0-849a-41d3-b856-5784dd3638c8,mybasic.indonesia_7671468238034717460_20260808-221308.jsonl,1786207408890,ask_detail,neutral,0.85,False,spill hitam etalase 1 & 2
comment_001758,kak spill etalase 19 warna atlantick sea,97a13eb0-849a-41d3-b856-5784dd3638c8,mybasic.indonesia_7671468238034717460_20260808-221308.jsonl,1786207415542,ask_detail,neutral,0.85,False,spill etalase 19 atlantic sea
comment_001759,Spil 7 mas,97a13eb0-849a-41d3-b856-5784dd3638c8,mybasic.indonesia_7671468238034717460_20260808-221308.jsonl,1786207419108,ask_detail,neutral,0.85,False,spill etalase 7
comment_001760,beda nya sama eta 2 apa,97a13eb0-849a-41d3-b856-5784dd3638c8,mybasic.indonesia_7671468238034717460_20260808-221308.jsonl,1786207425436,ask_detail,neutral,0.8,False,tanya beda produk
comment_001761,spil etalase 2 bg,97a13eb0-849a-41d3-b856-5784dd3638c8,mybasic.indonesia_7671468238034717460_20260808-221308.jsonl,1786207432685,ask_detail,neutral,0.85,False,spill etalase 2
comment_001762,kak spill warna atlantik sea etlase 19,97a13eb0-849a-41d3-b856-5784dd3638c8,mybasic.indonesia_7671468238034717460_20260808-221308.jsonl,1786207434102,ask_detail,neutral,0.85,False,spill atlantic sea etalase 19
comment_001763,Spil 7 dark grey kak,97a13eb0-849a-41d3-b856-5784dd3638c8,mybasic.indonesia_7671468238034717460_20260808-221308.jsonl,1786207438665,ask_detail,neutral,0.85,False,spill etalase 7 dark grey
comment_001764,udh co 4 item,97a13eb0-849a-41d3-b856-5784dd3638c8,mybasic.indonesia_7671468238034717460_20260808-221308.jsonl,1786207452305,purchase_intent,neutral,0.85,False,sudah checkout
comment_001765,2,97a13eb0-849a-41d3-b856-5784dd3638c8,mybasic.indonesia_7671468238034717460_20260808-221308.jsonl,1786207453285,noise,neutral,0.4,True,angka saja (ambigu)
comment_001766,kaa baju untuk cowo tinggi dan agak berotot enak nya yg etalase berapa yaa?,97a13eb0-849a-41d3-b856-5784dd3638c8,mybasic.indonesia_7671468238034717460_20260808-221308.jsonl,1786207456667,ask_stock,neutral,0.75,False,tanya etalase untuk bodi tinggi
comment_001767,etalase 2,97a13eb0-849a-41d3-b856-5784dd3638c8,mybasic.indonesia_7671468238034717460_20260808-221308.jsonl,1786207462480,ask_stock,neutral,0.55,True,cari produk etalase 2 (ambigu)
comment_001768,bB 68 TB 168 pake uk apa,97a13eb0-849a-41d3-b856-5784dd3638c8,mybasic.indonesia_7671468238034717460_20260808-221308.jsonl,1786207469521,ask_measurement,neutral,0.9,False,BB/TB + tanya ukuran
comment_001769,Boxy tanktop 7 kak,97a13eb0-849a-41d3-b856-5784dd3638c8,mybasic.indonesia_7671468238034717460_20260808-221308.jsonl,1786207472968,ask_stock,neutral,0.55,True,produk + nomor (tanpa verb)
comment_001770,rekomendasi size 168/70 untuk eta 1 sama 2 bg,97a13eb0-849a-41d3-b856-5784dd3638c8,mybasic.indonesia_7671468238034717460_20260808-221308.jsonl,1786207473883,ask_measurement,neutral,0.85,False,TB/BB + minta rekomendasi
comment_001771,Kak yg oversize spill beige khaky,97a13eb0-849a-41d3-b856-5784dd3638c8,mybasic.indonesia_7671468238034717460_20260808-221308.jsonl,1786207480867,ask_detail,neutral,0.85,False,spill oversize beige khaki
comment_001772,tb 189 bb 84,97a13eb0-849a-41d3-b856-5784dd3638c8,mybasic.indonesia_7671468238034717460_20260808-221308.jsonl,1786207494433,ask_measurement,neutral,0.9,False,BB/TB saja
comment_001773,kalo ambil M ngfit atau longgar bb60 tb173 kak,97a13eb0-849a-41d3-b856-5784dd3638c8,mybasic.indonesia_7671468238034717460_20260808-221308.jsonl,1786207497780,ask_measurement,neutral,0.9,False,BB/TB + tanya fit
comment_001774,7 bb70 tb165,97a13eb0-849a-41d3-b856-5784dd3638c8,mybasic.indonesia_7671468238034717460_20260808-221308.jsonl,1786207521578,ask_measurement,neutral,0.7,False,BB/TB + etalase 7
comment_001775,Mas bb 74 tb 165 pakai size apa yang etalase 1,97a13eb0-849a-41d3-b856-5784dd3638c8,mybasic.indonesia_7671468238034717460_20260808-221308.jsonl,1786207524223,ask_measurement,neutral,0.9,False,BB/TB + tanya ukuran
comment_001776,L ya?,97a13eb0-849a-41d3-b856-5784dd3638c8,mybasic.indonesia_7671468238034717460_20260808-221308.jsonl,1786207527436,ask_size_fit,neutral,0.65,True,konfirmasi ukuran L (ambigu)
comment_001777,ini model boxy ga,97a13eb0-849a-41d3-b856-5784dd3638c8,mybasic.indonesia_7671468238034717460_20260808-221308.jsonl,1786207539192,ask_detail,neutral,0.7,False,konfirmasi model boxy
comment_001778,klo yg model boxy,97a13eb0-849a-41d3-b856-5784dd3638c8,mybasic.indonesia_7671468238034717460_20260808-221308.jsonl,1786207568781,ask_size_fit,neutral,0.5,True,pilih model boxy (ambigu)
comment_001779,kak etalase 1 ga ada g gray? buat couple sama suami wkwk,97a13eb0-849a-41d3-b856-5784dd3638c8,mybasic.indonesia_7671468238034717460_20260808-221308.jsonl,1786207573910,ask_stock,neutral,0.75,False,tanya ketersediaan warna grey
comment_001780,klo tinggi 189 cocok nya pake boxi atau oversized atau reguler kaaa,97a13eb0-849a-41d3-b856-5784dd3638c8,mybasic.indonesia_7671468238034717460_20260808-221308.jsonl,1786207585743,ask_measurement,neutral,0.75,False,TB + pilih model fit
comment_001781,maroon ka,97a13eb0-849a-41d3-b856-5784dd3638c8,mybasic.indonesia_7671468238034717460_20260808-221308.jsonl,1786207588945,ask_detail,neutral,0.4,True,warna saja (ambigu)
comment_001782,L gede bgt apa pas bg?,97a13eb0-849a-41d3-b856-5784dd3638c8,mybasic.indonesia_7671468238034717460_20260808-221308.jsonl,1786207589345,ask_size_fit,neutral,0.7,False,tanya fit ukuran L
comment_001783,ada kak oke,97a13eb0-849a-41d3-b856-5784dd3638c8,mybasic.indonesia_7671468238034717460_20260808-221308.jsonl,1786207603371,other,neutral,0.55,True,balasan/acknowledge (ambigu)
comment_001784,tb172 bb76,97a13eb0-849a-41d3-b856-5784dd3638c8,mybasic.indonesia_7671468238034717460_20260808-221308.jsonl,1786207619408,ask_measurement,neutral,0.9,False,BB/TB saja
comment_001785,kalo TB 168 BB 68 pake L ga kepanjangan kan bg baju nya untuk eta 1,97a13eb0-849a-41d3-b856-5784dd3638c8,mybasic.indonesia_7671468238034717460_20260808-221308.jsonl,1786207630076,ask_measurement,neutral,0.9,False,BB/TB + tanya fit panjang
comment_001786,buat cowoku kak😭,97a13eb0-849a-41d3-b856-5784dd3638c8,mybasic.indonesia_7671468238034717460_20260808-221308.jsonl,1786207632494,ask_measurement,neutral,0.5,True,konteks ukuran cowok (ambigu)
comment_001787,spill fitted tee yg warna maroonnya kak,97a13eb0-849a-41d3-b856-5784dd3638c8,mybasic.indonesia_7671468238034717460_20260808-221308.jsonl,1786207634541,ask_detail,neutral,0.85,False,spill fitted tee maroon
comment_001788,tb 165 bb 62 size apa kak,97a13eb0-849a-41d3-b856-5784dd3638c8,mybasic.indonesia_7671468238034717460_20260808-221308.jsonl,1786207642752,ask_measurement,neutral,0.9,False,BB/TB + tanya ukuran
comment_001789,Buat bb 82 size apaa bang,97a13eb0-849a-41d3-b856-5784dd3638c8,mybasic.indonesia_7671468238034717460_20260808-221308.jsonl,1786207646346,ask_measurement,neutral,0.9,False,BB + tanya ukuran
comment_001790,klau BB 65 TB 170 size apa bang baju nya,97a13eb0-849a-41d3-b856-5784dd3638c8,mybasic.indonesia_7671468238034717460_20260808-221308.jsonl,1786207674222,ask_measurement,neutral,0.9,False,BB/TB + tanya ukuran
comment_001791,long Sleeve BG,97a13eb0-849a-41d3-b856-5784dd3638c8,mybasic.indonesia_7671468238034717460_20260808-221308.jsonl,1786207674702,ask_stock,neutral,0.5,True,cari produk long sleeve (ambigu)
comment_001792,yang oversize L ya?,97a13eb0-849a-41d3-b856-5784dd3638c8,mybasic.indonesia_7671468238034717460_20260808-221308.jsonl,1786207680930,ask_size_fit,neutral,0.65,False,konfirmasi ukuran L oversize
comment_001793,bang ko harga naik,97a13eb0-849a-41d3-b856-5784dd3638c8,mybasic.indonesia_7671468238034717460_20260808-221308.jsonl,1786207682348,other,negative,0.7,False,komplain harga naik
comment_001794,bb 68 tb 175 apa bg?,97a13eb0-849a-41d3-b856-5784dd3638c8,mybasic.indonesia_7671468238034717460_20260808-221308.jsonl,1786207685786,ask_measurement,neutral,0.9,False,BB/TB + tanya ukuran
comment_001795,170/67,97a13eb0-849a-41d3-b856-5784dd3638c8,mybasic.indonesia_7671468238034717460_20260808-221308.jsonl,1786207699088,ask_measurement,neutral,0.6,True,angka TB/BB saja
comment_001796,170/60,97a13eb0-849a-41d3-b856-5784dd3638c8,mybasic.indonesia_7671468238034717460_20260808-221308.jsonl,1786207714036,ask_measurement,neutral,0.6,True,angka TB/BB saja
comment_001797,Etalase 9 pake xl cukup kan kak ?,97a13eb0-849a-41d3-b856-5784dd3638c8,mybasic.indonesia_7671468238034717460_20260808-221308.jsonl,1786207714548,ask_size_fit,neutral,0.7,False,konfirmasi fit XL
comment_001798,kalo press brp bg? 170/67,97a13eb0-849a-41d3-b856-5784dd3638c8,mybasic.indonesia_7671468238034717460_20260808-221308.jsonl,1786207753950,ask_measurement,neutral,0.85,False,TB/BB + tanya ukuran
comment_001799,baju yg dipake etalase brp bg?,97a13eb0-849a-41d3-b856-5784dd3638c8,mybasic.indonesia_7671468238034717460_20260808-221308.jsonl,1786207772141,ask_stock,neutral,0.8,False,tanya etalase yang dipakai
comment_001800,bg boxy warna maroon ada contohnya bg?,97a13eb0-849a-41d3-b856-5784dd3638c8,mybasic.indonesia_7671468238034717460_20260808-221308.jsonl,1786207781440,ask_detail,neutral,0.8,False,minta contoh warna maroon
comment_001801,eta 4 gmn bang,97a13eb0-849a-41d3-b856-5784dd3638c8,mybasic.indonesia_7671468238034717460_20260808-221308.jsonl,1786207797334,ask_detail,neutral,0.6,False,tanya info etalase 4
comment_001802,174/82,97a13eb0-849a-41d3-b856-5784dd3638c8,mybasic.indonesia_7671468238034717460_20260808-221308.jsonl,1786207810834,ask_measurement,neutral,0.6,True,angka TB/BB saja
comment_001803,Etalase 5 bb 79 tb 173,97a13eb0-849a-41d3-b856-5784dd3638c8,mybasic.indonesia_7671468238034717460_20260808-221308.jsonl,1786207826083,ask_measurement,neutral,0.9,False,BB/TB saja
comment_001804,"klo yg putih, kerahnya hitam ya??",97a13eb0-849a-41d3-b856-5784dd3638c8,mybasic.indonesia_7671468238034717460_20260808-221308.jsonl,1786207835393,ask_detail,neutral,0.8,False,tanya detail kerah
comment_001805,bb 68 tb 172 bagusnya pake apa bg etalase 1,97a13eb0-849a-41d3-b856-5784dd3638c8,mybasic.indonesia_7671468238034717460_20260808-221308.jsonl,1786207835510,ask_measurement,neutral,0.9,False,BB/TB + tanya ukuran
comment_001806,etl. 9 67/173,97a13eb0-849a-41d3-b856-5784dd3638c8,mybasic.indonesia_7671468238034717460_20260808-221308.jsonl,1786207869109,ask_measurement,neutral,0.85,False,BB/TB + etalase 9
comment_001807,Et 9 abu muda L,97a13eb0-849a-41d3-b856-5784dd3638c8,mybasic.indonesia_7671468238034717460_20260808-221308.jsonl,1786207874177,ask_stock,neutral,0.55,True,etalase + warna (tanpa verb)
comment_001808,65 178 bagus uk apa,97a13eb0-849a-41d3-b856-5784dd3638c8,mybasic.indonesia_7671468238034717460_20260808-221308.jsonl,1786207887116,ask_measurement,neutral,0.9,False,TB/BB + tanya ukuran
comment_001809,et4 spil yg buat bb58 bb155,97a13eb0-849a-41d3-b856-5784dd3638c8,mybasic.indonesia_7671468238034717460_20260808-221308.jsonl,1786207910894,ask_detail,neutral,0.8,False,spill etalase 4 + TB/BB
comment_001810,TB 169,97a13eb0-849a-41d3-b856-5784dd3638c8,mybasic.indonesia_7671468238034717460_20260808-221308.jsonl,1786207932012,ask_measurement,neutral,0.7,False,TB saja
comment_001811,kerah nya itu lebar gasi mas??,97a13eb0-849a-41d3-b856-5784dd3638c8,mybasic.indonesia_7671468238034717460_20260808-221308.jsonl,1786207939202,ask_detail,neutral,0.8,False,tanya detail kerah
comment_001812,TB 169 BB 60,97a13eb0-849a-41d3-b856-5784dd3638c8,mybasic.indonesia_7671468238034717460_20260808-221308.jsonl,1786207943767,ask_measurement,neutral,0.9,False,BB/TB saja
comment_001813,Itu yang dipake eta brp kak,97a13eb0-849a-41d3-b856-5784dd3638c8,mybasic.indonesia_7671468238034717460_20260808-221308.jsonl,1786207945186,ask_stock,neutral,0.8,False,tanya etalase yang dipakai
comment_001814,fitted tee 165/53,97a13eb0-849a-41d3-b856-5784dd3638c8,mybasic.indonesia_7671468238034717460_20260808-221308.jsonl,1786207951668,ask_measurement,neutral,0.85,False,TB/BB + model fitted
comment_001815,Eta 2 bedanya apa kak,97a13eb0-849a-41d3-b856-5784dd3638c8,mybasic.indonesia_7671468238034717460_20260808-221308.jsonl,1786207962783,ask_detail,neutral,0.8,False,tanya beda produk
comment_001816,TB 169 BB 60 size berapa bng,97a13eb0-849a-41d3-b856-5784dd3638c8,mybasic.indonesia_7671468238034717460_20260808-221308.jsonl,1786207982432,ask_measurement,neutral,0.9,False,BB/TB + tanya ukuran
comment_001817,spil 9 yg maroon,97a13eb0-849a-41d3-b856-5784dd3638c8,mybasic.indonesia_7671468238034717460_20260808-221308.jsonl,1786207986350,ask_detail,neutral,0.85,False,spill etalase 9 maroon
comment_001818,rokem nya no 1 apa 2 ya ka,97a13eb0-849a-41d3-b856-5784dd3638c8,mybasic.indonesia_7671468238034717460_20260808-221308.jsonl,1786207987988,ask_detail,neutral,0.7,False,tanya detail produk no 1/2
comment_001819,bb 95 ambil etalase berapa kk,97a13eb0-849a-41d3-b856-5784dd3638c8,mybasic.indonesia_7671468238034717460_20260808-221308.jsonl,1786207991006,ask_stock,neutral,0.65,False,BB + tanya etalase
comment_001820,"bang boxy cut, 176 67 M atau L bang?",97a13eb0-849a-41d3-b856-5784dd3638c8,mybasic.indonesia_7671468238034717460_20260808-221308.jsonl,1786207999215,ask_measurement,neutral,0.9,False,TB/BB + tanya ukuran
comment_001821,TB 169 BB 60 size berapa bang,97a13eb0-849a-41d3-b856-5784dd3638c8,mybasic.indonesia_7671468238034717460_20260808-221308.jsonl,1786208008846,ask_measurement,neutral,0.9,False,BB/TB + tanya ukuran
comment_001822,Eta 2 bedanya apa kak tb 165 bb 63,97a13eb0-849a-41d3-b856-5784dd3638c8,mybasic.indonesia_7671468238034717460_20260808-221308.jsonl,1786208009902,ask_detail,neutral,0.8,False,tanya beda produk + TB/BB
comment_001823,eta 11 tb 167 bb 53 size apa?,97a13eb0-849a-41d3-b856-5784dd3638c8,mybasic.indonesia_7671468238034717460_20260808-221308.jsonl,1786208011672,ask_measurement,neutral,0.9,False,BB/TB + tanya ukuran
comment_001824,lu pake sz apa bg,97a13eb0-849a-41d3-b856-5784dd3638c8,mybasic.indonesia_7671468238034717460_20260808-221308.jsonl,1786208014977,ask_size_fit,neutral,0.8,False,tanya size yang dipakai
comment_001825,eta 8 tb 170 bb 67 size apa bg,97a13eb0-849a-41d3-b856-5784dd3638c8,mybasic.indonesia_7671468238034717460_20260808-221308.jsonl,1786208061086,ask_measurement,neutral,0.9,False,BB/TB + tanya ukuran
comment_001826,173/58 reguler size apa bang?,97a13eb0-849a-41d3-b856-5784dd3638c8,mybasic.indonesia_7671468238034717460_20260808-221308.jsonl,1786208070663,ask_measurement,neutral,0.9,False,TB/BB + tanya ukuran
comment_001827,yg eta 1 nyerep keringet ga ya?? waktu itu beli 2x ada yg beda bahannya,97a13eb0-849a-41d3-b856-5784dd3638c8,mybasic.indonesia_7671468238034717460_20260808-221308.jsonl,1786208079018,ask_detail,neutral,0.7,False,tanya bahan nyerep keringat
comment_001828,"kak spill boxy piped size XL dong, tadi sore udah co dapet 69k🫰🏻",97a13eb0-849a-41d3-b856-5784dd3638c8,mybasic.indonesia_7671468238034717460_20260808-221308.jsonl,1786208096854,ask_detail,neutral,0.8,False,spill boxy XL + sudah co
comment_001829,yg dipake size apa mas,97a13eb0-849a-41d3-b856-5784dd3638c8,mybasic.indonesia_7671468238034717460_20260808-221308.jsonl,1786208133780,ask_size_fit,neutral,0.8,False,tanya size yang dipakai
comment_001830,"ok thank you kak, semoga muat ya di cowokku 85/170 dia",97a13eb0-849a-41d3-b856-5784dd3638c8,mybasic.indonesia_7671468238034717460_20260808-221308.jsonl,1786208157495,other,neutral,0.75,False,balasan + TB/BB konteks
comment_001831,Bb 74 tb 165 pakai size L gakekecilan ya mas,97a13eb0-849a-41d3-b856-5784dd3638c8,mybasic.indonesia_7671468238034717460_20260808-221308.jsonl,1786208175317,ask_measurement,neutral,0.9,False,BB/TB + tanya fit
comment_001832,kak itu yg dipake etalase brp,97a13eb0-849a-41d3-b856-5784dd3638c8,mybasic.indonesia_7671468238034717460_20260808-221308.jsonl,1786208176648,ask_stock,neutral,0.8,False,tanya etalase yang dipakai
comment_001833,eta 6 dan 11 bedanya apa,97a13eb0-849a-41d3-b856-5784dd3638c8,mybasic.indonesia_7671468238034717460_20260808-221308.jsonl,1786208190347,ask_detail,neutral,0.8,False,tanya beda etalase
comment_001834,eta 2 58/170 sixe apa,97a13eb0-849a-41d3-b856-5784dd3638c8,mybasic.indonesia_7671468238034717460_20260808-221308.jsonl,1786208199331,ask_measurement,neutral,0.9,False,TB/BB + tanya ukuran
comment_001835,et 10 175 69,97a13eb0-849a-41d3-b856-5784dd3638c8,mybasic.indonesia_7671468238034717460_20260808-221308.jsonl,1786208217452,ask_measurement,neutral,0.85,False,TB/BB + etalase 10
comment_001836,spill warna coklat tua et 10,97a13eb0-849a-41d3-b856-5784dd3638c8,mybasic.indonesia_7671468238034717460_20260808-221308.jsonl,1786208231381,ask_detail,neutral,0.85,False,spill warna coklat tua etalase 10
comment_001837,udah co gw bang,97a13eb0-849a-41d3-b856-5784dd3638c8,mybasic.indonesia_7671468238034717460_20260808-221308.jsonl,1786208237782,purchase_intent,neutral,0.85,False,sudah checkout
comment_001838,etalase 1 kek Mimin yang pakek?,97a13eb0-849a-41d3-b856-5784dd3638c8,mybasic.indonesia_7671468238034717460_20260808-221308.jsonl,1786208243194,ask_stock,neutral,0.65,False,konfirmasi etalase yang dipakai
comment_001839,udh co bang,97a13eb0-849a-41d3-b856-5784dd3638c8,mybasic.indonesia_7671468238034717460_20260808-221308.jsonl,1786208247322,purchase_intent,neutral,0.85,False,sudah checkout
comment_001840,asiap kak,97a13eb0-849a-41d3-b856-5784dd3638c8,mybasic.indonesia_7671468238034717460_20260808-221308.jsonl,1786208255475,other,neutral,0.7,False,balasan/acknowledge
comment_001841,dah co 2 bg,97a13eb0-849a-41d3-b856-5784dd3638c8,mybasic.indonesia_7671468238034717460_20260808-221308.jsonl,1786208260881,purchase_intent,neutral,0.85,False,sudah checkout
comment_001842,ukuran brpa min yang lu pakek,97a13eb0-849a-41d3-b856-5784dd3638c8,mybasic.indonesia_7671468238034717460_20260808-221308.jsonl,1786208265281,ask_size_fit,neutral,0.8,False,tanya size yang dipakai
comment_001843,yoi bang udah berkali” beli,97a13eb0-849a-41d3-b856-5784dd3638c8,mybasic.indonesia_7671468238034717460_20260808-221308.jsonl,1786208269408,other,neutral,0.7,False,statement pengalaman beli
comment_001844,bb 70 tb165 fitted tee pake ukuran apa bwng,97a13eb0-849a-41d3-b856-5784dd3638c8,mybasic.indonesia_7671468238034717460_20260808-221308.jsonl,1786208286189,ask_measurement,neutral,0.9,False,BB/TB + tanya ukuran
comment_001845,kak pengen rip yg tebal etalase brp,97a13eb0-849a-41d3-b856-5784dd3638c8,mybasic.indonesia_7671468238034717460_20260808-221308.jsonl,1786208300057,ask_stock,neutral,0.75,False,tanya etalase rip tebal
comment_001846,min bb 63 tb 170 uk apa ?,97a13eb0-849a-41d3-b856-5784dd3638c8,mybasic.indonesia_7671468238034717460_20260808-221308.jsonl,1786208301011,ask_measurement,neutral,0.9,False,BB/TB + tanya ukuran
comment_001847,fitted ter,97a13eb0-849a-41d3-b856-5784dd3638c8,mybasic.indonesia_7671468238034717460_20260808-221308.jsonl,1786208306099,ask_size_fit,neutral,0.5,True,pilih model fitted (ambigu)
comment_001848,done co bang sip,97a13eb0-849a-41d3-b856-5784dd3638c8,mybasic.indonesia_7671468238034717460_20260808-221308.jsonl,1786208313497,purchase_intent,neutral,0.85,False,sudah checkout
comment_001849,lehernya,97a13eb0-849a-41d3-b856-5784dd3638c8,mybasic.indonesia_7671468238034717460_20260808-221308.jsonl,1786208315287,ask_detail,neutral,0.55,True,tanya detail leher (ambigu)
comment_001850,min saya kalau ke chekout barangnya 2x gimana,97a13eb0-849a-41d3-b856-5784dd3638c8,mybasic.indonesia_7671468238034717460_20260808-221308.jsonl,1786208332762,other,neutral,0.7,False,tanya checkout double
comment_001851,178-60 sz berapa fitted tee,97a13eb0-849a-41d3-b856-5784dd3638c8,mybasic.indonesia_7671468238034717460_20260808-221308.jsonl,1786208334041,ask_measurement,neutral,0.9,False,TB/BB + tanya ukuran
comment_001852,ke chekout double,97a13eb0-849a-41d3-b856-5784dd3638c8,mybasic.indonesia_7671468238034717460_20260808-221308.jsonl,1786208347441,other,neutral,0.6,False,info checkout double
comment_001853,mau beli bajunya 1 jadinya 2,97a13eb0-849a-41d3-b856-5784dd3638c8,mybasic.indonesia_7671468238034717460_20260808-221308.jsonl,1786208356057,other,neutral,0.65,False,komplain checkout double
comment_001854,tb 169 bb 70,97a13eb0-849a-41d3-b856-5784dd3638c8,mybasic.indonesia_7671468238034717460_20260808-221308.jsonl,1786208356932,ask_measurement,neutral,0.9,False,BB/TB saja
comment_001856,sz berapa kak,97a13eb0-849a-41d3-b856-5784dd3638c8,mybasic.indonesia_7671468238034717460_20260808-221308.jsonl,1786208372868,ask_size_fit,neutral,0.65,True,tanya ukuran (ambigu)
comment_001857,kak buat bb 46 biar ga keliatan kurus pake size apa,97a13eb0-849a-41d3-b856-5784dd3638c8,mybasic.indonesia_7671468238034717460_20260808-221308.jsonl,1786208381924,ask_measurement,neutral,0.9,False,BB + tanya ukuran
comment_001858,kecilan ga kak,97a13eb0-849a-41d3-b856-5784dd3638c8,mybasic.indonesia_7671468238034717460_20260808-221308.jsonl,1786208391333,ask_size_fit,neutral,0.6,False,tanya fit kekecilan
comment_001859,kak boxy buat tb 165 bb 70,97a13eb0-849a-41d3-b856-5784dd3638c8,mybasic.indonesia_7671468238034717460_20260808-221308.jsonl,1786208410903,ask_measurement,neutral,0.9,False,BB/TB + model boxy
comment_001860,saya BB 79 kakk pake XL pas gakk ??,97a13eb0-849a-41d3-b856-5784dd3638c8,mybasic.indonesia_7671468238034717460_20260808-221308.jsonl,1786208413831,ask_measurement,neutral,0.9,False,BB + konfirmasi fit XL
comment_001861,bb 8p tb 170 pake size apa bg,97a13eb0-849a-41d3-b856-5784dd3638c8,mybasic.indonesia_7671468238034717460_20260808-221308.jsonl,1786208415174,ask_measurement,neutral,0.9,False,BB/TB + tanya ukuran
comment_001862,kak saran buat dalaman sekolah adem dan bisa di pake biasa etalase mana,97a13eb0-849a-41d3-b856-5784dd3638c8,mybasic.indonesia_7671468238034717460_20260808-221308.jsonl,1786208429615,ask_stock,neutral,0.75,False,minta saran etalase
comment_001863,berarti pake size s aja kak??,97a13eb0-849a-41d3-b856-5784dd3638c8,mybasic.indonesia_7671468238034717460_20260808-221308.jsonl,1786208432804,ask_size_fit,neutral,0.7,False,konfirmasi size S
comment_001864,dah co min tq ya,97a13eb0-849a-41d3-b856-5784dd3638c8,mybasic.indonesia_7671468238034717460_20260808-221308.jsonl,1786208434779,purchase_intent,neutral,0.85,False,sudah checkout
comment_001865,bb 80 bagus yg mana,97a13eb0-849a-41d3-b856-5784dd3638c8,mybasic.indonesia_7671468238034717460_20260808-221308.jsonl,1786208447022,ask_measurement,neutral,0.8,False,BB + minta saran
comment_001866,bb 85 tb 163,97a13eb0-849a-41d3-b856-5784dd3638c8,mybasic.indonesia_7671468238034717460_20260808-221308.jsonl,1786208449658,ask_measurement,neutral,0.9,False,BB/TB saja
comment_001867,bb 80 tb 177 yg mn,97a13eb0-849a-41d3-b856-5784dd3638c8,mybasic.indonesia_7671468238034717460_20260808-221308.jsonl,1786208464063,ask_measurement,neutral,0.85,False,BB/TB + pilih
comment_001868,166/70,97a13eb0-849a-41d3-b856-5784dd3638c8,mybasic.indonesia_7671468238034717460_20260808-221308.jsonl,1786208468175,ask_measurement,neutral,0.6,True,angka TB/BB saja
comment_001869,yg etalase 10 XL  BB 79 bisa kann,97a13eb0-849a-41d3-b856-5784dd3638c8,mybasic.indonesia_7671468238034717460_20260808-221308.jsonl,1786208468560,ask_measurement,neutral,0.85,False,BB + konfirmasi fit XL
comment_001870,"warna biru ada g situ bang,mau liat warnanya sekarang langsung",97a13eb0-849a-41d3-b856-5784dd3638c8,mybasic.indonesia_7671468238034717460_20260808-221308.jsonl,1786208484735,ask_stock,neutral,0.7,False,tanya ketersediaan warna biru
comment_001871,kak coba pake L kak,97a13eb0-849a-41d3-b856-5784dd3638c8,mybasic.indonesia_7671468238034717460_20260808-221308.jsonl,1786208485703,ask_size_fit,neutral,0.65,False,minta coba ukuran L
comment_001872,mau co nih,97a13eb0-849a-41d3-b856-5784dd3638c8,mybasic.indonesia_7671468238034717460_20260808-221308.jsonl,1786208491565,purchase_intent,neutral,0.8,False,mau checkout
comment_001873,tinggi 175 ambil ukuran brp bg?,97a13eb0-849a-41d3-b856-5784dd3638c8,mybasic.indonesia_7671468238034717460_20260808-221308.jsonl,1786208491529,ask_measurement,neutral,0.85,False,TB + tanya ukuran
comment_001874,bb 50 tb 165,97a13eb0-849a-41d3-b856-5784dd3638c8,mybasic.indonesia_7671468238034717460_20260808-221308.jsonl,1786208495079,ask_measurement,neutral,0.9,False,BB/TB saja
comment_001875,boxy gaada size s ya,97a13eb0-849a-41d3-b856-5784dd3638c8,mybasic.indonesia_7671468238034717460_20260808-221308.jsonl,1786208500465,ask_stock,neutral,0.7,False,tanya ketersediaan size S
comment_001876,min mau nanya boxy tanktop untuk 165/65 ambil size apa?,97a13eb0-849a-41d3-b856-5784dd3638c8,mybasic.indonesia_7671468238034717460_20260808-221308.jsonl,1786208501434,ask_measurement,neutral,0.9,False,TB/BB + tanya ukuran
comment_001877,navy,97a13eb0-849a-41d3-b856-5784dd3638c8,mybasic.indonesia_7671468238034717460_20260808-221308.jsonl,1786208510747,ask_detail,neutral,0.4,True,warna saja (ambigu)
comment_001878,et 16 bb 55 tb 155 pakek uk apa kak,97a13eb0-849a-41d3-b856-5784dd3638c8,mybasic.indonesia_7671468238034717460_20260808-221308.jsonl,1786208515846,ask_measurement,neutral,0.9,False,BB/TB + tanya ukuran
comment_001879,Tb 170 Bb 62 bisa ambil S bg?,97a13eb0-849a-41d3-b856-5784dd3638c8,mybasic.indonesia_7671468238034717460_20260808-221308.jsonl,1786208523974,ask_measurement,neutral,0.9,False,BB/TB + tanya fit
comment_001880,oke best warnanya tq ya min,97a13eb0-849a-41d3-b856-5784dd3638c8,mybasic.indonesia_7671468238034717460_20260808-221308.jsonl,1786208548328,other,positive,0.6,False,balasan positif warna
comment_001881,bb 80 tb 177 pke uk L msi bagus ga mw co,97a13eb0-849a-41d3-b856-5784dd3638c8,mybasic.indonesia_7671468238034717460_20260808-221308.jsonl,1786208550632,ask_measurement,neutral,0.85,False,BB/TB + fit + konteks co
comment_001882,abg nya ukuran apa pakainya?,97a13eb0-849a-41d3-b856-5784dd3638c8,mybasic.indonesia_7671468238034717460_20260808-221308.jsonl,1786208552818,ask_size_fit,neutral,0.8,False,tanya size yang dipakai
comment_001883,bb 57 tb 181 ukuran apa bang,97a13eb0-849a-41d3-b856-5784dd3638c8,mybasic.indonesia_7671468238034717460_20260808-221308.jsonl,1786208556630,ask_measurement,neutral,0.9,False,BB/TB + tanya ukuran
comment_001884,bb 80 tb 177 uk L msi bagus ga,97a13eb0-849a-41d3-b856-5784dd3638c8,mybasic.indonesia_7671468238034717460_20260808-221308.jsonl,1786208572177,ask_measurement,neutral,0.85,False,BB/TB + tanya fit
comment_001885,kak spil et 2,97a13eb0-849a-41d3-b856-5784dd3638c8,mybasic.indonesia_7671468238034717460_20260808-221308.jsonl,1786208573057,ask_detail,neutral,0.85,False,spill etalase 2
comment_001887,bb70 size apa ka,13271079-9911-4c51-8b43-16fb46b18c3e,mybasic.indonesia_7671711403803298580_20260809-012610.jsonl,1786213445332,ask_measurement,neutral,0.9,False,BB + tanya ukuran
comment_001888,bang tb 170 bb 55 ambil apa boxy,13271079-9911-4c51-8b43-16fb46b18c3e,mybasic.indonesia_7671711403803298580_20260809-012610.jsonl,1786213445928,ask_measurement,neutral,0.9,False,BB/TB + tanya ukuran
comment_001889,bb 45 tb 160 uk brp kak et 1,13271079-9911-4c51-8b43-16fb46b18c3e,mybasic.indonesia_7671711403803298580_20260809-012610.jsonl,1786213461954,ask_measurement,neutral,0.9,False,BB/TB + tanya ukuran
comment_001890,bedanya serat bambu sama katun biasa apa ka,13271079-9911-4c51-8b43-16fb46b18c3e,mybasic.indonesia_7671711403803298580_20260809-012610.jsonl,1786213484941,ask_detail,neutral,0.8,False,tanya beda bahan
comment_001891,BB 55 TB 170 pake size apa bg yg fitted tee,13271079-9911-4c51-8b43-16fb46b18c3e,mybasic.indonesia_7671711403803298580_20260809-012610.jsonl,1786213513276,ask_measurement,neutral,0.9,False,BB/TB + tanya ukuran
comment_001892,Kalo fitted tee bb 78 / tb 165 size apa ?,13271079-9911-4c51-8b43-16fb46b18c3e,mybasic.indonesia_7671711403803298580_20260809-012610.jsonl,1786213514143,ask_measurement,neutral,0.9,False,BB/TB + tanya ukuran
comment_001898,fitted tee bb 68 tb 168,13271079-9911-4c51-8b43-16fb46b18c3e,mybasic.indonesia_7671711403803298580_20260809-012610.jsonl,1786213567409,ask_measurement,neutral,0.9,False,BB/TB saja
comment_001900,"udah co, semoga sesuai",13271079-9911-4c51-8b43-16fb46b18c3e,mybasic.indonesia_7671711403803298580_20260809-012610.jsonl,1786214030854,purchase_intent,neutral,0.85,False,sudah checkout
