comment_id,text,intent,sentiment
comment_000001,Spil ukuran s dong kak yg spider,size_inquiry,neutral
comment_000002,oke kak makasih,not_relevant,positive
comment_000003,kak kalo buat BB 100+ bisa ga kak?,size_recommendation,neutral
comment_000004,bahan buat T shirt,product_inquiry,neutral
comment_000005,kalo TB 140 BB 41 ukuran apa kak,size_recommendation,neutral
comment_000006,bahan kaos apa kak?,product_inquiry,neutral
comment_000013,kaos untuk bb 77 tb 172 kak uk apa ya?,size_recommendation,neutral
comment_000014,spil yg ukuran m kak,size_inquiry,neutral
comment_000015,Oky kak yg spider ukuran s pas kan TB 140 TB 41,size_recommendation,neutral
comment_000016,ka bener ga si harganya segitu,price_inquiry,neutral
comment_000017,etalase 3 ka,product_inquiry,neutral
comment_000018,tb 180 BB 89,size_recommendation,neutral
comment_000019,tb 150 bb 53 size apa ka,size_recommendation,neutral
comment_000020,aku co yg size l tpi ka hhe,purchase_intent,neutral
comment_000021,yg spiderman bb 95 bisa ga kk?,size_recommendation,neutral
comment_000023,tb 177 bb 77,size_recommendation,neutral
comment_000024,belakangnya gmna ka,not_relevant,neutral
comment_000025,yg di pake ukuran apa ka,size_inquiry,neutral
comment_000026,tb 160 bb 70 uk apa?,size_recommendation,neutral
comment_000027,kak cirengnya redygak,not_relevant,neutral
comment_000028,et 1 tb 160 bb 70 uk apa kak,size_recommendation,neutral
comment_000030,kak BB 75 tinggi 173 ambil apa ya,size_recommendation,neutral
comment_000031,"Bb 55, tinggi 170’an uk apa ka",size_recommendation,neutral
comment_000032,Bb 100 tinggi 175 pake uk apa ka,size_recommendation,neutral
comment_000033,Iya bep,not_relevant,neutral
comment_000034,kak sepil eta 2,product_inquiry,neutral
comment_000035,tb 170.bb 85 uk berapa,size_recommendation,neutral
comment_000036,udah co eta 2,purchase_intent,neutral
comment_000037,baju yang spiderman kak spil,product_inquiry,neutral
comment_000038,et 19 kk,product_inquiry,neutral
comment_000039,BB 65 kk,size_recommendation,neutral
comment_000040,udah co kk eta 19,purchase_intent,neutral
comment_000041,udah co 3 kak,purchase_intent,neutral
comment_000042,kk eta 2 untuk bb 63 ambil xl kegedean gk?,size_recommendation,neutral
comment_000043,itu bahan yg spiderman apa,product_inquiry,neutral
comment_000045,Bahan apan?,product_inquiry,neutral
comment_000046,sya 68,not_relevant,neutral
comment_000048,68 ambil ukuran apa,size_recommendation,neutral
comment_000050,@💅🏻✨🦩 okkkoooooo,not_relevant,neutral
comment_000051,ka ini kmrn udh co 2 tp dateng nya ko 1 doang ya,purchase_intent,negative
comment_000052,bb 50 tb 170 apa,size_recommendation,neutral
comment_000053,sablon yg di blkang et brpa aj kk,product_inquiry,neutral
comment_000054,spil eta 5 kak,product_inquiry,neutral
comment_000055,Hitam polos,color_inquiry,neutral
comment_000056,kakanya pake uk apa?,size_inquiry,neutral
comment_000057,kk sepil eta 31,product_inquiry,neutral
comment_000058,udah kak aku CO yg spiderman,purchase_intent,neutral
comment_000059,aku udh co 2 kk,purchase_intent,neutral
comment_000060,berapa,price_inquiry,neutral
comment_000061,bb 55 ambil apa ka,size_recommendation,neutral
comment_000062,BB 85 MBA,size_recommendation,neutral
comment_000064,kak yang gambar cwe melet etalase berpa,product_inquiry,neutral
comment_000065,tb 178 bb 65 pake size berpa ya,size_recommendation,neutral
comment_000066,etalase no 21 kak,product_inquiry,neutral
comment_000067,bb 55 tb 167 ambil apa ka,size_recommendation,neutral
comment_000068,yg dipake ets brp,product_inquiry,neutral
comment_000069,pengiriman Jayapura ga bisah ya mba,not_relevant,neutral
comment_000070,kak aku mau lihat ukuran S etalase no 6,size_inquiry,neutral
comment_000071,Spil eta 18 kak,product_inquiry,neutral
comment_000072,Spil yg size m kak,size_inquiry,neutral
comment_000073,etalase 1 cb lihat ukuran XL,size_inquiry,neutral
comment_000074,aku udh co ka etalase 19,purchase_intent,neutral
comment_000075,spil eta 2 ukuran xl,size_inquiry,neutral
comment_000076,XL muat BB brapa,size_recommendation,neutral
comment_000077,bb 68 ukuran apa kak,size_recommendation,neutral
comment_000078,ukuran s gmna,size_inquiry,neutral
comment_000079,buat BB 69 TB 165 apa ka,size_recommendation,neutral
comment_000080,ka bb 68 Tb 150,size_recommendation,neutral
comment_000081,buat kaos Spiderman bb 68 ukuran apa kak,size_recommendation,neutral
comment_000082,itu ukuran berapa kak yg Spiderman,size_inquiry,neutral
comment_000083,kalau BB 70 TB 165 kk,size_recommendation,neutral
comment_000084,ukuran L ld berapa ka,size_inquiry,neutral
comment_000085,kak eta 42 kak,product_inquiry,neutral
comment_000086,kak liat Spiderman ukuran XL,size_inquiry,neutral
comment_000087,"bajunya sudah sampe, langsug di pake",not_relevant,positive
comment_000089,tb 165+ BB 46+ size ap kak?,size_recommendation,neutral
comment_000090,ka itu bahan baju kaosnya apa ka yang spider,product_inquiry,neutral
comment_000091,tebal ga ka,product_inquiry,neutral
comment_000092,Spiderman buat BB 38 TB 153 berapa kak,size_recommendation,neutral
comment_000093,tebal ya kak bahannya,product_inquiry,neutral
comment_000094,tb 158 kaos Spiderman ukuran apa kak,size_recommendation,neutral
comment_000095,bb 52,size_recommendation,neutral
comment_000096,bahan dan ketebalan,product_inquiry,neutral
comment_000097,163 berat 70 sweter apa cowoknya sm kaos,size_recommendation,neutral
comment_000098,yg Kaka tadi pegang etalase no brpa,product_inquiry,neutral
comment_000099,okee kaosny,not_relevant,neutral
comment_000100,@Sri Nurhayati,not_relevant,neutral
comment_000101,Spil yg spederman,not_relevant,neutral
comment_000102,oke,not_relevant,neutral
comment_000103,bahan apa itu,product_inquiry,neutral
comment_000104,tebal gak kk,product_inquiry,neutral
comment_000105,tb 154 BB 44 ukuran apa,size_recommendation,neutral
comment_000106,TB 163 BB 45 cocok yg mna,size_recommendation,neutral
comment_000107,baju yg tebel yg mana ka,product_inquiry,neutral
comment_000108,yg kk pake uk brp,size_inquiry,neutral
comment_000109,yg di pke KK ukuran apa itu kk,size_inquiry,neutral
comment_000110,lengan panjang ET berapa,product_inquiry,neutral
comment_000111,udah ambil itu 1 sweter sm kaosny,purchase_intent,neutral
comment_000112,eta 2 itu sweater ga kakk,product_inquiry,neutral
comment_000113,pengiriman brp hari ka?,not_relevant,neutral
comment_000114,dr tanggal 4,not_relevant,negative
comment_000115,dr tanggal 4 b3lum terima terima udah di bayar,purchase_intent,negative
comment_000117,eta 10 3xl ka,product_inquiry,neutral
comment_000118,eta 1 spil uk s,size_inquiry,neutral
comment_000119,spil etlse 21 kak,product_inquiry,neutral
comment_000120,pengirimanya kaya sifut,not_relevant,negative
comment_000121,dari tanggal 4,not_relevant,negative
comment_000122,belum dateng dateng ka sampe sekarang,not_relevant,negative
comment_000123,itu bahan tebal?,product_inquiry,neutral
comment_000124,tarnya berbuku gak kain nya?,product_inquiry,neutral
comment_000125,ke bogor ka,not_relevant,neutral
comment_000126,estimasi datang tgl 6,not_relevant,neutral
comment_000127,nantinya berbulu ga kainnya?,product_inquiry,neutral
comment_000128,"salah tcl katanya ka ,muter muter",not_relevant,negative
comment_000129,Spil etalase 4,product_inquiry,neutral
comment_000130,bb 74 ukuran brp,size_recommendation,neutral
comment_000131,bb 41 tb 160,size_recommendation,neutral
comment_000132,bb 80 size apa,size_recommendation,neutral
comment_000133,BB 95,size_recommendation,neutral
comment_000134,BB 45,size_recommendation,neutral
comment_000135,rekomendasi gambar untuk perempuan kak,not_relevant,neutral
comment_000136,Spil etalase 2,product_inquiry,neutral
comment_000137,Etalase 66 kak,product_inquiry,neutral
comment_000138,bahan apa,product_inquiry,neutral
comment_000139,merk apa kak,product_inquiry,neutral
comment_000140,etalase 1 ukuran XXL,size_inquiry,neutral
comment_000141,tb 170 ambil ap,size_recommendation,neutral
comment_000142,"ET 4 , BB 45 ambil ukuran apa kk",size_recommendation,neutral
comment_000143,host nya pake size apa itu,size_inquiry,neutral
comment_000144,yang kepala spider mau lihat gede xxxl nya kak,size_inquiry,neutral
comment_000145,bb45 TB 170 ambil apa,size_recommendation,neutral
comment_000146,Bb 70 tb 170,size_recommendation,neutral
comment_000147,co sekarang dikirim kapan?,purchase_intent,neutral
comment_000149,BB 45 TB 170 ambil apa,size_recommendation,neutral
comment_000150,Kak boleh liat etalase 24,product_inquiry,neutral
comment_000151,BB 60 TB 175,size_recommendation,neutral
comment_000152,etalase 1,product_inquiry,neutral
comment_000153,bb 45 tb 170 uk apa kak,size_recommendation,neutral
comment_000155,BB 66 TB 153,size_recommendation,neutral
comment_000157,ET 23 kak,product_inquiry,neutral
comment_000158,sablon nya apa kak,product_inquiry,neutral
comment_000159,tb 158 bb 40 uk?,size_recommendation,neutral
comment_000160,ET 23 kk,product_inquiry,neutral
comment_000162,sablonnya apa kak,product_inquiry,neutral
comment_000164,"@hi, kamu",not_relevant,neutral
comment_000168,Bb 73 tb 167 size ap kk,size_recommendation,neutral
comment_000170,Bahan apa kk,product_inquiry,neutral
comment_000171,BB 73 tinggi 158 UK apa kak,size_recommendation,neutral
comment_000172,BB 72 TB 155,size_recommendation,neutral
comment_000173,tb 155 bb 35 ambil apa kak,size_recommendation,neutral
comment_000174,tb 180 bb 70,size_recommendation,neutral
comment_000175,kk beneran gratis parfum,price_inquiry,neutral
comment_000177,spil et 1 yg ukuran M kak,size_inquiry,neutral
comment_000178,udh co kak,purchase_intent,neutral
comment_000179,liat ukuran s nya kak,size_inquiry,neutral
comment_000180,untuk bb 57 size apa ka?,size_recommendation,neutral
comment_000181,itu cuttingan nya oversize yaa ka?,product_inquiry,neutral
comment_000182,LD yg size XL brp ka?,size_inquiry,neutral
comment_000183,BB 61 TB 160,size_recommendation,neutral
comment_000184,ka bb 60 tb 160 ambil apa biar pas?,size_recommendation,neutral
comment_000185,yang ga over size,not_relevant,neutral
comment_000186,catton combed 16s ny etalase brp,product_inquiry,neutral
comment_000187,BB 93 kilo pakai ukuran apa kak,size_recommendation,neutral
comment_000188,uda co uda byar kok belum datang” ya?,purchase_intent,negative
comment_000189,estimasi 12-14 agustus,not_relevant,neutral
comment_000190,kak baju nya semua wrna item?,product_inquiry,neutral
comment_000191,makan mhh udh biasa mas 🗿,not_relevant,neutral
comment_000198,etalase berapa itu ka,product_inquiry,neutral
comment_000199,Eta 22 kak,product_inquiry,neutral
comment_000200,eta 19 kak,product_inquiry,neutral
comment_000201,Liat uk s nya kak,size_inquiry,neutral
comment_000202,"sory kak,pesenan saya katanya sudh di batalkan ya,tapi dana nya blm di kembalikan dari 2 hari lalu?",not_relevant,negative
comment_000203,eta 45 kak,product_inquiry,neutral
comment_000205,L bb 62 masuk gk kak,size_recommendation,neutral
comment_000206,Gk bisa cod ya kak,not_relevant,neutral
comment_000207,bales dong dm an nya😊,not_relevant,neutral
comment_000208,etalase 3 dong kak,product_inquiry,neutral
comment_000209,"respon nya aja gajelas dri admin,pdhl paket sedang di kirim loh?",not_relevant,negative
comment_000210,etalase 5 kak,product_inquiry,neutral
comment_000213,coba liat dm an saya astaga dri hp yg lain,not_relevant,neutral
comment_000215,tebel ga kak bahan nya,product_inquiry,neutral
comment_000216,kak cb suru admin nya bls cht sy,not_relevant,neutral
comment_000217,kirim nomer resi nya kirm dmn?,not_relevant,neutral
comment_000218,etalase 28 ka,product_inquiry,neutral
comment_000219,bb55 tb172 size apa ka,size_recommendation,neutral
comment_000220,yg gambar di belakang yang mana,not_relevant,neutral
comment_000221,etalase 2 BB 37 TB 140 ambil apa ka,size_recommendation,neutral
comment_000222,"J Y 1 3 1 7 6 2 2 5 0 8,tuh resi ny",not_relevant,neutral
comment_000223,etalase spider kiri atas,product_inquiry,neutral
comment_000224,(JY1317622508) tuh kak nmr nya,not_relevant,neutral
comment_000225,iyees,not_relevant,neutral
comment_000227,TB 175/62 size?,size_recommendation,neutral
comment_000228,yg gambar Spiderman merah kak,color_inquiry,neutral
comment_000229,Spil kaos Linkin Park,product_inquiry,neutral
comment_000230,Spil etalase 2 uk m,size_inquiry,neutral
comment_000231,payment ga bisa Qris ka,not_relevant,neutral
comment_000233,pengiriman dri mana ka,not_relevant,neutral
comment_000235,bb 60 tb 165 size brp kk,size_recommendation,neutral
comment_000236,iya itu ka ambil s aja ka,not_relevant,neutral
comment_000238,klo di cuci hilang gak sablon nya kak?,product_inquiry,neutral
comment_000239,udah co UK L sama XL,purchase_intent,neutral
comment_000240,BB 48 TB 152 ambil size apa kk,size_recommendation,neutral
comment_000241,BB 48 TB 152 ambil size berapa,size_recommendation,neutral
comment_000242,kak aku dah co 3 kaos,purchase_intent,neutral
comment_000243,BB 37 TB 140 ambil S apa m,size_recommendation,neutral
comment_000244,kain nya tebel ga kakk?,product_inquiry,neutral
comment_000245,BB 65 TB 185 ambil UK apa kak?,size_recommendation,neutral
comment_000246,KA etalase 2 TB 148 BB  40,size_recommendation,neutral
comment_000247,kak kalau beli 3 kaos dapat free parfum 3 juga kah,price_inquiry,neutral
comment_000248,etalase 11 kak yang dateng gambar nya kayak yang di keranjang kak?,purchase_intent,neutral
comment_000249,kak bb 80 tb 175 uk apa kak,size_recommendation,neutral
comment_000250,BB 65 TB 175,size_recommendation,neutral
comment_000251,buat BB 95 pake ukuran apa kak,size_recommendation,neutral
comment_000252,bb56 tb 171,size_recommendation,neutral
comment_000253,kak Spil etalase 27 sama 3,product_inquiry,neutral
comment_000254,kain ap kk. kain katun kain yg gmbang bau,product_inquiry,neutral
comment_000255,eta 11 ka,product_inquiry,neutral
comment_000256,ka paket ku udah dtang bagus bgt,not_relevant,positive
comment_000257,eta 18 kak,product_inquiry,neutral
comment_000258,kainnya ngk berbulu kak kalau di cuci,product_inquiry,neutral
comment_000259,eta 18 buat BB 95 cukup gak,size_recommendation,neutral
comment_000260,Spil BB 100 kak,size_recommendation,neutral
comment_000261,buat BB 95 bisa gak eta 18,size_recommendation,neutral
comment_000262,et 51 kak spil,product_inquiry,neutral
comment_000263,kak kalo XL Ld nya brp,size_inquiry,neutral
comment_000264,untuk umur 11 tahun pakek UK apa kak,size_recommendation,neutral
comment_000265,aku udah co yah sweaternya,purchase_intent,neutral
comment_000266,30 kg kak,size_recommendation,neutral
comment_000267,eta 17,product_inquiry,neutral
comment_000268,yg di pake kakaknya,not_relevant,neutral
comment_000269,Sdh co kak et 51,purchase_intent,neutral
comment_000270,eta,product_inquiry,neutral
comment_000271,bb 80 tb 170 size naon,size_recommendation,neutral
comment_000272,bb 62 tb 170,size_recommendation,neutral
comment_000273,BB103 TB175 LDnya110 pake uk apa yang bener² oversize,size_recommendation,neutral
comment_000274,spil 5 kk,product_inquiry,neutral
comment_000275,saya tb 170an,size_recommendation,neutral
comment_000276,BB 50,size_recommendation,neutral
comment_000277,saya mau ambil 2 rekomen dong kk saya mau ambil et 5 trus yang rekomen apa,purchase_intent,neutral
comment_000278,kak spil uk xxl,size_inquiry,neutral
comment_000279,bb 43 uk brp kak,size_recommendation,neutral
comment_000280,spil etalase 6 kk,product_inquiry,neutral
comment_000281,bb 55 tb 150 kk,size_recommendation,neutral
comment_000282,oky kk da co,purchase_intent,neutral
comment_000283,spil etalase 24 ka,product_inquiry,neutral
comment_000284,disini baju termaksud murah dengan kualitas yang bagus,not_relevant,positive
comment_000285,XL ld brp ka,size_inquiry,neutral
comment_000286,saya waktu tu beli sablon nya mesin cuci pun masi aman sampai sekarang,product_inquiry,positive
comment_000287,kak boleg rekues ka,not_relevant,neutral
comment_000288,bb 56 tb 164 ambil uk apaaa kak,size_recommendation,neutral
comment_000289,beli sepuluh berapa ka,price_inquiry,neutral
comment_000290,"ketebalan brpa mb,,yg gambar blakang eta brap",product_inquiry,neutral
comment_000291,etalase 17,product_inquiry,neutral
comment_000292,tlg bls cht,not_relevant,neutral
comment_000293,untuk sweater Tb 170 Bb 58?,size_recommendation,neutral
comment_000294,saya retur pkt udah sampai di kalian tpi uang saya ga di balikin,not_relevant,negative
comment_000295,kak nggak bisa pakai qris ya?,not_relevant,neutral
comment_000296,bb75 TB 178,size_recommendation,neutral
comment_000297,eta lase 5 ka,product_inquiry,neutral
comment_000298,bb 55 tb 165 sz ap kk,size_recommendation,neutral
comment_000299,spil ukuran L teh,size_inquiry,neutral
comment_000300,Spil etalase 3 kak,product_inquiry,neutral
comment_000301,BB 92 TB 167,size_recommendation,neutral
comment_000302,bb56 tb162 ambil apa,size_recommendation,neutral
comment_000303,etalase 25 KA,product_inquiry,neutral
comment_000304,eh salahh no 4,not_relevant,neutral
comment_000305,klo buat tb 173 bb 50 pke ukuran apa ka,size_recommendation,neutral
comment_000306,kakk bb 60 tb 165 size berapa,size_recommendation,neutral
comment_000307,coba angkat tangan nya kk,not_relevant,neutral
comment_000308,udh d co sayang,purchase_intent,neutral
comment_000309,biar tau kebelet atau engga bajunya,not_relevant,neutral
comment_000310,angkat aja coba,not_relevant,neutral
comment_000311,coba spil baju etalase 15,product_inquiry,neutral
comment_000312,etalase no wa,product_inquiry,neutral
comment_000313,kak boleh lihat size chart nya gak,size_inquiry,neutral
comment_000314,biar tau ketet atau engga bajunya,not_relevant,neutral
comment_000315,yng kaka pke di etalase brapa,product_inquiry,neutral
comment_000316,coba angkat tangan kak biar tau ketet bajunya,not_relevant,neutral
comment_000317,buat bb 120+,size_recommendation,neutral
comment_000318,liat sablonan belakang yang lagi di pake,product_inquiry,neutral
comment_000319,"Jahat yee, cuma di bca doang😂",not_relevant,negative
comment_000320,ukuran s kaya AP kak,size_inquiry,neutral
comment_000321,Chtku🤣,not_relevant,neutral
comment_000322,etalase 45,product_inquiry,neutral
comment_000323,Dahlahh😌🤣,not_relevant,neutral
comment_000325,alhamdulillah 😎😎😎,not_relevant,positive
comment_000326,ga jadi ganti rok 🤪🤪🤪,not_relevant,neutral
comment_000327,yg penting ga jadi 🤪🤪😎😎,not_relevant,neutral
comment_000328,boleh liat bahan nya KA??,product_inquiry,neutral
comment_000329,itu tahu,not_relevant,neutral
comment_000330,spil ukuran s nya dong ka,size_inquiry,neutral
comment_000331,itu rambut makin banyak antenanya 🤪🤪,not_relevant,neutral
comment_000332,yg kk pakai size ap,size_inquiry,neutral
comment_000333,etalase no 24 kak,product_inquiry,neutral
comment_000334,oke kak dh co tinggal nunggu,purchase_intent,neutral
comment_000335,udah co ets3 kak,purchase_intent,neutral
comment_000336,design yg keren yg mana kak,not_relevant,neutral
comment_000337,montok banget,not_relevant,neutral
comment_000338,"pengen beli ,but... uang ga cukup buat ongkir",not_relevant,negative
comment_000339,tb 173 bb 73 ambil ukuran apa ka,size_recommendation,neutral
comment_000340,tb 158 bb 46 ambil uk apa,size_recommendation,neutral
comment_000341,spil etalase 7,product_inquiry,neutral
comment_000342,eta brpa yg d pake kaka,product_inquiry,neutral
comment_000343,belanja minimum 80rb itu dapat parfum ka? parfum apa ka?,price_inquiry,neutral
comment_000344,buat cowok,product_inquiry,neutral
comment_000345,yg kk pake etl brpa,product_inquiry,neutral
comment_000346,merdeka,not_relevant,neutral
comment_000347,uk brp yg kk pke,size_inquiry,neutral
comment_000348,Bb 97 ukuran apa kak,size_recommendation,neutral
comment_000349,kk untuk BB 30 itu bagus ukuran apa?,size_recommendation,neutral
comment_000350,eta 10,product_inquiry,neutral
comment_000351,BB 90 kak,size_recommendation,neutral
comment_000353,bb 55 kak ukuran apa,size_recommendation,neutral
comment_000354,"baju yang kamu pakai etalase berapa, boleh liat belakangnya juga, saya cari yang polos belakangnya",product_inquiry,neutral
comment_000355,bb 43,size_recommendation,neutral
comment_000356,eta 10 BB 43,size_recommendation,neutral
comment_000358,75 ukuran apa ka,size_inquiry,neutral
comment_000359,yahh udh nonton spidermanya baru lewat kaosnya kak,not_relevant,neutral
comment_000360,BB 45 UK brapa kak,size_recommendation,neutral
comment_000361,etalase 4 xxxl kak mau co soalnya,purchase_intent,neutral
comment_000362,coba adep blkg ka,not_relevant,neutral
comment_000363,no 1 ukuran L kak,size_inquiry,neutral
comment_000364,etalase 13 dong,product_inquiry,neutral
comment_000365,etelse no 1 kak ukurann L,size_inquiry,neutral
comment_000366,besarr yaa,not_relevant,neutral
comment_000367,M brrti kak kmu pakai ukuraan apa?,size_inquiry,neutral
comment_000368,et 1 itu yang ukuran S bb brp,size_inquiry,neutral
comment_000369,etalase 1 tb 165 bb 45 ukuran apa?,size_recommendation,neutral
comment_000370,ka xxxl ld brp,size_inquiry,neutral
comment_000371,ka coba  liatt etalase 3,product_inquiry,neutral
comment_000372,kk udh lama yh,not_relevant,neutral
comment_000373,tb 163 uk apa,size_recommendation,neutral
comment_000374,live nya🗿,not_relevant,neutral
comment_000375,kak celana nya este no berapa,product_inquiry,neutral
comment_000376,kak host yg pake kaca mata kok mirip sama kak,not_relevant,neutral
comment_000377,ka spil etl 22 dan 45,product_inquiry,neutral
comment_000378,tumben g pake kacamata,not_relevant,neutral
comment_000379,aku dh co 2biji makasih ka,purchase_intent,neutral
comment_000380,omak anime yh🗿,not_relevant,neutral
comment_000382,baju spiderman,not_relevant,neutral
comment_000383,etalase berapq,product_inquiry,neutral
comment_000384,spil Parker njrr,not_relevant,neutral
comment_000385,1,not_relevant,neutral
comment_000386,kk bahan nyaa apa,product_inquiry,neutral
comment_000387,di aku 29k kak anjrr,price_inquiry,neutral
comment_000388,nya bedaaa,not_relevant,neutral
comment_000389,etalase 11 kk,product_inquiry,neutral
comment_000390,kok komen ku ga keliatan,not_relevant,neutral
comment_000391,BB 60 perut buncit kak,size_recommendation,neutral
comment_000392,eta 2 kak,product_inquiry,neutral
comment_000393,yg kakak pakai UK apa,size_inquiry,neutral
comment_000394,cewe tb 160 bb 65 cocok ukuran apa,size_recommendation,neutral
comment_000395,kalo yg belakang itu kak lab2 merah,color_inquiry,neutral
comment_000396,27 ka,not_relevant,neutral
comment_000397,60 178 ?,size_recommendation,neutral
comment_000398,"kk bb 50 tb 155,5 ambil ukuran apaa kaak",size_recommendation,neutral
comment_000399,laba2 merah belakang,color_inquiry,neutral
comment_000400,Spil etalase 21 kk,product_inquiry,neutral
comment_000401,aku udah ngoleksi 5 motifnya 😍,not_relevant,positive
comment_000402,Etalase 21 kk,product_inquiry,neutral
comment_000403,etalase 15 kak,product_inquiry,neutral
comment_000404,bb 88 ukuran brp,size_recommendation,neutral
comment_000405,bb60 tngi 180 pkai apa,size_recommendation,neutral
comment_000406,iya cakev,not_relevant,neutral
comment_000407,kaosnya bahan apa ka,product_inquiry,neutral
comment_000408,ka spil etalase 1,product_inquiry,neutral
comment_000409,bb 50 tb 160 ambil apa kak,size_recommendation,neutral
comment_000410,etalase 11 dapet harga 107 kak,price_inquiry,neutral
comment_000411,nice,not_relevant,positive
comment_000412,bahan nya apa?,product_inquiry,neutral
comment_000413,etalase no 3 kak,product_inquiry,neutral
comment_000414,bahannya cepet apek ngk kak,product_inquiry,neutral
comment_000415,liat gambar blkang kak,not_relevant,neutral
comment_000416,yg dipake uk apa kk,size_inquiry,neutral
comment_000417,etalase 17 kak,product_inquiry,neutral
comment_000418,spil,not_relevant,neutral
comment_000419,bb 70 ukuran berapaan kk,size_recommendation,neutral
comment_000420,bisa cod ga kak,not_relevant,neutral
comment_000421,spil etalase 12 kk,product_inquiry,neutral
comment_000422,bb 35 ukuran apa,size_recommendation,neutral
comment_000423,udah co kak,purchase_intent,neutral
comment_000424,dikirim kapan yah?,not_relevant,neutral
comment_000425,udah aku masukin ke keranjang kak,purchase_intent,neutral
comment_000426,ok semoga cepat sampai yah kk,not_relevant,positive
comment_000427,bb 50 tb 147 kak uk apa kak,size_recommendation,neutral
comment_000428,kalau yg s kak boleh di spil,size_inquiry,neutral
comment_000429,bb 45 tb 163 uk apa kka,size_recommendation,neutral
comment_000430,co miminya boleh?,purchase_intent,neutral
comment_000431,bb 60 uk apa kak,size_recommendation,neutral
comment_000432,spil Etlase 5 min,product_inquiry,neutral
comment_000433,ka eta 13 dong,product_inquiry,neutral
comment_000434,etalase 6 ukuran m kayak gimana kak,size_inquiry,neutral
comment_000435,eta 13 ka,product_inquiry,neutral
comment_000436,spil uk m kka,size_inquiry,neutral
comment_000437,Etalase 33 kk,product_inquiry,neutral
comment_000438,yang Spiderman di belakang kak,not_relevant,neutral
comment_000440,etalase 46 ka,product_inquiry,neutral
comment_000441,bisa costum ukuran?,size_inquiry,neutral
comment_000442,Yang Spiderman di belakang kak,not_relevant,neutral
comment_000443,sablonya awet ga ka?,product_inquiry,neutral
comment_000444,eta 31 bb 45,size_recommendation,neutral
comment_000445,bb 60 tb 168,size_recommendation,neutral
comment_000446,BB 100 yang spider ukuran berapa,size_recommendation,neutral
comment_000447,bahannya mudah melar GK kk?,product_inquiry,neutral
comment_000448,udah 7h belum dateng datengg,not_relevant,negative
comment_000449,bb 47 tb 165,size_recommendation,neutral
comment_000450,Bb 38 tb 150,size_recommendation,neutral
comment_000451,bb 70,size_recommendation,neutral
comment_000452,udah kirim ke alamat udah dua hari enga di kirim🤣,not_relevant,negative
comment_000453,mana udah di tf,not_relevant,negative
comment_000454,2 kak baju spider,not_relevant,neutral
comment_000455,mbak udah Co eta 4,purchase_intent,neutral
comment_000456,kalau bb 67 tb 165,size_recommendation,neutral
comment_000457,Aaminn,not_relevant,positive
comment_000458,bahan nya apa,product_inquiry,neutral
comment_000459,melar ya,not_relevant,neutral
comment_000460,kak bb 50 uk berapa?? buat etalase 2,size_recommendation,neutral
comment_000461,kak BB 48 size apa kak,size_recommendation,neutral
comment_000462,kak klo co skrg sampe nya kapan kira2 kak ke tangsel,purchase_intent,neutral
comment_000463,itu yg di pegang ukuran apa kak?,size_inquiry,neutral
comment_000464,kak,not_relevant,neutral
comment_000465,BB 58 kak,size_recommendation,neutral
comment_000466,mbak boleh tanya,not_relevant,neutral
comment_000467,kak yg laba laba di belakang kang,not_relevant,neutral
comment_000468,14 ya mbak,not_relevant,neutral
comment_000469,yg warna putih,color_inquiry,neutral
comment_000470,itu zize apa kak,size_inquiry,neutral
comment_000471,bb 110 kak ukuran apa,size_recommendation,neutral
comment_000472,keren studiomya skrg,not_relevant,positive
comment_000473,Ka ini baju gombrang ?,product_inquiry,neutral
comment_000474,kl berat 73 uk ap,size_recommendation,neutral
comment_000475,Etalase 22 kk,product_inquiry,neutral
comment_000476,Yg di pake uk apa,size_inquiry,neutral
comment_000477,Etalase 22 kk spil,product_inquiry,neutral
comment_000478,kak bb 85 size brp,size_recommendation,neutral
comment_000479,KA liat eta 37 yg ukuran XL,size_inquiry,neutral
comment_000480,Kk aku uda co 2 etalase 21 sama etalase 22,purchase_intent,neutral
comment_000481,ka coba yg Spiderman,not_relevant,neutral
comment_000482,BB 70 ka pake ukuran apa,size_recommendation,neutral
comment_000483,ka eta ⁴ buat anak SMA ukuran s apa m ?,size_inquiry,neutral
comment_000484,spil 65 spil kk cantik,product_inquiry,neutral
comment_000485,baju aku udah datang baguss pwollll lembut bahan nya mana murah lagi,not_relevant,positive
comment_000486,63 spil,product_inquiry,neutral
comment_000487,ka coba etalse 57,product_inquiry,neutral
comment_000488,eta (15-25) yg paling worth it dari bahan apa yah,size_recommendation,neutral
comment_000489,no 18 kak,not_relevant,neutral
comment_000490,liat bahan dalem.y kak,product_inquiry,neutral
comment_000491,sablon pakek apa,product_inquiry,neutral
comment_000492,BB 85 TB 173,size_recommendation,neutral
comment_000493,Spil eta 3 & 4 kak,product_inquiry,neutral
comment_000494,Eta 3 pengiriman drmn kak co skr d kirim kpn,purchase_intent,neutral
comment_000495,etalase 2 kak,product_inquiry,neutral
comment_000496,Bb 64 size apa kak,size_recommendation,neutral
comment_000497,Eta 3 bsa buat Cowo ga kak,product_inquiry,neutral
comment_000498,BB 80 brapa kak,size_recommendation,neutral
comment_000499,bb87,size_recommendation,neutral
comment_000500,"ukuran nya apa""?",size_inquiry,neutral
comment_000501,over size ya,not_relevant,neutral
comment_000502,logo Spiderman yg kk pake blh jga tuh,product_inquiry,neutral
comment_000503,bahan apa kk,product_inquiry,neutral
comment_000504,Yg best seler untuk Cowo eta brp kak,product_inquiry,neutral
comment_000505,kain apa kk,product_inquiry,neutral
comment_000506,kk pake uk apa,size_inquiry,neutral
comment_000508,buat couple bgs mana kak,not_relevant,neutral
comment_000509,"kk ade ku nanya,ad baju tenong tenong nya g",not_relevant,neutral
comment_000510,ga bisa cod,not_relevant,neutral
comment_000511,Kak eta 2 lihat donk,product_inquiry,neutral
comment_000512,nah gini aman akhirnya 😎😎😎,not_relevant,positive
comment_000513,baju Ultraman,not_relevant,neutral
comment_000514,itu yng di pake ukuran apa mbak,size_inquiry,neutral
comment_000515,"4END kaosnya tebel dan keren² ,udh 5x beli dsini gak nyesel 👍🏻",not_relevant,positive
comment_000516,baju jepang,not_relevant,neutral
comment_000517,kalo buat dipake jogging enak ga,product_inquiry,neutral
comment_000518,mau xxl,purchase_intent,neutral
comment_000519,tb 155 pendek bgt😭,size_recommendation,neutral
comment_000520,Udh co eta 3,purchase_intent,neutral
comment_000521,always bintang 5 kak 👍🏻,not_relevant,positive
comment_000522,Spil baju Spiderman,product_inquiry,neutral
comment_000523,bb47 TB 157,size_recommendation,neutral
comment_000524,itu ukuran berapa y kk,size_inquiry,neutral
comment_000525,34,not_relevant,neutral
comment_000526,spil eta 1 bb 45 tb 158 pke uk brp kk,size_recommendation,neutral
comment_000527,yang dipake eta brp,product_inquiry,neutral
comment_000528,etalase 18,product_inquiry,neutral
comment_000529,spil belakang eta 3,product_inquiry,neutral
comment_000530,lihat belakang nya kk yg kak pakai,not_relevant,neutral
comment_000531,cek laba2 dua warna,color_inquiry,neutral
comment_000532,BB 70 UK apa kk,size_recommendation,neutral
comment_000533,uk m bsar bgt ga kk,size_inquiry,neutral
comment_000534,spil kaos ul L,size_inquiry,neutral
comment_000535,"ka ini gimana ya kaos spiderman nya ko belum nyampe"", minggu mau dipake nonton soalnya ka udh lama",product_inquiry,negative
comment_000536,buat cowo uk M ga masuk berarti,not_relevant,neutral
comment_000537,bingung mau ambil m atau s kk,size_recommendation,neutral
comment_000538,spil uk L,size_inquiry,neutral
comment_000539,pingin tau kualitas sablon  kk,product_inquiry,neutral
comment_000540,aduh gemes goyang nya,not_relevant,positive
comment_000541,klo buat nongkrong bagus nya yg mana ya,not_relevant,neutral
comment_000542,L yg mana,size_inquiry,neutral
comment_000543,kurang suka,not_relevant,negative
comment_000544,bahan apa kaa,product_inquiry,neutral
comment_000545,kak BB 60 TB 187 ukuran apa yang cocok.,size_recommendation,neutral
comment_000546,ya sayang,not_relevant,neutral
comment_000548,serem itu kak,not_relevant,neutral
comment_000549,bahan apa ya resap keringat kh,product_inquiry,neutral
comment_000550,cek one piece kak,not_relevant,neutral
comment_000551,Bb 85 pake ukuran apa kak?,size_recommendation,neutral
comment_000552,BB 68 ukuran apa kak?,size_recommendation,neutral
comment_000553,et 2 ka,product_inquiry,neutral
comment_000554,bb 78,size_recommendation,neutral
comment_000555,UK XXL panjangnya brpa kak??,size_inquiry,neutral
comment_000556,Bahan apa ini ka,product_inquiry,neutral
comment_000557,Hai sayang,not_relevant,neutral
comment_000558,55 kak,not_relevant,neutral
comment_000560,etalase,product_inquiry,neutral
comment_000561,bisa tapi jangan angkat kelek ya belum mandi 🤪🤪,not_relevant,neutral
comment_000562,bb 60 pakai size berapa yaa ...,size_recommendation,neutral
comment_000563,paling cuci muka aja 🤪🤪,not_relevant,neutral
comment_000564,UK XL dri BB berapa kk,size_recommendation,neutral
comment_000565,bub 63/167 cwe tapi pengen pres body size mana,size_recommendation,neutral
comment_000566,perut ku buncit tapi ngga buncit banget nggak gndut juga,size_recommendation,neutral
comment_000567,bub liat komenku,not_relevant,neutral
comment_000568,@mellia XL KAK,not_relevant,neutral
comment_000569,🤣🤣🤣,not_relevant,neutral
comment_000570,@♒MATI_RASA♒ kgedean😭😭,size_recommendation,neutral
comment_000571,liat yang spderman ya ka bandingin L-XL,size_inquiry,neutral
comment_000572,bb 83,size_recommendation,neutral
comment_000573,klo harga normal nya brapa ka,price_inquiry,neutral
comment_000575,ka di aku bnern harga 32 ribu😭😭,price_inquiry,neutral
comment_000576,efek lihat orang belum mandi 🤣🤣,not_relevant,neutral
comment_000577,klo bb 57,size_recommendation,neutral
comment_000578,kk akun tiktok kk apa,not_relevant,neutral
comment_000579,"biar belum mandi, ga kecium juga",not_relevant,neutral
comment_000580,🤪🤪🤪,not_relevant,neutral
comment_000581,masak ya belom mandi,not_relevant,neutral
comment_000582,"alhamdulillah ga promosi akun, jadi sedikit polisi tidurnya 🤪🤪",not_relevant,neutral
comment_000583,nah kan pengakuan belum mandi 🤪🤪🤪,not_relevant,neutral
comment_000584,yang di pake etalase berapa,product_inquiry,neutral
comment_000585,akun pribadi kak,not_relevant,neutral
comment_000586,etalase 37 bisa di Spil KK?,product_inquiry,neutral
comment_000587,liat belakangnya lagi,not_relevant,neutral
comment_000588,size s bb brp ka,size_inquiry,neutral
comment_000589,kk untuk BB 58,size_recommendation,neutral
comment_000590,logo bmth anjay,product_inquiry,neutral
comment_000591,bb 73 tb 173,size_recommendation,neutral
comment_000592,KK lihat UK L sama XL nya,size_inquiry,neutral
comment_000593,Spil et 22,product_inquiry,neutral
comment_000594,Et 22,product_inquiry,neutral
comment_000595,spil gambar blkang baju nya kak,product_inquiry,neutral
comment_000596,kak gimana caranya kalo mau beli 4 pcs gratis ongkir??,price_inquiry,neutral
comment_000597,bahan baju nya apa ka?,product_inquiry,neutral
comment_000598,@Firman✨ hahahha,not_relevant,neutral
comment_000599,Yg di pake et brpa,product_inquiry,neutral
comment_000600,bahan baju nya apa kak?,product_inquiry,neutral
comment_000601,kk bb 130 bisa gak eta nmr satu,size_recommendation,neutral
comment_000602,bb 50 tb 168 size apa ka,size_recommendation,neutral
comment_000603,perut buncit bisa gak kk,size_recommendation,neutral
comment_000604,"jangan malam ini cantik, rahasia ga mandi ya 🤪🤪",not_relevant,neutral
comment_000605,"@Nur Asiah Siregar bisa kak, ld berapa",size_inquiry,neutral
comment_000606,lihat kk xxxl,size_inquiry,neutral
comment_000607,eta nmr satu,product_inquiry,neutral
comment_000608,@Nur Asiah Siregar biasa ld 120 kak,size_recommendation,neutral
comment_000610,lihat 120 kk,not_relevant,neutral
comment_000611,@Nur Asiah Siregar ld 120 kak,size_recommendation,neutral
comment_000612,BB 87 size apa kah..?,size_recommendation,neutral
comment_000613,katun kombinasi itu apa,product_inquiry,neutral
comment_000614,"sabar sayang, setengah jam lagi",not_relevant,neutral
comment_000615,@Fullmoonfolks itu bahan bajunya kak,product_inquiry,neutral
comment_000616,oke kak,not_relevant,neutral
comment_000617,bb 100,size_recommendation,neutral
comment_000618,kk bb 75,size_recommendation,neutral
comment_000619,aku Uda co kk,purchase_intent,neutral
comment_000620,Yg dipake size apa kk,size_inquiry,neutral
comment_000621,paling besar ukuran apa kakk yg di pake,size_inquiry,neutral
comment_000622,Bb 55,size_recommendation,neutral
comment_000623,keranjang 20 BB 55,size_recommendation,neutral
comment_000624,bahannya melar ga kak??,product_inquiry,neutral
comment_000625,yg kakak pakek coba liat gambar belakang,not_relevant,neutral
comment_000626,yg dipake boleh Spil gambar belakang,not_relevant,neutral
comment_000627,itu size apa,size_inquiry,neutral
comment_000628,bb 65,size_recommendation,neutral
comment_000629,malam kak,not_relevant,neutral
comment_000630,bb 65 163,size_recommendation,neutral
comment_000631,yg dipake etlse brp,product_inquiry,neutral
comment_000632,yg kk pake et brp,product_inquiry,neutral
comment_000633,liat eta 1,product_inquiry,neutral
comment_000634,kk cntk,not_relevant,positive
comment_000635,kk eta 3 kk,product_inquiry,neutral
comment_000636,uk ap itu yg cth?,size_inquiry,neutral
comment_000637,liat eta 90 kk,product_inquiry,neutral
comment_000638,spil et 17 ka,product_inquiry,neutral
comment_000639,eta 2 kk,product_inquiry,neutral
comment_000640,bb 62 size apa,size_recommendation,neutral
comment_000641,coba lihat depan nya,not_relevant,neutral
comment_000643,bb 55 pake uk apa tpi yg agak longgar,size_recommendation,neutral
comment_000644,coba lihat depan belakang nya,not_relevant,neutral
comment_000645,ooooh,not_relevant,neutral
comment_000646,itu yg dipegang ukuran berapa,size_inquiry,neutral
comment_000647,coba pegang lagi kak,not_relevant,neutral
comment_000648,kak lihat et 22,product_inquiry,neutral
comment_000649,yg dipake etalase brapa kak,product_inquiry,neutral
comment_000650,aku udah co kk,purchase_intent,neutral
comment_000651,eta 68,product_inquiry,neutral
comment_000652,udah mw sampai,not_relevant,neutral
comment_000653,L ld brp kk,size_inquiry,neutral
comment_000654,kak Iki cwo cwe kah?😅,not_relevant,neutral
comment_000657,Spil etalase 6 kak,product_inquiry,neutral
comment_000658,aku udah co et 22,purchase_intent,neutral
comment_000659,kak mau tanya kalau BB 79? apa XL atau XXL,size_recommendation,neutral
comment_000660,udah co aku kk..coba cek,purchase_intent,neutral
comment_000661,aku bb 75 aku ambil xl bener gak,size_recommendation,neutral
comment_000662,bb 62 M bisa?,size_recommendation,neutral
comment_000663,udh co L,purchase_intent,neutral
comment_000664,punya aku udah co 4 pcs kan kak,purchase_intent,neutral
comment_000665,eta 5,product_inquiry,neutral
comment_000666,udah cod,not_relevant,neutral
comment_000667,bb 76 size apa,size_recommendation,neutral
comment_000668,aku kemarin udah co yang eta5 besok sampenya,purchase_intent,neutral
comment_000669,bb50 tb160 ukuran apa kak,size_recommendation,neutral
comment_000670,BB 76 TB 170,size_recommendation,neutral
comment_000671,etalase 19 ka,product_inquiry,neutral
comment_000672,"free parfumnya wangi, mantap",not_relevant,positive
comment_000674,yg kaka pake eta brp,product_inquiry,neutral
comment_000675,itu slimfit atau reguler fit kak?,size_recommendation,neutral
comment_000676,ini untuk cewek semua?,product_inquiry,neutral
comment_000677,Spil et 6,product_inquiry,neutral
comment_000678,BB 75-78kg TB 158 size apa kak?,size_recommendation,neutral
comment_000681,tdk bisa cod,not_relevant,neutral
comment_000682,Spil et 32,product_inquiry,neutral
comment_000683,32,not_relevant,neutral
comment_000685,et 1 uk m ka,size_inquiry,neutral
comment_000686,bb 75 biar oversize pake size apa kak?,size_recommendation,neutral
comment_000689,kak yg di pake eta berapa?,product_inquiry,neutral
comment_000690,jualan cimol  ga ka?,not_relevant,neutral
comment_000691,bb 50 tb,size_recommendation,neutral
comment_000692,tb 164,size_recommendation,neutral
comment_000693,kak BB 55-65 kak?,size_recommendation,neutral
comment_000694,berapa harga baju,price_inquiry,neutral
comment_000695,tinggi 162 BB 67,size_recommendation,neutral
comment_000696,et 14 spil dong,product_inquiry,neutral
comment_000697,tuh belum mandi kan 🤪🤪🤪,not_relevant,neutral
comment_000699,siapa sih,not_relevant,neutral
comment_000700,et 34🤒✌️✌️,product_inquiry,neutral
comment_000701,bb 50 s apa m,size_recommendation,neutral
comment_000702,otw co cek kak,purchase_intent,neutral
comment_000703,BB 75 kak??,size_recommendation,neutral
comment_000704,klo marah galak ya 🤣🤣,not_relevant,neutral
comment_000705,et 1 kk,product_inquiry,neutral
comment_000706,ehh nona matcha..haii🤗,not_relevant,positive
comment_000707,temannya siapa 🤣🤣🤣,not_relevant,neutral
comment_000708,yg kk pake et brp dan uk brp kak,size_inquiry,neutral
comment_000709,astaga salah lagi,not_relevant,neutral
comment_000711,aku ga mau koment nanti salah lagi 🤣🤣,not_relevant,neutral
comment_000712,pasti wangi banget itu 🤪🤪🤪,not_relevant,neutral
comment_000713,free parfum yg kaya gmn kk,price_inquiry,neutral
comment_000714,eta 1 kakk spil bahan,product_inquiry,neutral
comment_000715,makanya mandi dinyamukin 🤪🤪🤪,not_relevant,neutral
comment_000716,kk tb 170 bb 90 ukuran apa,size_recommendation,neutral
comment_000717,eta 1 kakkk spil bahann,product_inquiry,neutral
comment_000718,ga mandi jadi dinyamukin kan 🤪🤪🤪,not_relevant,neutral
comment_000719,udh di co kak,purchase_intent,neutral
comment_000720,Spil gambar blkgnya yg kak pake,not_relevant,neutral
comment_000721,alhamdulillah akhirnya mandi juga,not_relevant,neutral
comment_000722,kak pembayaran qris kok gak bisa,not_relevant,negative
comment_000723,tengok yg sweter kak. saya pelanggan setia,product_inquiry,neutral
comment_000724,ekh neng sifa,not_relevant,neutral
comment_000725,bb 85 ambil tripel XL kah kak,size_recommendation,neutral
comment_000726,pembayaran qris gak bisa,not_relevant,negative
comment_000727,lebih besar ya gambar nya,not_relevant,neutral
comment_000728,kak liat yg sweter saya pelanggan setia ni,product_inquiry,neutral
comment_000729,yg back cina,not_relevant,neutral
comment_000730,Serius harganya,price_inquiry,neutral
comment_000731,ok kak co,purchase_intent,neutral
comment_000732,baju nya bahan apa kak,product_inquiry,neutral
comment_000733,itu ukuran BRP kak,size_inquiry,neutral
comment_000734,geratis parpum bener kakk,price_inquiry,neutral
comment_000735,Yeni y?,not_relevant,neutral
comment_000736,Katun atau poliester?,product_inquiry,neutral
comment_000738,bb 75 size brp ka,size_recommendation,neutral
comment_000739,bb 60,size_recommendation,neutral
comment_000741,kak saya pesen kok telat sih datengnya,not_relevant,negative
comment_000742,bahannya apa tuh yg kk pegang?,product_inquiry,neutral
comment_000743,spil yang logo muka cewek,product_inquiry,neutral
comment_000744,yg 20s etalase mana kak? mau yg tebel soalnya,product_inquiry,neutral
comment_000745,yang foto muka kakaknya 🤭,not_relevant,neutral
comment_000746,bb 70 tb 180 ambil ukuran apa kk?,size_recommendation,neutral
comment_000747,BB 72 perut buncit cocok yg mana,size_recommendation,neutral
comment_000748,BB 47 TB 157 ngambil UK brpa kk,size_recommendation,neutral
comment_000749,Pesn mlm imi d kirim,not_relevant,neutral
comment_000750,oversize ga kk,size_recommendation,neutral
comment_000751,Kpn,not_relevant,neutral
comment_000752,Yng laba putih itu eta brp,product_inquiry,neutral
comment_000753,Spil yng labA besr ny d dpn eta brp y,product_inquiry,neutral
comment_000754,etalase 14,product_inquiry,neutral
comment_000755,bb 65 pake size apa ?,size_recommendation,neutral
comment_000756,kak etalase 10,product_inquiry,neutral
comment_000757,Ld 118 sz apa,size_recommendation,neutral
comment_000758,yg di pake uk apa kak,size_inquiry,neutral
comment_000759,tlg yg etalase 44 kak,product_inquiry,neutral
comment_000760,kak BB 40 and 55 ukuran berapa bagus ny,size_recommendation,neutral
comment_000761,bb 50 ukuran brp ka,size_recommendation,neutral
comment_000762,ok makasih kak,not_relevant,positive
comment_000763,kalo bb 52 ambil S press bgt ga kak,size_recommendation,neutral
comment_000764,longslive estalese berapa,product_inquiry,neutral
comment_000765,BB 48 TB 153 UK brp,size_recommendation,neutral
comment_000766,sudah co kk,purchase_intent,neutral
comment_000767,spil kain kak,product_inquiry,neutral
comment_000768,ambil s kan ka?,not_relevant,neutral
comment_000769,"kk btol ykult, itu motif laba lava ya",product_inquiry,neutral
comment_000770,bb 53 ambil m pas ga kak?,size_recommendation,neutral
comment_000771,oke thx kk btol ykult,not_relevant,positive
comment_000772,sudah CO,purchase_intent,neutral
comment_000773,spil estalese 28,product_inquiry,neutral
comment_000774,sablon atau printing,product_inquiry,neutral
comment_000775,kak yg oversize itu spil dong,product_inquiry,neutral
comment_000776,aku dah co dpt 38,purchase_intent,neutral
comment_000777,6 kak,not_relevant,neutral
comment_000779,27 kak,not_relevant,neutral
comment_000780,oke oke,not_relevant,neutral
comment_000781,kk aku tinggi 155 bb 35 - 45,size_recommendation,neutral
comment_000782,spil etls 31,product_inquiry,neutral
comment_000783,yang di pake lb berapa?,size_inquiry,neutral
comment_000784,oke nanti q co,purchase_intent,neutral
comment_000785,knp mata km dik,not_relevant,neutral
comment_000786,🤣🤣🤣🤣,not_relevant,neutral
comment_000787,oke cintakuu,not_relevant,neutral
comment_000788,ka untuk ukuran L yang mana ka,size_inquiry,neutral
comment_000789,bnyak yg mau q tnyain ke km,not_relevant,neutral
comment_000790,yang baju kaya kk yg lg pake,product_inquiry,neutral
comment_000791,yang mau peloved murah boleh join live athalaprtm,purchase_intent,neutral
comment_000792,Nggs 12 😭,not_relevant,neutral
comment_000793,tos ah pamit teh,not_relevant,neutral
comment_000794,Seerna co di luar live,purchase_intent,neutral
comment_000795,Malu,not_relevant,neutral
comment_000796,kak ini nggk oversize kan?,size_recommendation,neutral
comment_000797,tom end Jerry ada ka?,product_inquiry,neutral
comment_000804,blm tidur teh yakulttt,not_relevant,neutral
comment_000805,hrus kena matahari pagi loh... biar pertumbuhan tinggi badan maksimal,not_relevant,neutral
comment_000806,itu celananya juga jual?,product_inquiry,neutral
comment_000807,SDH co,purchase_intent,neutral
comment_000808,smoga sesuai harapan,not_relevant,positive
comment_000809,celana ga ada di etalase kak?,product_inquiry,neutral
comment_000810,halo kk mini,not_relevant,neutral
comment_000811,lama ga jumpa kk,not_relevant,neutral
comment_000812,ndar,not_relevant,neutral
comment_000813,skrg ak dah kerja kk,not_relevant,neutral
comment_000814,yg kka pake ukuran apa yah???,size_inquiry,neutral
comment_000815,kak sekarang aku kerja di hollywod,not_relevant,neutral
comment_000816,belum 🤭🤭,not_relevant,neutral
comment_000817,jdi OB,not_relevant,neutral
comment_000818,BB 60,size_recommendation,neutral
comment_000819,sayaang 🥺🥺,not_relevant,positive
comment_000820,yg wrna merah ada ngg kak,color_inquiry,neutral
comment_000821,Mengirim tangkal Caringin jg jurig jurig na 🌱x100,not_relevant,neutral
comment_000822,saya mah lebih terpukau sama kecantikan kamu padahal belum pantun udah cakepp aja,not_relevant,positive
comment_000823,Kayaknya bagus ni barangnya,not_relevant,positive
comment_000824,Ada astro boy [wow],not_relevant,neutral
comment_000825,bahan nya apa ka,product_inquiry,neutral
comment_000826,cutingan nya apa?,not_relevant,neutral
comment_000827,cutingan v neck maunya:(,not_relevant,neutral
comment_000828,"desain nya masuk ka, tapi cutingan nya",not_relevant,neutral
comment_000829,okee udah co 2,purchase_intent,neutral
comment_000830,bb 94 size apa k,size_recommendation,neutral
comment_000831,kak semangat ya,not_relevant,positive
comment_000832,ld brp,size_inquiry,neutral
comment_000833,Kak ini live sampe jam berpa semangt kaka,not_relevant,neutral
comment_000834,Ka et 11 kaa boleh ga,product_inquiry,neutral
comment_000835,Cocok jadi artis,size_recommendation,positive
comment_000836,Minimal jadi pembawa acara talk show,not_relevant,positive
comment_000837,Emang kelahiran tahun berapa ?,not_relevant,neutral
comment_000838,Bb 58 tb 171,size_recommendation,neutral
comment_000839,eh si teteh..sare atuh teh,not_relevant,neutral
comment_000840,atos kan kmrin meser 2 pcs,not_relevant,neutral
comment_000841,"Bahan kaosnya apa, teh ?",product_inquiry,neutral
comment_000842,Ibu ibu bawel iyeu mh 🤣,not_relevant,neutral
comment_000843,Kaka live dari jam brpaa kuat bangt sampe jm segini,not_relevant,neutral
comment_000844,Aya kasalah sa etik jadi panjang udah ke tebak🤣🙏🏻😭,product_inquiry,neutral
comment_000845,"Semangat teh, saya out dulu",not_relevant,neutral
comment_000846,Pasti carogena pendiem🤣,not_relevant,neutral
comment_000847,"Lagi atur strategi penjualan, teh 😁",not_relevant,neutral
comment_000848,Lah blom ada?,not_relevant,neutral
comment_000849,Ini host live nya ganti ganti teh?,not_relevant,neutral
comment_000850,Kan aku caroge na,not_relevant,neutral
comment_000851,"Teteh terlalau pintar, gak bisa dikibulin 😁",not_relevant,positive
comment_000852,itu oversize kak?,size_recommendation,neutral
comment_000853,Salut sama cewek pintar kayak gini 😁,not_relevant,positive
comment_000854,"Next jadi host jualan kaos saya mau gak, kak ?",purchase_intent,neutral
comment_000855,Beruntung yang bisa bekerja sama orang kayak teteh,not_relevant,positive
comment_000856,Curiga gajihnya gede kerja sampe jam segini mah 😭😭😂,not_relevant,neutral
comment_000857,ada yang warna maron ga ?,color_inquiry,neutral
comment_000858,Gak semua orang jago kayak teteh ?,not_relevant,positive
comment_000859,Di Bank atau sebagsinya,not_relevant,neutral
comment_000860,Aku yang liat jujur teteh bagus di bagian penjualan,not_relevant,positive
comment_000861,Emang iya,not_relevant,neutral
comment_000862,"Emang itu yang bagus, bisa jelasin produknya, jadi orang bisa paham",not_relevant,positive
comment_000863,"Yaudah ya, teh, semangat",not_relevant,neutral
comment_000864,Iyaa,not_relevant,neutral
comment_000865,Bisa buat bb 95 gak kk?,size_recommendation,neutral
comment_000866,yaah,not_relevant,neutral
comment_000867,spil etalase 37 warna putih kak,product_inquiry,neutral
comment_000868,Aku dh 2 x co bagus bngt 😍,purchase_intent,neutral
comment_000869,Aku lo nunggu” km live 😂,not_relevant,positive
comment_000870,bb 77 tb 167 ukuran apa??,size_recommendation,neutral
comment_000871,LD 110 BB 75,size_recommendation,neutral
comment_000872,Cb monalisa hitam,color_inquiry,neutral
comment_000873,Aku nyari” yg depan yg simple” aja 😂,not_relevant,neutral
comment_000874,Udah bli yg La sm houston,not_relevant,neutral
comment_000875,etalase 61 teh spil,product_inquiry,neutral
comment_000876,ehh can sareh keneh,not_relevant,neutral
comment_000877,etalase 3 maksudnya dapat 2 kak?,product_inquiry,neutral
comment_000878,close close tos azan🤣🤣🤣,not_relevant,neutral
comment_000879,Cb yg 69,product_inquiry,neutral
comment_000880,Minum ka,not_relevant,neutral
comment_000882,mau co tadinya hargab69..berubah jd 84..nanti aja deh,purchase_intent,negative
comment_000883,BB 80 kak,size_recommendation,neutral
comment_000884,Cb lg sk 93,not_relevant,neutral
comment_000885,Kalo bb 58 ka ambilnya ukuran brpa,size_recommendation,neutral
comment_000886,Bb 85 kk,size_recommendation,neutral
comment_000887,Semangat kk syg live nya,not_relevant,positive
comment_000888,Jgn lupa makan dan vitamin biar fit,not_relevant,neutral
comment_000889,cewek cowok bisa ga ka,product_inquiry,neutral
comment_000890,Aku dh co,purchase_intent,neutral
comment_000891,Spill budy coba ka,not_relevant,neutral
comment_000892,Kasi aku free 1 baju 😭😂,price_inquiry,neutral
comment_000893,thank u Min semangat livenya,not_relevant,positive
comment_000894,Nerawang ga?,product_inquiry,neutral
comment_000895,jos nyaman dipake nya,not_relevant,positive
comment_000896,Bener ya aku co 2 kirim bonus nya ya😁,purchase_intent,neutral
comment_000897,Reguler atau slimfit ka?,size_recommendation,neutral
comment_000898,cewek bb 67,size_recommendation,neutral
comment_000899,Dahhhh,not_relevant,neutral
comment_000900,Hitam nya juga bes kan?,size_recommendation,neutral
comment_000901,Okraii tencu,not_relevant,neutral
comment_000902,Bingung ka pada lucu semua,not_relevant,positive
comment_000903,hitam size ap,size_inquiry,neutral
comment_000904,warna pink ada ga kak,color_inquiry,neutral
comment_000905,bantal etalase berapa kak,product_inquiry,neutral
comment_000906,ada nailong aku mau,purchase_intent,neutral
comment_000907,bisa dibawa renang kak,product_inquiry,neutral
comment_000908,eta 1 sama 2 beda bahan ya kak,product_inquiry,neutral
comment_000909,warna cream dong ka,color_inquiry,neutral
comment_000910,semngt jangan lupa istirahat bangku,not_relevant,neutral
comment_000911,Sptill et 10,product_inquiry,neutral
comment_000912,172/90,size_recommendation,neutral
comment_000913,BB95 dan LD 120 pake uk brp,size_recommendation,neutral
comment_000914,ok,not_relevant,neutral
comment_000915,Bb 68 tb 168 uk apa,size_recommendation,neutral
comment_000916,Uda co,purchase_intent,neutral
comment_000917,Etalase 1,product_inquiry,neutral
comment_000918,ovz ga bg?,size_recommendation,neutral
comment_000919,yang monday work etalase berapa ka,product_inquiry,neutral
comment_000920,bb 51 tb 175,size_recommendation,neutral
comment_000921,looney tunes green spill kak,product_inquiry,neutral
comment_000922,ada kaos tangan panja ng warna merah gak ka buat cewe,product_inquiry,neutral
comment_000923,iyaa,not_relevant,neutral
comment_000924,tinggi 185 BB 80 baju ukuran apa bg,size_recommendation,neutral
comment_000925,dipegang L ya,not_relevant,neutral
comment_000926,etalase 25 mas,product_inquiry,neutral
comment_000927,sablon nya aman ka,product_inquiry,neutral
comment_000928,kalo XXL minimal BB brp,size_inquiry,neutral
comment_000929,coba liat KA UK xxl,size_inquiry,neutral
comment_000930,"buat suami,BB 90 TB 185",size_recommendation,neutral
comment_000931,xxl ld brp,size_inquiry,neutral
comment_000932,bb 92,size_recommendation,neutral
comment_000933,BB 75 TB 175,size_recommendation,neutral
comment_000934,125,not_relevant,neutral
comment_000936,bb 75 tb 175 bang,size_recommendation,neutral
comment_000937,etalase 41 bang,product_inquiry,neutral
comment_000938,tinggi badan 172 pakai size brp ?,size_recommendation,neutral
comment_000939,bb 55,size_recommendation,neutral
comment_000940,bang coba liat belakangnya yg hitam,color_inquiry,neutral
comment_000941,dh co,purchase_intent,neutral
comment_000942,XXL panjang berapa untuk Tedy duck,size_inquiry,neutral
comment_000943,187,not_relevant,neutral
comment_000944,XXL tapi 79,size_recommendation,neutral
comment_000945,bntr bro lg pilih metode payment,not_relevant,neutral
comment_000946,"sdh beres, ditunggu brg nya",not_relevant,neutral
comment_000947,sablonnya awet ngga kak?,product_inquiry,neutral
comment_000948,bb 70 tb 172,size_recommendation,neutral
comment_000949,yang belakangnya polos eta berapa kak?,product_inquiry,neutral
comment_000951,24,not_relevant,neutral
comment_000952,buat bb 95 ada ga,size_recommendation,neutral
comment_000953,yg dipegang ukuran berapa,size_inquiry,neutral
comment_000954,65,not_relevant,neutral
comment_000955,pengiriman dr mana bng,not_relevant,neutral
comment_000956,jakarta a,not_relevant,neutral
comment_000957,bahan tebel gak a,product_inquiry,neutral
comment_000958,adem gak a bahannya ?,product_inquiry,neutral
comment_000959,Kknya pake size apa,size_inquiry,neutral
comment_000960,Bb 50 tb 160,size_recommendation,neutral
comment_000961,kk spill eta 25 dan 80 ka,product_inquiry,neutral
comment_000962,yg warna black k,color_inquiry,neutral
comment_000963,itu size apa k,size_inquiry,neutral
comment_000964,buat anaku,not_relevant,neutral
comment_000965,tb 180,size_recommendation,neutral
comment_000967,a saya udah co 2pcs tapi yg datang 1,purchase_intent,negative
comment_000968,dibarengin,not_relevant,neutral
comment_000969,etalase 1 itu dapat berapa baju bang?,product_inquiry,neutral
comment_000970,oalah saya kira sesuai baju yang ada di gambar😁,product_inquiry,neutral
comment_000971,ada paketan,not_relevant,neutral
comment_000972,yang panda kak,not_relevant,neutral
comment_000973,hitam,color_inquiry,neutral
comment_000974,bb 70 ukuran berapa,size_recommendation,neutral
comment_000975,BB 54 TB 146,size_recommendation,neutral
comment_000976,Liat hitamnya,color_inquiry,neutral
comment_000977,bb 85 tb 150,size_recommendation,neutral
comment_000978,Model lain ada ka hitamnya,product_inquiry,neutral
comment_000979,Ini bahan apa bang,product_inquiry,neutral
comment_000980,Liat yg snoppy black dan budy black ka,not_relevant,neutral
comment_000982,Bb 70 tinggi 160,size_recommendation,neutral
comment_000983,Tp mau yg longgar,size_recommendation,neutral
comment_000984,sablon nya ngekek dak bang,product_inquiry,neutral
comment_000985,Udh co,purchase_intent,neutral
comment_000986,spil spombob etalase 1,product_inquiry,neutral
comment_000987,bb 98 tb 178,size_recommendation,neutral
comment_000988,ld 120 kak,size_recommendation,neutral
comment_000989,Udh follow bang beli nya nnti nunggu gajian🤣,purchase_intent,neutral
comment_000990,roblok ada bang,product_inquiry,neutral
comment_000991,tinggi badan 175 berat badan 75,size_recommendation,neutral
comment_000992,bb 55 tb 167,size_recommendation,neutral
comment_000993,buat suami,not_relevant,neutral
comment_000994,24 s semua ya kk,not_relevant,neutral
comment_000995,Bb 72 ukuran ap kak,size_recommendation,neutral
comment_000996,udh co kk,purchase_intent,neutral
comment_000997,spill etalase 78,product_inquiry,neutral
comment_000998,spill etalase 78 warna olive kak,product_inquiry,neutral
comment_000999,yang cream kak,color_inquiry,neutral
comment_001000,salah co aku,purchase_intent,negative
comment_001001,itu bahannya gimana kak,product_inquiry,neutral
comment_001002,celana pendek cowok itu ada yg panjangnya mendekati 60cm ga kak?,size_recommendation,neutral
comment_001009,mesha grey warna apa,color_inquiry,neutral
comment_001010,macha drak grey,color_inquiry,neutral
comment_001011,yg harga 110,price_inquiry,neutral
comment_001012,gmn ya batalin ya,not_relevant,neutral
comment_001013,coba spil 2 barang itu apa beda ya,product_inquiry,neutral
comment_001014,ia,not_relevant,neutral
comment_001015,bukan kaos kah,product_inquiry,neutral
comment_001016,aku cari kaos,not_relevant,neutral
comment_001017,aku cari yg haos aja,not_relevant,neutral
comment_001018,ia pas,not_relevant,neutral
comment_001019,masha grey,color_inquiry,neutral
comment_001020,gmn ya warna ya,color_inquiry,neutral
comment_001021,karga standar ada gak,price_inquiry,neutral
comment_001022,[laughcry][laughcry],not_relevant,neutral
comment_001023,jacui dan Oliver apa bedanya kak,product_inquiry,neutral
comment_001024,Oliver liat kak,not_relevant,neutral
comment_001025,pakde buat kerja lapangan,not_relevant,neutral
comment_001026,pengiriman dari mana kak?,not_relevant,neutral
comment_001027,BB 65 TB 165,size_recommendation,neutral
comment_001028,bb 65 tinggi 180 ?,size_recommendation,neutral
comment_001029,yang pendek ka,not_relevant,neutral
comment_001030,celanaa bang,not_relevant,neutral
comment_001031,kalau panjang ka,product_inquiry,neutral
comment_001032,size yg lu pake bang,size_inquiry,neutral
comment_001033,Hoodie itemnya ka,color_inquiry,neutral
comment_001034,udah co yg oliver kak yas,purchase_intent,neutral
comment_001035,etalase brp itu k,product_inquiry,neutral
comment_001036,ka celana chino warna khaki ada ga?,color_inquiry,neutral
comment_001037,flanel da ngga?,product_inquiry,neutral
comment_001038,Cino buat cowo bang yg bahan licin,product_inquiry,neutral
comment_001039,kalo ada yg sesuai saya bilang mau cek out,purchase_intent,neutral
comment_001040,Ririn mna kk,not_relevant,neutral
comment_001041,pilihan warna nya ko ga ada,color_inquiry,negative
comment_001042,size sma pilihan warna kang di masukan,color_inquiry,neutral
comment_001043,wana moca SMA cream nya ga ada bang,color_inquiry,neutral
comment_001044,size 30/31 Cino yg bahan licin kalo ada mau cek out 2,purchase_intent,neutral
comment_001045,engga ada yaa berarti,not_relevant,neutral
comment_001046,kak spil knitwear erigo yg pernah di pake kak raline,product_inquiry,neutral
comment_001047,"bukan kak, bahan rajut kynyaa",product_inquiry,neutral
comment_001048,"kak, kemeja burgundy celana nya yg macth warna apa ya buat acara formal?",color_inquiry,neutral
comment_001049,pengen celana nya yg slim fit kak,product_inquiry,neutral
comment_001050,kalo coklat gmn kak?,color_inquiry,neutral
comment_001051,urgundy nya agak ke unguan soal nya bukan coklat,color_inquiry,neutral
comment_001052,jaket ada kak?,product_inquiry,neutral
comment_001053,buat sehari-hari aja ka,not_relevant,neutral
comment_001054,warna lain coba kak,color_inquiry,neutral
comment_001055,"BB 82,TB 176 KA?",size_recommendation,neutral
comment_001056,buat TB 170an sama BB 80,size_recommendation,neutral
comment_001057,"kak, liat yg warna item dong celana chinos nya",color_inquiry,neutral
comment_001058,Bb 77 tb 178 size apa,size_recommendation,neutral
comment_001059,itu Stretch kn bahan pas bagian pinggang nya?,product_inquiry,neutral
comment_001060,itu pensil gk bawah nya?,product_inquiry,neutral
comment_001061,pengen yg pensil kak ada gk,product_inquiry,neutral
comment_001062,34 nih ya gk kegedean,size_recommendation,neutral
comment_001063,33 sih kya nya,not_relevant,neutral
comment_001064,kalo dark grey coba spill kak,color_inquiry,neutral
comment_001065,bagusan mana sma item klo di match sma burgundy keunguan?,color_inquiry,neutral
comment_001066,ok aku co yg item ya,purchase_intent,neutral
comment_001067,etalase brpa kak?,product_inquiry,neutral
comment_001068,"kaa, ga kangen jkt48??",not_relevant,neutral
comment_001069,warna maroon ada ga,color_inquiry,neutral
comment_001070,bukan wrna merah cerah kan kak,color_inquiry,neutral
comment_001071,bang kalo bb70 ukuran apa,size_recommendation,neutral
comment_001072,kak kaos pendek warna hitam yang bestseller yang mana? spill,product_inquiry,neutral
comment_001073,kemeja bang,not_relevant,neutral
comment_001074,M kak,not_relevant,neutral
comment_001075,itu etalase brp,product_inquiry,neutral
comment_001076,kalo L lebar dada brapa bang,size_inquiry,neutral
comment_001077,bahan gerah ga si?,product_inquiry,neutral
comment_001078,iya kaos,not_relevant,neutral
comment_001079,hudi ada gak kk,product_inquiry,neutral
comment_001080,Celana buat cwo tinggi bagusan mana ka,product_inquiry,neutral
comment_001081,Eta brpa,product_inquiry,neutral
comment_001082,udah dijelasin di chaaatnyaa,not_relevant,neutral
comment_001083,makasiih,not_relevant,positive
comment_001084,eta 1 itu untuk bb 100 tb 183 ukuran apa kaa?,size_recommendation,neutral
comment_001085,Bg spil chino slim fit yg warna khaki,color_inquiry,neutral
comment_001086,Bg spil chino slim fit warna khaki,color_inquiry,neutral
comment_001095,celana panjang BB 100,size_recommendation,neutral
comment_001096,uda co ya kaa eta 1,purchase_intent,neutral
comment_001097,brgnya bru sampai trnyta uk 40k kebesaran bnget😭😭,size_inquiry,negative
comment_001098,buat suamiku kak,not_relevant,neutral
comment_001099,celana jogger pants uk 40 sya mau ganti ke no 38😭,purchase_intent,neutral
comment_001100,tb suamiku 165 bb 80,size_recommendation,neutral
comment_001101,trnyta uk 40 besar bnget😭,size_inquiry,negative
comment_001102,bisa return ngak kak? 😭,not_relevant,neutral
comment_001103,"akunya kira"" doang kak kmrin tkut nya uk 38 kecil",size_inquiry,neutral
comment_001104,BB 59 TB 165 pakai size apa ka?,size_recommendation,neutral
comment_001105,etalase 54,product_inquiry,neutral
comment_001106,hoodie ka yg item,color_inquiry,neutral
comment_001107,hoodie yg di postingaan itu belinya dmna ya ka,purchase_intent,neutral
comment_001108,yg black to black,not_relevant,neutral
comment_001109,wadu cakep tu,not_relevant,positive
comment_001110,etalase 38 kak wrna brenn navy🙏,product_inquiry,neutral
comment_001111,yg etalase 5 cairo grey kak,product_inquiry,neutral
comment_001112,kak liat kemeja putih tangan panjang,product_inquiry,neutral
comment_001113,eta 26 kk,product_inquiry,neutral
comment_001114,spil eta 5 bg?,product_inquiry,neutral
comment_001115,spill 15 bg,product_inquiry,neutral
comment_001116,oke bg udah co,purchase_intent,neutral
comment_001117,suarane ngebass,not_relevant,neutral
comment_001118,crewneck / sweter ada min,product_inquiry,neutral
comment_001119,bang no 18 untuk bb 72 tb 174,size_recommendation,neutral
comment_001120,mas klo celana chino yg bawahnya agak lebar rata ke atas atau reguler gtu eta brp,product_inquiry,neutral
comment_001121,erigo relax itu bedanya apa ya sm chino biasa,product_inquiry,neutral
comment_001122,yg relax size 40 yg masih ready eta brp?,stock_availability,neutral
comment_001123,bb 97 tb 173,size_recommendation,neutral
comment_001124,saya ud beli chino yg biasa pake size 40,not_relevant,neutral
comment_001125,oh klo yg relax lebih longgar brrti pinggangnya juga ya yg relax??,size_recommendation,neutral
comment_001132,outer yg dipakek eta brp,product_inquiry,neutral
comment_001133,eta 70 gede juga ga sizeny?!sm kaya relax??,product_inquiry,neutral
comment_001134,yg td kos tlse brp,product_inquiry,neutral
comment_001135,ok kak,not_relevant,neutral
comment_001136,kemeja hitam pendek,color_inquiry,neutral
comment_001137,tu size brp,size_inquiry,neutral
comment_001138,yg di pake,not_relevant,neutral
comment_001139,kka spil et 22,product_inquiry,neutral
comment_001140,TB 165 BB 50,size_recommendation,neutral
comment_001147,bng bb 45 tb 165 etalase size apa,size_recommendation,neutral
comment_001148,"BB 43-44 kurus,tinggi sekitaran 170 keatas ambil size berapa mau ambil oversize",size_recommendation,neutral
comment_001149,kak itu beda bahannya apa ya,product_inquiry,neutral
comment_001151,henley boxy long sleeve tb 170 bb 60 pke size apa bang,size_recommendation,neutral
comment_001152,"BB 43-44 kurus,tinggi sekitaran 170 keatas ambil size berapa",size_recommendation,neutral
comment_001159,bb 60 tb 165 size apa,size_recommendation,neutral
comment_001160,BB 75 boxy piped UK ap,size_recommendation,neutral
comment_001163,aku dah co etls 9 XL muat ga bb 90?,size_recommendation,neutral
comment_001166,spill et 2 wrna maron kak,product_inquiry,neutral
comment_001168,gw udah co bang,purchase_intent,neutral
comment_001169,etalase 11 bang,product_inquiry,neutral
comment_001170,"yg di pake 173, 68 ambil size apa biar kaya gtu?",size_recommendation,neutral
comment_001171,dpke uk apq,size_inquiry,neutral
comment_001172,et 1 sama 2 apa bedanya bang?,product_inquiry,neutral
comment_001173,171 70,size_recommendation,neutral
comment_001174,"bedanya reguler dan reguler fit, tb 160, bb 52",size_recommendation,neutral
comment_001175,"68, 173cm ambil M bang?",size_recommendation,neutral
comment_001176,Kalo henley bb100 pake apa kak,size_recommendation,neutral
comment_001177,okee oke bang,not_relevant,neutral
comment_001178,"fitted tee bang, tb 165 bb 60",size_recommendation,neutral
comment_001179,masa iya bang lu pake M.,not_relevant,neutral
comment_001180,aku etalase 6&7 ambil ukuran L 85/167 udah checkout,purchase_intent,neutral
comment_001181,ada slim fit ga kak atau regular,product_inquiry,neutral
comment_001182,Yg oversize,size_recommendation,neutral
comment_001183,klo eta 6 bb 65 tb 168 ukrn apa,size_recommendation,neutral
comment_001184,Bedanya 15 ama 17 apa bang,product_inquiry,neutral
comment_001185,BB 56 TB 150,size_recommendation,neutral
comment_001186,fitted air beda nya apa bang?,product_inquiry,neutral
comment_001188,et brapa bang yg dipake?,product_inquiry,neutral
comment_001189,Ringer tee ukurannya sama gak sama fitter tee?,size_inquiry,neutral
comment_001190,fitted air beda nyaa apa bang?,product_inquiry,neutral
comment_001191,BB 56 TB 150 ukuran m?,size_recommendation,neutral
comment_001192,kakak untuk TB 174 dan BB 59 size apa ?,size_recommendation,neutral
comment_001193,"Bedanya eta 11 sma 12 apa kan sama"" oversize?",product_inquiry,neutral
comment_001194,6 sama 11 bedanya apa ka?,product_inquiry,neutral
comment_001195,ringer tee warna coklat itu kerah nya bukan warna putih kan?,color_inquiry,neutral
comment_001196,kalo ls regular yang etalase brp bang,product_inquiry,neutral
comment_001197,mau beli yang henley tapi ambil size ap ya ?,size_recommendation,neutral
comment_001198,"tq admin, test order 5 item dulu",purchase_intent,neutral
comment_001199,Kaa eta 12 size L dusty pink lihat mau CO,purchase_intent,neutral
comment_001200,bb 60 tb 180 ambil ukuran apa bang?,size_recommendation,neutral
comment_001201,kak kalau dipake terus gk buluan gitu kan kaosnya,product_inquiry,neutral
comment_001202,Spill ets 6 semua warna biru bg,product_inquiry,neutral
comment_001203,"Aku bb 50kg kaa tinggi 155cm aku berhijab kaa kira"" size apa biar ngga ketat",size_recommendation,neutral
comment_001204,oversize,size_recommendation,neutral
comment_001205,pengiriman ke Medan berapa hari kira kira bang?,not_relevant,neutral
comment_001206,hitam nya spil kak,color_inquiry,neutral
comment_001207,aku udah co,purchase_intent,neutral
comment_001208,yg abg pake uk apa,size_inquiry,neutral
comment_001209,Okeee,not_relevant,neutral
comment_001210,ka aku udah co moga sesuai yak,purchase_intent,neutral
comment_001211,Kaa boleh ngga bandingin size L sma Mnya yg oversize? Bedanya jauh ngga?,product_inquiry,neutral
comment_001212,fitted nya ka,not_relevant,neutral
comment_001213,"co hari ini, dikirim besok gak bang?",purchase_intent,neutral
comment_001214,bang 185 bb 78 ukuran apa,size_recommendation,neutral
comment_001215,udah di ubah bang ke XL,not_relevant,neutral
comment_001216,171/69 etalase 1 ny L ya?,size_recommendation,neutral
comment_001217,tapi tkut kepanjangan,size_recommendation,neutral
comment_001218,"kak spill etalase 12 yg hitam, tb 165 bb 64 size apa?",size_recommendation,neutral
comment_001219,"kak, yg cocok untuk big size bb 3 digit",size_recommendation,neutral
comment_001220,kk aku dah co etls 9 dan 11 size XL aman y kk bb 90 tb 171,size_recommendation,neutral
comment_001221,"bang, coba spill et16 XL putih",product_inquiry,neutral
comment_001222,Spil etls 5 bb 60 yg pres,size_recommendation,neutral
comment_001223,"et 1, 165/63 sz apa?",size_recommendation,neutral
comment_001224,110,not_relevant,neutral
comment_001226,"kk kalo tinggi 167,bb 67",size_recommendation,neutral
comment_001227,thank u,not_relevant,neutral
comment_001228,bedanya biru dongker sama denim apa kak,color_inquiry,neutral
comment_001229,kalo biru navy itu biru apa kak?,color_inquiry,neutral
comment_001230,"etalase 6, tb 165 bb 64 size apa ka?",size_recommendation,neutral
comment_001231,longslevee tb 165 bb68,size_recommendation,neutral
comment_001232,henley fitted bb 71 tb 169 m atau L,size_recommendation,neutral
comment_001233,Tb 165cm bb 73 size L ya,size_recommendation,neutral
comment_001234,Tb 176 Bb 69 Untuk Fit Ringer tee size apa kalo untuk long sleeve Size apa,size_recommendation,neutral
comment_001235,1 sama 2 beda nya gmna kak,product_inquiry,neutral
comment_001236,bang et 9 tb 172 bb 65 ukuran apa?,size_recommendation,neutral
comment_001237,soal nya dlu udh pernah beli disini semua sma ya untuk ukuran nya,not_relevant,neutral
comment_001238,Spil 14,product_inquiry,neutral
comment_001239,"bang, gua dah co et16 putih buat bb80 tb168 bisa pakai XL kan?",size_recommendation,neutral
comment_001240,"bg perbedaan etas 1,2 dan 3",product_inquiry,neutral
comment_001241,coba spil ka 1 sama 2 nya,product_inquiry,neutral
comment_001242,yang di pakai ukuran apa kak,size_inquiry,neutral
comment_001243,Udh co 2 bg,purchase_intent,neutral
comment_001244,done co payment long sleve 2 dapet harga 120,purchase_intent,neutral
comment_001245,1 dan 2 beda nya apa,product_inquiry,neutral
comment_001246,no 1 warna coklat yang mana kak takut salah warna,color_inquiry,neutral
comment_001247,tb 174 bb 68 pakai ukuran apa,size_recommendation,neutral
comment_001248,yg 1 tebel ya,not_relevant,neutral
comment_001249,Mas bagusan mana e 1 atau e 2,product_inquiry,neutral
comment_001250,yg anti kusut mana bg,product_inquiry,neutral
comment_001251,buat ke cafee yang coklat celana putih masuk kan bng,not_relevant,neutral
comment_001252,Tb 170 bb 77 Ukuran apa kak? eta 2,size_recommendation,neutral
comment_001253,fitted tee anti kusut,product_inquiry,neutral
comment_001254,"177/72 ambil L etalase 1, ternyata ketat banget. Retur ditolak. Hati-hati sizenya bermasalh banget⚠️",size_recommendation,negative
comment_001255,Spill Buxy cut yg warna white kaka,color_inquiry,neutral
comment_001256,tb 170 bb 73,size_recommendation,neutral
comment_001257,eta 1 dan 2 tebel mana kak,product_inquiry,neutral
comment_001258,etalase 2 164/59 size apa bg,size_recommendation,neutral
comment_001259,Spill autum sama maroon kak,color_inquiry,neutral
comment_001260,bang aku udah co,purchase_intent,neutral
comment_001261,"etalase 6 , bb 165 bb 60 size apa mas?",size_recommendation,neutral
comment_001262,"gue beli disini size L aman"" aja",not_relevant,positive
comment_001263,bang coba warna item aku udh co warna item,purchase_intent,neutral
comment_001264,Kak mau liat contoh warna light brown sama beige,color_inquiry,neutral
comment_001265,Makanya tanggung jawab bang,not_relevant,negative
comment_001266,ringer tee 175/60 size apa,size_recommendation,neutral
comment_001267,TB 187 BB 78 klo pake yg Oversize cocoknya size apa bang?,size_recommendation,neutral
comment_001268,@kem pake akun asli lah,not_relevant,neutral
comment_001269,henly tb 168 bb 55 uk apa ya kak,size_recommendation,neutral
comment_001270,@kem akun fake katro,not_relevant,negative
comment_001271,etalase 2 tb 170 bb 172,size_recommendation,neutral
comment_001272,Ditolak kok returnya,not_relevant,negative
comment_001273,fitted tee tb 175/80 size apa min,size_recommendation,neutral
comment_001274,@kem,not_relevant,neutral
comment_001275,ka bagusan boxy atau airy boxy?,product_inquiry,neutral
comment_001276,jgn diaajakin debat mas.. haha. ga bagus bwt persepsi brand,not_relevant,neutral
comment_001277,Eta 9 bb 68 Tb 172 ambil size mana,size_recommendation,neutral
comment_001278,Bang yg kamu warna putih,color_inquiry,neutral
comment_001279,ku make size apa bg,size_inquiry,neutral
comment_001280,180/62 mas,size_recommendation,neutral
comment_001281,anda perwakilan brand haha,not_relevant,neutral
comment_001282,Lah kan kekecilan orang saya konsultasinya di live,size_recommendation,negative
comment_001283,"aaoakwkkw, nyari ribut doang bang, gw beli disini kaos basic bagus bagus aja kok sesuai",not_relevant,positive
comment_001285,eta 2 bb 72 tb 170,size_recommendation,neutral
comment_001287,180/62,size_recommendation,neutral
comment_001288,164/59 eta 2 size apa,size_recommendation,neutral
comment_001289,tb 178 bb 77 fitted tee pakai sz apa kak,size_recommendation,neutral
comment_001292,Eta 9 bb 68 Tb 172 size apa,size_recommendation,neutral
comment_001293,tb 165 bb 55 pakek sz apa bg,size_recommendation,neutral
comment_001294,Etalase 1 tb 165 bb 56 size apa bang,size_recommendation,neutral
comment_001295,170/72 ambil apa bang,size_recommendation,neutral
comment_001296,kesalahan yg co pun tetep diladenin yaa bang🤣,purchase_intent,neutral
comment_001297,"sudah co, no 1 warna coklat",purchase_intent,neutral
comment_001298,sz m kira kira panjang bajunya brp cm bang?,size_inquiry,neutral
comment_001299,175/76 apa yang aman?,size_recommendation,neutral
comment_001300,mau liat eta 19 warna dark choco bang,product_inquiry,neutral
comment_001301,etalase 9 bisa di spil ga bang?,product_inquiry,neutral
comment_001302,spil etl 7,product_inquiry,neutral
comment_001303,yg henley ga diskon ya,price_inquiry,neutral
comment_001305,Spill eta 9 kk,product_inquiry,neutral
comment_001306,spil etalase 9 bang,product_inquiry,neutral
comment_001307,ka eta 10 Tb 176 Bb69 size apa,size_recommendation,neutral
comment_001308,kalo badan tinggi trus pake cutt boxy cocok ga si bang?,size_recommendation,neutral
comment_001309,etalase 2 dark coko,product_inquiry,neutral
comment_001310,Et8 hitam spil,product_inquiry,neutral
comment_001311,Bb 68 Tb 172 eta 9 ambil size apa,size_recommendation,neutral
comment_001312,et 6 bisa buat cewe ga kak?,product_inquiry,neutral
comment_001313,boxy sama airy boxy apa bedanya bang?,product_inquiry,neutral
comment_001314,bb 62 tb 169 sz brp bang??,size_recommendation,neutral
comment_001315,"mau liat eta 16 warna dark choco bang, mau bandingin",product_inquiry,neutral
comment_001317,spill warna dark wine kak,color_inquiry,neutral
comment_001319,merah nya itu maroon kah,color_inquiry,neutral
comment_001320,Hanley warna beige kek mana ka,color_inquiry,neutral
comment_001321,Et8 167/60 sz apa,size_recommendation,neutral
comment_001322,et 6 buat cewe tb 163 bb 54 ambil size M aman ga kak,size_recommendation,neutral
comment_001323,spill maroon bg,color_inquiry,neutral
comment_001324,Et8 Spil coklat,product_inquiry,neutral
comment_001325,dark choco sm coffee lebih gelapan mana bang?,color_inquiry,neutral
comment_001326,beda eta 1 sm 2 apa mas,product_inquiry,neutral
comment_001327,kalo airy tuh full cotton kah?,product_inquiry,neutral
comment_001328,"etalase 10, 170,70 cocok ukuran berapa?",size_recommendation,neutral
comment_001329,"bedanya beige sama khaky yang Hanley apa, boleh liat",color_inquiry,neutral
comment_001330,bang make yang et mana?,product_inquiry,neutral
comment_001331,Kalau beli 2 hemat berapa persen kak..?,price_inquiry,neutral
comment_001332,Aku udah co karna bajunya bikin nyaman,purchase_intent,neutral
comment_001333,udah Co bg eta 2,purchase_intent,neutral
comment_001334,etalase 11 bb 52 tb 174 pake size apa,size_recommendation,neutral
comment_001335,boxy tb 180an,size_recommendation,neutral
comment_001336,yang abangnya pake airy apa bukan?,product_inquiry,neutral
comment_001337,noo gk ada gratis ongkir,price_inquiry,negative
comment_001338,tb 170 better ambil ukuran apa mas,size_recommendation,neutral
comment_001339,kak yg dipake ukuran apa,size_inquiry,neutral
comment_001341,warna burgundy fitted tee,color_inquiry,neutral
comment_001342,Ka tb 168 bb 57 size brpa ka,size_recommendation,neutral
comment_001343,itu ukuran brp a,size_inquiry,neutral
comment_001344,65 mas,not_relevant,neutral
comment_001345,164/59 mending boxy atau fitted tee,size_recommendation,neutral
comment_001346,168/53,size_recommendation,neutral
comment_001347,etalase 11 deep blue nya liat kak,product_inquiry,neutral
comment_001348,168 55 sz apa,size_recommendation,neutral
comment_001349,75/178 uk apa,size_recommendation,neutral
comment_001350,Udah co henley black 👍,purchase_intent,neutral
comment_001351,fitted tee tb 180 bb 75 pake apa bg,size_recommendation,neutral
comment_001352,bb tb kakaknya brpa,size_inquiry,neutral
comment_001353,bb 73 tb 165 klo pake size xl kebesaran gak bang?,size_recommendation,neutral
comment_001355,kak spil et 6 yg warna light blue dongg,product_inquiry,neutral
comment_001356,bedanya etalase 11 sama 12 apa kak,product_inquiry,neutral
comment_001357,spil etalase 3,product_inquiry,neutral
comment_001358,ok tq bang,not_relevant,neutral
comment_001359,Spil eta 6 ash blue,product_inquiry,neutral
comment_001360,min spil dong etalase 9,product_inquiry,neutral
comment_001361,et1 &2 bedanya apa ka,product_inquiry,neutral
comment_001362,pakai ukuran apa bg?,size_inquiry,neutral
comment_001363,spill eta 1 charcoal,product_inquiry,neutral
comment_001364,10 tb62 tb180,size_recommendation,neutral
comment_001365,spill boxy longslevee khaki nya bg,product_inquiry,neutral
comment_001366,etalase 7 ka,product_inquiry,neutral
comment_001367,ada longsleeve regular ga?,product_inquiry,neutral
comment_001369,agak berbulu ya?,not_relevant,neutral
comment_001371,Yg henley boxy  171 bb 58 size apa,size_recommendation,neutral
comment_001372,lok dimana bg?,not_relevant,neutral
comment_001373,kalau bb 61 tb 165 pilih yang mana ya?,size_recommendation,neutral
comment_001374,"etalase 2 , bb 50 tb 169 size apa ka?",size_recommendation,neutral
comment_001375,eta 1 TB 164 BB 59,size_recommendation,neutral
comment_001376,etalase 10 bb 65 tb 173,size_recommendation,neutral
comment_001377,et 6 yg bold denim kak,product_inquiry,neutral
comment_001378,lok dimna bgg,not_relevant,neutral
comment_001379,etalase 3 kak,product_inquiry,neutral
comment_001380,mintasi saya co 2 tapi di di catatan saya rikwes kirim birudongker sama hitam gisa gak kak,purchase_intent,neutral
comment_001381,"tb 175 bb 66 sz brpa kak, etalase 3",size_recommendation,neutral
comment_001382,"etalase 5, tb 163, bb 51 cocok size apa kak",size_recommendation,neutral
comment_001383,"udah co 2 kak tadi sz m, okee gk",purchase_intent,neutral
comment_001384,co 2 dapat gratis ongkir,price_inquiry,neutral
comment_001385,ada kameja gk kak,not_relevant,neutral
comment_001386,make size apa bang bb tb kita sama,size_recommendation,neutral
comment_001387,saya udah co 2 kak etalase 9 nya bisa spil lagi kak etalase 9 nya,purchase_intent,neutral
comment_001388,gk ada suara,not_relevant,negative
comment_001389,bang suaranya gak ada,not_relevant,negative
comment_001390,ga ada suara,not_relevant,negative
comment_001391,suara abangnya gak ada,not_relevant,negative
comment_001392,spil eta 9 kk,product_inquiry,neutral
comment_001393,nah udah ada,not_relevant,neutral
comment_001394,ada,not_relevant,neutral
comment_001395,kek nya hrs istirahat dlu bg😅,not_relevant,neutral
comment_001396,kak henley shirt nya ambil size M atau L ya untuk TB 174 BB 59,size_recommendation,neutral
comment_001397,Spil et 6 yg coffe kk,product_inquiry,neutral
comment_001398,kalo bb 65 tb 175 ambil L aman gak kak,size_recommendation,neutral
comment_001399,bang udah co yg ringer tee hehe kirim yg best quality ya..mau affiliate,purchase_intent,neutral
comment_001400,Bb 60 tb 165 size ap kk,size_recommendation,neutral
comment_001401,Yg anti kusut yg mana om?,product_inquiry,neutral
comment_001402,bb 80 ambil sz brp,size_recommendation,neutral
comment_001403,foll belom banyak mas,not_relevant,neutral
comment_001404,175/70 pakai size apa bang?,size_recommendation,neutral
comment_001405,Aamiin broku thank u,not_relevant,neutral
comment_001406,TB 170 BB 64 size apa kak?,size_recommendation,neutral
comment_001407,167/48 pakai size apa,size_recommendation,neutral
comment_001408,reguler t-shirt buat 155/55 kak,size_recommendation,neutral
comment_001409,165 BB 45 size berapa pengen yg fitted,size_recommendation,neutral
comment_001410,etalase 9 coklat tua ka,product_inquiry,neutral
comment_001411,bg kalo naik size apakah lingkar lengannya lebih besar bg?,size_recommendation,neutral
comment_001412,liat contoh ukuran m,size_inquiry,neutral
comment_001413,try on dong kakk,not_relevant,neutral
comment_001414,160 s/m,size_recommendation,neutral
comment_001415,contoh ukuran m yg fitted,not_relevant,neutral
comment_001416,"tb 170 bb 85,ukuran berapa fitted tee",size_recommendation,neutral
comment_001417,etalase 9 tidak ada ukuran xxl kak?,size_inquiry,neutral
comment_001418,ad crim bang,not_relevant,neutral
comment_001419,maaf tadi di batalin mau co ulang salah ukuran soalnye,purchase_intent,neutral
comment_001420,eta 2 warna drak wine,product_inquiry,neutral
comment_001421,tb 168 bb 72 ambil size berapa,size_recommendation,neutral
comment_001422,liat dusty green eta 20 liat,product_inquiry,neutral
comment_001423,tb 163 bb 50,size_recommendation,neutral
comment_001424,Warna merah atau maroon ada?,color_inquiry,neutral
comment_001425,ka beda etalase 1 ama 2 apa,product_inquiry,neutral
comment_001426,Yang fited tee bang,not_relevant,neutral
comment_001427,Merah marun yg ada lis putih nya kak,color_inquiry,neutral
comment_001428,bang coba liat etalase 5,product_inquiry,neutral
comment_001429,Eta 19 buat TB 180 BB 71 size apa bang?,size_recommendation,neutral
comment_001430,liat contoh fitted size s,size_inquiry,neutral
comment_001431,Itu model fited tee juga bang? Yang ada garisnya,product_inquiry,neutral
comment_001432,etalase 2 dong bb 75 tb 170,size_recommendation,neutral
comment_001433,yang merah ada kak,color_inquiry,neutral
comment_001434,Spil etelase no 5 warna navy mas,product_inquiry,neutral
comment_001435,TB 167 BB 71,size_recommendation,neutral
comment_001436,boxy warna merah ada?,color_inquiry,neutral
comment_001437,BB TB mas nya berapa,size_inquiry,neutral
comment_001438,"bb 67, tb 172",size_recommendation,neutral
comment_001439,Yang merah garis model fit led tee gada bang?,product_inquiry,neutral
comment_001440,merah bendera ada kak,color_inquiry,neutral
comment_001441,orang buncit ga ccok pke fitted ya,size_recommendation,neutral
comment_001443,contoh etelase 5 ukuran s mas,size_inquiry,neutral
comment_001444,Spil merah bendera kak,color_inquiry,neutral
comment_001445,ringer teenya mantep bgt bang udh beli,not_relevant,positive
comment_001446,"etalase 1, bb 68 tb 168 size apa bang?",size_recommendation,neutral
comment_001447,"fitted tee bb 67, tb 172 size apa bang?",size_recommendation,neutral
comment_001448,yang reguler kak,not_relevant,neutral
comment_001450,COBA BANDINGIN UKURAN S SAMA M MAS,size_inquiry,neutral
comment_001451,kak itu pake size apa,size_inquiry,neutral
comment_001453,84/172 boxy cut uk apa?,size_recommendation,neutral
comment_001454,bb 85 tb 170 berapa bang?,size_recommendation,neutral
comment_001455,beda eta 1 dan 2 apa bang?,product_inquiry,neutral
comment_001456,Kaos yg cocok untuk dalaman kerja warna putih polos ada ga mas?,size_recommendation,neutral
comment_001457,"165, 80 size apa",size_recommendation,neutral
comment_001458,merah maronnya etalase brapa kak,product_inquiry,neutral
comment_001459,tinggi 165 size apa,size_recommendation,neutral
comment_001460,"saya mau ambil boxy, tb 183 bb 65, ambil uk apa?",size_recommendation,neutral
comment_001461,kl henley tb 175 bb 70 pake size apa yang boxy bagus ya kak?,size_recommendation,neutral
comment_001462,etalase 2 bandingkan warna light grey sama dark grey bg,product_inquiry,neutral
comment_001464,"saya udah pernah beli yang ukuran m yang fitted tee mas,mau nya beli yang etelase 5 ukuran s",purchase_intent,neutral
comment_001465,bedanya charcoal sama black apa bang,color_inquiry,neutral
comment_001466,spil eta 2 dark wine bang,product_inquiry,neutral
comment_001467,tb 170 bb 80 size brp bng fitted te,size_recommendation,neutral
comment_001468,TB 170 BB 55 size apa?,size_recommendation,neutral
comment_001469,Lagi promo lagi tapi aku uda punya semua warna nya et 1 nya,not_relevant,neutral
comment_001470,TB 166 BB 65 ukuran apa mas?,size_recommendation,neutral
comment_001471,BB 62 TB 172 fitted tee,size_recommendation,neutral
comment_001472,"nyari yang ngetat lengan mas,yang m udah ngetat lengan sih mau nya yang lebih ketat hehe",size_recommendation,neutral
comment_001473,fitted tee yang merah Spil kak,product_inquiry,neutral
comment_001474,bb 59 TB 170 ambil size apa,size_recommendation,neutral
comment_001475,eta 1 burgundy bang,product_inquiry,neutral
comment_001478,bedanya fitted tee yang airy sama heavy apa kak,product_inquiry,neutral
comment_001479,"kak TB 184, BB 93",size_recommendation,neutral
comment_001480,bb80 bsa ga pke L,size_recommendation,neutral
comment_001481,62 172 L enak juga kan?,size_recommendation,neutral
comment_001482,bb 53 ukuran apa mas,size_recommendation,neutral
comment_001483,eta 16 ada warna merah?,product_inquiry,neutral
comment_001484,59 TB 170,size_recommendation,neutral
comment_001485,BB 110 bg,size_recommendation,neutral
comment_001486,bb 68 tb 170 pke ap bg,size_recommendation,neutral
comment_001487,68 tb 170,size_recommendation,neutral
comment_001488,eta 1 light blue bang,product_inquiry,neutral
comment_001489,yg di pake eta brp,product_inquiry,neutral
comment_001490,179/69 uk apa,size_recommendation,neutral
comment_001491,fitted tee yang merah etalase barapa kak,product_inquiry,neutral
comment_001492,"Dtalase no 6, tb 165 bb 75",size_recommendation,neutral
comment_001493,Yang kaya bravy bb 84 ambil xl ya?,size_recommendation,neutral
comment_001494,etalase 1 BB 65 TB 158,size_recommendation,neutral
comment_001495,oversize XXl bang,size_recommendation,neutral
comment_001496,90 bang,not_relevant,neutral
comment_001497,Bb 86 tb 165,size_recommendation,neutral
comment_001498,Bedanya et 11 dan 12 apa?,product_inquiry,neutral
comment_001499,eta 1 light blue itu biru langit kah bang?,color_inquiry,neutral
comment_001500,bb 77 tb 173 size apa yang fit,size_recommendation,neutral
comment_001501,bang  165/69 ambil apa oversize,size_recommendation,neutral
comment_001502,oversize coba,size_recommendation,neutral
comment_001503,Boxy nomer brapa bang,product_inquiry,neutral
comment_001505,pake l bisa nga,not_relevant,neutral
comment_001507,light blue eta 1 itu lebih ke biru langit ya bang,color_inquiry,neutral
comment_001508,pas itu bang di oversize? m,size_recommendation,neutral
comment_001509,"kalo fitted tee bb 67, tb 172, ambil L kegedean gak??",size_recommendation,neutral
comment_001510,Cba spill ka 11 dan 12 nya,product_inquiry,neutral
comment_001511,"bb 56,5 tb 169 ukuran berapa fit t tea air",size_recommendation,neutral
comment_001513,ka Bb 70,size_recommendation,neutral
comment_001514,tapi di kamera kayak terang banget bang,not_relevant,neutral
comment_001515,lu pake size apa bg,size_inquiry,neutral
comment_001516,yang oversize bang,size_recommendation,neutral
comment_001517,Udh CO 3 pcs,purchase_intent,neutral
comment_001518,bandingin fitted yg 230 gsm vs yg anti kusut,product_inquiry,neutral
comment_001519,kak yg etalase 5 spill size L NYA DONG,product_inquiry,neutral
comment_001520,tb 169 bb 58 cucok pake oversize atau reguler?,size_recommendation,neutral
comment_001521,reguler yg havyweight ada?,not_relevant,neutral
comment_001522,ka spil ulng etlse 11 wrna htm,product_inquiry,neutral
comment_001523,Etalase 1 yg warna hijau spil bg,product_inquiry,neutral
comment_001524,BB 95 etalase brp,product_inquiry,neutral
comment_001525,bb 72 kak,size_recommendation,neutral
comment_001526,167 BB 70 ambil m cocok ga?,size_recommendation,neutral
comment_001527,spil etlse 11 wrna itm,product_inquiry,neutral
comment_001528,bang coba liat yg etalase 4,product_inquiry,neutral
comment_001529,"untuk Tinggi 175,berat 86",size_recommendation,neutral
comment_001530,TB 180 BB 70 fitted tee pake uk brapa kak,size_recommendation,neutral
comment_001531,spill etalase 9 dong bang,product_inquiry,neutral
comment_001532,bro tadi bang yang bb 69 /165,size_recommendation,neutral
comment_001533,klo havyweight boxy ?,product_inquiry,neutral
comment_001535,Etalase 11 & 12. Bb 55 TB 175 cocoknya size brpa,size_recommendation,neutral
comment_001536,Tb 165 bb 55 size apa yg hanlay,size_recommendation,neutral
comment_001537,hitam ukuran s mau langsung pesan,purchase_intent,neutral
comment_001538,BB 95 etalase yg mana,product_inquiry,neutral
comment_001539,etalase 9 kak,product_inquiry,neutral
comment_001540,bang yang 69 tdi brp bang m? oversize,size_recommendation,neutral
comment_001541,pengen liat conton size m dong kak,size_inquiry,neutral
comment_001542,Bang sory tadi gua ambilnya size apa?,size_inquiry,neutral
comment_001543,Sory ka kecepatan tadi ukuran M bukan ya ?,size_inquiry,neutral
comment_001544,Etalase 6 sama apa yg boxy,product_inquiry,neutral
comment_001545,BUKAN UKURAN NYA APA BANG YG 69 TADI M?,size_inquiry,neutral
comment_001546,beda nya etalase 11 sama 12 apa babg?,product_inquiry,neutral
comment_001547,berat 73 uk brp etalase 9,size_recommendation,neutral
comment_001548,85 tb 165,size_recommendation,neutral
comment_001549,etalase 11 XL ketat atau longgar bang. aku mau aga longgar,size_recommendation,neutral
comment_001550,ka spill fitted te warna maple brown,color_inquiry,neutral
comment_001551,etalase 1 bb 62 tb 163,size_recommendation,neutral
comment_001552,kepencet bang bukan marah hehe,not_relevant,neutral
comment_001554,"Kak mau liat etalase 8, bb 60 tb 168 uk apaa ka",size_recommendation,neutral
comment_001555,kalo kakak nya pke size apaa,size_inquiry,neutral
comment_001556,kak eta 9 tb 164 bb 62 perut agak buncit dikit ambil size apa kak,size_recommendation,neutral
comment_001557,kalo ngefit s yaak?,size_recommendation,neutral
comment_001558,"etalase 8, BB 80, TB 172 UK brp?",size_recommendation,neutral
comment_001559,henley kak,not_relevant,neutral
comment_001560,BB 64 TB 160,size_recommendation,neutral
comment_001561,Bosqu pengiriman dari mana?,not_relevant,neutral
comment_001562,Spill singlet nya ada,product_inquiry,neutral
comment_001563,bb 100 tb 170 mending boxy atau oversize kak,size_recommendation,neutral
comment_001564,tb 169 bb 58 pake size apa bang,size_recommendation,neutral
comment_001565,jeans nya bagus amat ka,not_relevant,positive
comment_001567,kak polo marron 177 74,size_recommendation,neutral
comment_001568,mas ribger tee navy,color_inquiry,neutral
comment_001569,jeans nya dari apa ka mohon maaf wkwk,product_inquiry,neutral
comment_001570,"hanly bb 56,5 tb 169 size?",size_recommendation,neutral
comment_001571,kak saya tb168 bb 66 ambil boxy etalase 6 yang pas ambil size apa?,size_recommendation,neutral
comment_001572,bang ko paket gua ga nyampe nyampee,not_relevant,negative
comment_001573,udh 5hari,not_relevant,negative
comment_001574,bang buat bb 50 tb 165 kira2 ambil size apa kalo yg ringer tee,size_recommendation,neutral
comment_001575,jeans nya dari apa ka,product_inquiry,neutral
comment_001576,173 74 size apa,size_recommendation,neutral
comment_001577,ga ada shopee kah bang?,not_relevant,neutral
comment_001578,160 55 size apa bg,size_recommendation,neutral
comment_001579,165/65 sz apa bg,size_recommendation,neutral
comment_001580,TB 167 BB 72 ambil M aman ga bang,size_recommendation,neutral
comment_001581,bedanya etlase 8 sama 10 apa bang?,product_inquiry,neutral
comment_001582,boxy tee 166/66,size_recommendation,neutral
comment_001583,Bang boxy cuma 6 dan 9 ya?,product_inquiry,neutral
comment_001584,bedanya airy apa bang,product_inquiry,neutral
comment_001585,et 9 warna maroon bg,product_inquiry,neutral
comment_001586,UDAHH CO KAK AMBIL UKURAN L JADINYA BUAT KADO COWO KU HEHEHEHEH,purchase_intent,neutral
comment_001587,berarti bukan warna merah cabe ya?,color_inquiry,neutral
comment_001588,Bedanya 6 dan 16 bosqu?,product_inquiry,neutral
comment_001589,et 5 bb 70 tb 168,size_recommendation,neutral
comment_001590,eta 1 maroon nya gelap kan bang,product_inquiry,neutral
comment_001591,carcoal itu kaya gimana bang,color_inquiry,neutral
comment_001592,spil regular fit bg uk m,product_inquiry,neutral
comment_001593,bedanya 1 sama 2?,product_inquiry,neutral
comment_001594,bg ukuran s untuk bb 55 ok nggak?,size_recommendation,neutral
comment_001595,rekomendasi 1 atau 2?,product_inquiry,neutral
comment_001596,bb 70 tb 165 pake size apa,size_recommendation,neutral
comment_001597,dah cekout bg uk s,purchase_intent,neutral
comment_001598,berarti 1 sama 2 sama aja sebenernya?,product_inquiry,neutral
comment_001599,tb 160 bb 55 aku bg,size_recommendation,neutral
comment_001600,kakanya pake size itu??,size_inquiry,neutral
comment_001601,size apa,size_inquiry,neutral
comment_001602,size apa yg kamu pake,size_inquiry,neutral
comment_001603,abangku 171/80 henley size apa,size_recommendation,neutral
comment_001604,spill longsleeve boxy yang charcoal,product_inquiry,neutral
comment_001605,masih cakep ga itu,not_relevant,neutral
comment_001606,etalase 2 bang spill,product_inquiry,neutral
comment_001607,160-165 boxy crop pake apa bg,size_recommendation,neutral
comment_001608,dapet 32rebu,not_relevant,neutral
comment_001609,kak coba bandingin polo sama airy fitted tee,product_inquiry,neutral
comment_001610,Henley long sleeve,not_relevant,neutral
comment_001611,tb 168/51 dapet ya looks boxy nya,size_recommendation,neutral
comment_001612,bang boxy biasa eta brp,product_inquiry,neutral
comment_001613,aery tu gmna,product_inquiry,neutral
comment_001614,liat warna brown kak,color_inquiry,neutral
comment_001615,panjang gitu ya kak polonya,product_inquiry,neutral
comment_001616,bang cobain kaos warna navy ada ga,color_inquiry,neutral
comment_001617,bb 50,size_recommendation,neutral
comment_001618,aku uda co maroon dan navy eta 1,purchase_intent,neutral
comment_001619,licin apa kaos biasa?,product_inquiry,neutral
comment_001620,brown,color_inquiry,neutral
comment_001621,polonya panjang gitu emang ya kak,product_inquiry,neutral
comment_001622,eta 11 BB 90 ukrn apa kk,size_recommendation,neutral
comment_001623,bole liat warna maple brownnya ka,color_inquiry,neutral
comment_001624,tb 164 bb 55 size apa bang etalase,size_recommendation,neutral
comment_001625,tb 164 bb 55 size apa bang etalase 2,size_recommendation,neutral
comment_001626,"navy etalase brp bang, bahan paling prem bang",product_inquiry,neutral
comment_001627,oversize dan reguler,size_recommendation,neutral
comment_001628,bb 55 tb 174 sz apa,size_recommendation,neutral
comment_001629,fitted tee buat cowo kurus cocok kah bang?,size_recommendation,neutral
comment_001630,162 45,size_recommendation,neutral
comment_001631,tb 163 bb 65 pake size apa bg,size_recommendation,neutral
comment_001632,pentil e nyeplak ngga kalo yang biasa?,product_inquiry,neutral
comment_001633,bg kalau TB 173 BB 56 ambil size apa,size_recommendation,neutral
comment_001634,Bg spil warna bergundy,color_inquiry,neutral
comment_001635,abangku henley longsleeve nya nerawang ga warna item putih,product_inquiry,neutral
comment_001636,bb 55 tb 174 sz apa maaf mas ulangi,size_recommendation,neutral
comment_001637,171/57,size_recommendation,neutral
comment_001638,pake apa bang ?,not_relevant,neutral
comment_001640,cowo bb 85 kg uk apa ka?,size_recommendation,neutral
comment_001641,dusty blue etalase 2 spil bang,product_inquiry,neutral
comment_001642,bb 50 uk apa,size_recommendation,neutral
comment_001643,Spil etalase 2 warna navy smaa hitam 178/75,size_recommendation,neutral
comment_001644,etls 17 bahannya tebel kan bang? gw nyari bahan navy yang tebel,product_inquiry,neutral
comment_001645,170 bb 89,size_recommendation,neutral
comment_001646,bang coba spil sz L,product_inquiry,neutral
comment_001647,done order bang thanks,purchase_intent,neutral
comment_001648,et 9 bisa ga kak,product_inquiry,neutral
comment_001649,kok aku liat sama semua,not_relevant,neutral
comment_001650,etalsenya kak,product_inquiry,neutral
comment_001651,bedanya 1 sama 2,product_inquiry,neutral
comment_001652,done ni check out,purchase_intent,neutral
comment_001653,🤣,not_relevant,neutral
comment_001654,nyaman yg mana,not_relevant,neutral
comment_001655,sbr bg make dia,not_relevant,neutral
comment_001656,etalase 1 bb 65 tb 173 ukuran apa?,size_recommendation,neutral
comment_001657,wes CO,purchase_intent,neutral
comment_001658,"bb 54 tb 170 ambil size apa,fited te",size_recommendation,neutral
comment_001659,TB180 BB64 ambil sz apaan ngab?,size_recommendation,neutral
comment_001660,beli 2 jdi brp mas,price_inquiry,neutral
comment_001661,M kekecilan ngga ngab?,size_recommendation,neutral
comment_001662,ka udh co etalase 2,purchase_intent,neutral
comment_001663,167 bb 60 ambil sz ap,size_recommendation,neutral
comment_001664,etalase 1 53 165,size_recommendation,neutral
comment_001666,bisa liat yg navy blue oversized,product_inquiry,neutral
comment_001667,u pake sz apaan ngab?,size_inquiry,neutral
comment_001668,eta 1 bg,product_inquiry,neutral
comment_001669,udh co gua 2 bg di tunggu barang nya,purchase_intent,neutral
comment_001670,kak buat tb 171 bb 58,size_recommendation,neutral
comment_001671,etalase 3 bb60 tb165 size apa bang,size_recommendation,neutral
comment_001672,bb 50/165 ambil ap bg?,size_recommendation,neutral
comment_001673,etalase 1 tb 168 bb 58,size_recommendation,neutral
comment_001674,estimasi waktu datang brp hari bg,not_relevant,neutral
comment_001675,coba u pake sz L ngab,not_relevant,neutral
comment_001676,kapan live lagi,not_relevant,neutral
comment_001677,Bg brapa tadi bb 85 tb 170 ukuran apa ??,size_recommendation,neutral
comment_001678,udh co min,purchase_intent,neutral
comment_001679,lebar banget ngga ya?soalnya lingkar dadanya 54,size_recommendation,neutral
comment_001680,SPILL ETALASE 5 BUAT TB 171 BB 58,size_recommendation,neutral
comment_001681,beda mya pollycooton dan t-shirett combet apa,product_inquiry,neutral
comment_001682,Saya dah co boy,purchase_intent,neutral
comment_001683,gua rencananya mau co yg ringer tee,purchase_intent,neutral
comment_001684,Etalase satu ama dua beda ala,product_inquiry,neutral
comment_001685,pengen oversize bb 69 tb 167 size apa,size_recommendation,neutral
comment_001686,liat warna t-shirt boxy dong bang,color_inquiry,neutral
comment_001687,yang gak lecek dan gak nerawang keringat mana kak,product_inquiry,neutral
comment_001688,eta 2 spill bahan bg,product_inquiry,neutral
comment_001689,165/58 size apa,size_recommendation,neutral
comment_001690,maroon sama denim aja bang utk t-shirt boxy nya,color_inquiry,neutral
comment_001691,etalase 2 BB 53 TB 165 UK apa bang,size_recommendation,neutral
comment_001692,secara look oke etalase 1 atau 2??,product_inquiry,neutral
comment_001693,bedanya heavy sama 16s sama 200gsm gimn gan,product_inquiry,neutral
comment_001694,oversise tee buat daily biasa yg mana kak,product_inquiry,neutral
comment_001695,etalase 2 165/58 size apa bang,size_recommendation,neutral
comment_001696,cowok tb 173 bb90 gk buncit fitted tee oke ga?,size_recommendation,neutral
comment_001697,boxy crop buat cowok tb 162 bb 52 ambil berapa bg,size_recommendation,neutral
comment_001698,Cb spil warna gsmnya ka,color_inquiry,neutral
comment_001699,Spil 19 bg,product_inquiry,neutral
comment_001700,polo biru navy kak,color_inquiry,neutral
comment_001701,eta 2 biar ga fit bgt ambil m atau L bg soalnya ga suka yg nge fit bg,size_recommendation,neutral
comment_001702,Spil et 1 warna light blue,product_inquiry,neutral
comment_001703,etalase 2 BB 53 TB 165 UK apa bang apa kak tadi cepet banget,size_recommendation,neutral
comment_001704,Spil etalse 11,product_inquiry,neutral
comment_001705,cowok tb 173 bb90 agk buncit fitted tee oke ga?,size_recommendation,neutral
comment_001707,promo nya bagaimana?,price_inquiry,neutral
comment_001708,tb 163 bb 55 biar ngefit pake size apa,size_recommendation,neutral
comment_001709,polo,not_relevant,neutral
comment_001710,etalase 2 itu boxy kan bang?,product_inquiry,neutral
comment_001711,Spil yg warna burgundy kk,color_inquiry,neutral
comment_001714,spill yg light Grey bg,color_inquiry,neutral
comment_001715,spil ringtee navy,color_inquiry,neutral
comment_001716,etalase 12 bb 90+ ukuran berapa kak,size_recommendation,neutral
comment_001717,bb 50 tb 160 pake ukuran apa kak,size_recommendation,neutral
comment_001718,spill celana,product_inquiry,neutral
comment_001719,eta 1 ga gampang lecek kh bg?,product_inquiry,neutral
comment_001720,wesss chkout kak,purchase_intent,neutral
comment_001721,tb 169 BB 40 ambil apa?,size_recommendation,neutral
comment_001722,warna abu eta 11,product_inquiry,neutral
comment_001723,Bb 75 tinggi 171 uk ap bg,size_recommendation,neutral
comment_001724,"ka yang di pake ,yang mana yang bawah atau yang atas",product_inquiry,neutral
comment_001725,udah co bg,purchase_intent,neutral
comment_001726,"kak dah sampe bajunya bagus banget.. co lagi ni, suamiku suka",purchase_intent,positive
comment_001727,Fit apa itu,size_inquiry,neutral
comment_001728,bang ini gimana caranya batalin co malah ke co 2 kali,purchase_intent,neutral
comment_001729,ka yang fited yang mana,product_inquiry,neutral
comment_001730,etalase 4 bb 60 tb 173,size_recommendation,neutral
comment_001731,Udah co kak etalase 11 warna burgundy,purchase_intent,neutral
comment_001732,Maksud nya fiting an nya gimana bg kalo L,size_inquiry,neutral
comment_001733,fav eta 9,product_inquiry,neutral
comment_001734,spil polo kak,product_inquiry,neutral
comment_001735,aku udah cekout bang,purchase_intent,neutral
comment_001736,bb60 tb173 size brp,size_recommendation,neutral
comment_001737,etalase 1 nya,product_inquiry,neutral
comment_001738,"aku udah co eta 1, tb aku 178 kak",purchase_intent,neutral
comment_001739,tb 162 bb55 biar ngefit ambil size apa,size_recommendation,neutral
comment_001740,bg eta 3 apa perbedaan nya?,product_inquiry,neutral
comment_001741,ambil brp tdi kak,purchase_intent,neutral
comment_001742,bb 73,size_recommendation,neutral
comment_001743,spill eta 6 size m,product_inquiry,neutral
comment_001744,bang lu make size apa,size_inquiry,neutral
comment_001745,Done co bg etl 19,purchase_intent,neutral
comment_001746,itu ukuran s kak?,size_inquiry,neutral
comment_001747,yang di pegang?,not_relevant,neutral
comment_001748,Bb 53 tb 171 fitted rekomen sz ap,size_recommendation,neutral
comment_001749,eta liat bg size m warna hitam,size_inquiry,neutral
comment_001750,Kok gabisa cod bg,not_relevant,neutral
comment_001751,3,not_relevant,neutral
comment_001752,spil bahan eta 1 sm 2 bang,product_inquiry,neutral
comment_001753,yang putih eta 3 ada ga bg spill,product_inquiry,neutral
comment_001754,gw dah CO 2 bg,purchase_intent,neutral
comment_001755,bb 68 tb167 pake oversize cocoknya m atau L ?,size_recommendation,neutral
comment_001756,buat jadi daleman yg mana bg bagusnya mau di pakein outer,purchase_intent,neutral
comment_001757,hitam 1 sama 2 nya ka spil,color_inquiry,neutral
comment_001758,kak spill etalase 19 warna atlantick sea,product_inquiry,neutral
comment_001759,Spil 7 mas,product_inquiry,neutral
comment_001760,beda nya sama eta 2 apa,product_inquiry,neutral
comment_001761,spil etalase 2 bg,product_inquiry,neutral
comment_001762,kak spill warna atlantik sea etlase 19,product_inquiry,neutral
comment_001763,Spil 7 dark grey kak,product_inquiry,neutral
comment_001764,udh co 4 item,purchase_intent,neutral
comment_001765,2,not_relevant,neutral
comment_001766,kaa baju untuk cowo tinggi dan agak berotot enak nya yg etalase berapa yaa?,product_inquiry,neutral
comment_001767,etalase 2,product_inquiry,neutral
comment_001768,bB 68 TB 168 pake uk apa,size_recommendation,neutral
comment_001769,Boxy tanktop 7 kak,product_inquiry,neutral
comment_001770,rekomendasi size 168/70 untuk eta 1 sama 2 bg,size_recommendation,neutral
comment_001771,Kak yg oversize spill beige khaky,product_inquiry,neutral
comment_001772,tb 189 bb 84,size_recommendation,neutral
comment_001773,kalo ambil M ngfit atau longgar bb60 tb173 kak,size_recommendation,neutral
comment_001774,7 bb70 tb165,size_recommendation,neutral
comment_001775,Mas bb 74 tb 165 pakai size apa yang etalase 1,size_recommendation,neutral
comment_001776,L ya?,not_relevant,neutral
comment_001777,ini model boxy ga,product_inquiry,neutral
comment_001778,klo yg model boxy,product_inquiry,neutral
comment_001779,kak etalase 1 ga ada g gray? buat couple sama suami wkwk,product_inquiry,neutral
comment_001780,klo tinggi 189 cocok nya pake boxi atau oversized atau reguler kaaa,size_recommendation,neutral
comment_001781,maroon ka,color_inquiry,neutral
comment_001782,L gede bgt apa pas bg?,size_inquiry,neutral
comment_001783,ada kak oke,not_relevant,neutral
comment_001784,tb172 bb76,size_recommendation,neutral
comment_001785,kalo TB 168 BB 68 pake L ga kepanjangan kan bg baju nya untuk eta 1,size_recommendation,neutral
comment_001786,buat cowoku kak😭,not_relevant,neutral
comment_001787,spill fitted tee yg warna maroonnya kak,color_inquiry,neutral
comment_001788,tb 165 bb 62 size apa kak,size_recommendation,neutral
comment_001789,Buat bb 82 size apaa bang,size_recommendation,neutral
comment_001790,klau BB 65 TB 170 size apa bang baju nya,size_recommendation,neutral
comment_001791,long Sleeve BG,not_relevant,neutral
comment_001792,yang oversize L ya?,size_recommendation,neutral
comment_001793,bang ko harga naik,price_inquiry,negative
comment_001794,bb 68 tb 175 apa bg?,size_recommendation,neutral
comment_001795,170/67,size_recommendation,neutral
comment_001796,170/60,size_recommendation,neutral
comment_001797,Etalase 9 pake xl cukup kan kak ?,size_recommendation,neutral
comment_001798,kalo press brp bg? 170/67,size_recommendation,neutral
comment_001799,baju yg dipake etalase brp bg?,product_inquiry,neutral
comment_001800,bg boxy warna maroon ada contohnya bg?,color_inquiry,neutral
comment_001801,eta 4 gmn bang,product_inquiry,neutral
comment_001802,174/82,size_recommendation,neutral
comment_001803,Etalase 5 bb 79 tb 173,size_recommendation,neutral
comment_001804,"klo yg putih, kerahnya hitam ya??",color_inquiry,neutral
comment_001805,bb 68 tb 172 bagusnya pake apa bg etalase 1,size_recommendation,neutral
comment_001806,etl. 9 67/173,size_recommendation,neutral
comment_001807,Et 9 abu muda L,product_inquiry,neutral
comment_001808,65 178 bagus uk apa,size_recommendation,neutral
comment_001809,et4 spil yg buat bb58 bb155,size_recommendation,neutral
comment_001810,TB 169,size_recommendation,neutral
comment_001811,kerah nya itu lebar gasi mas??,product_inquiry,neutral
comment_001812,TB 169 BB 60,size_recommendation,neutral
comment_001813,Itu yang dipake eta brp kak,product_inquiry,neutral
comment_001814,fitted tee 165/53,size_recommendation,neutral
comment_001815,Eta 2 bedanya apa kak,product_inquiry,neutral
comment_001816,TB 169 BB 60 size berapa bng,size_recommendation,neutral
comment_001817,spil 9 yg maroon,product_inquiry,neutral
comment_001818,rokem nya no 1 apa 2 ya ka,product_inquiry,neutral
comment_001819,bb 95 ambil etalase berapa kk,product_inquiry,neutral
comment_001820,"bang boxy cut, 176 67 M atau L bang?",size_recommendation,neutral
comment_001821,TB 169 BB 60 size berapa bang,size_recommendation,neutral
comment_001822,Eta 2 bedanya apa kak tb 165 bb 63,size_recommendation,neutral
comment_001823,eta 11 tb 167 bb 53 size apa?,size_recommendation,neutral
comment_001824,lu pake sz apa bg,size_inquiry,neutral
comment_001825,eta 8 tb 170 bb 67 size apa bg,size_recommendation,neutral
comment_001826,173/58 reguler size apa bang?,size_recommendation,neutral
comment_001827,yg eta 1 nyerep keringet ga ya?? waktu itu beli 2x ada yg beda bahannya,product_inquiry,neutral
comment_001828,"kak spill boxy piped size XL dong, tadi sore udah co dapet 69k🫰🏻",purchase_intent,neutral
comment_001829,yg dipake size apa mas,size_inquiry,neutral
comment_001830,"ok thank you kak, semoga muat ya di cowokku 85/170 dia",size_recommendation,neutral
comment_001831,Bb 74 tb 165 pakai size L gakekecilan ya mas,size_recommendation,neutral
comment_001832,kak itu yg dipake etalase brp,product_inquiry,neutral
comment_001833,eta 6 dan 11 bedanya apa,product_inquiry,neutral
comment_001834,eta 2 58/170 sixe apa,size_recommendation,neutral
comment_001835,et 10 175 69,size_recommendation,neutral
comment_001836,spill warna coklat tua et 10,product_inquiry,neutral
comment_001837,udah co gw bang,purchase_intent,neutral
comment_001838,etalase 1 kek Mimin yang pakek?,product_inquiry,neutral
comment_001839,udh co bang,purchase_intent,neutral
comment_001840,asiap kak,not_relevant,neutral
comment_001841,dah co 2 bg,purchase_intent,neutral
comment_001842,ukuran brpa min yang lu pakek,size_inquiry,neutral
comment_001843,yoi bang udah berkali” beli,not_relevant,neutral
comment_001844,bb 70 tb165 fitted tee pake ukuran apa bwng,size_recommendation,neutral
comment_001845,kak pengen rip yg tebal etalase brp,product_inquiry,neutral
comment_001846,min bb 63 tb 170 uk apa ?,size_recommendation,neutral
comment_001847,fitted ter,not_relevant,neutral
comment_001848,done co bang sip,purchase_intent,neutral
comment_001849,lehernya,not_relevant,neutral
comment_001850,min saya kalau ke chekout barangnya 2x gimana,purchase_intent,neutral
comment_001851,178-60 sz berapa fitted tee,size_recommendation,neutral
comment_001852,ke chekout double,purchase_intent,neutral
comment_001853,mau beli bajunya 1 jadinya 2,purchase_intent,neutral
comment_001854,tb 169 bb 70,size_recommendation,neutral
comment_001856,sz berapa kak,size_inquiry,neutral
comment_001857,kak buat bb 46 biar ga keliatan kurus pake size apa,size_recommendation,neutral
comment_001858,kecilan ga kak,size_recommendation,neutral
comment_001859,kak boxy buat tb 165 bb 70,size_recommendation,neutral
comment_001860,saya BB 79 kakk pake XL pas gakk ??,size_recommendation,neutral
comment_001861,bb 8p tb 170 pake size apa bg,size_recommendation,neutral
comment_001862,kak saran buat dalaman sekolah adem dan bisa di pake biasa etalase mana,product_inquiry,neutral
comment_001863,berarti pake size s aja kak??,not_relevant,neutral
comment_001864,dah co min tq ya,purchase_intent,neutral
comment_001865,bb 80 bagus yg mana,size_recommendation,neutral
comment_001866,bb 85 tb 163,size_recommendation,neutral
comment_001867,bb 80 tb 177 yg mn,size_recommendation,neutral
comment_001868,166/70,size_recommendation,neutral
comment_001869,yg etalase 10 XL  BB 79 bisa kann,size_recommendation,neutral
comment_001870,"warna biru ada g situ bang,mau liat warnanya sekarang langsung",color_inquiry,neutral
comment_001871,kak coba pake L kak,not_relevant,neutral
comment_001872,mau co nih,purchase_intent,neutral
comment_001873,tinggi 175 ambil ukuran brp bg?,size_recommendation,neutral
comment_001874,bb 50 tb 165,size_recommendation,neutral
comment_001875,boxy gaada size s ya,product_inquiry,neutral
comment_001876,min mau nanya boxy tanktop untuk 165/65 ambil size apa?,size_recommendation,neutral
comment_001877,navy,color_inquiry,neutral
comment_001878,et 16 bb 55 tb 155 pakek uk apa kak,size_recommendation,neutral
comment_001879,Tb 170 Bb 62 bisa ambil S bg?,size_recommendation,neutral
comment_001880,oke best warnanya tq ya min,not_relevant,positive
comment_001881,bb 80 tb 177 pke uk L msi bagus ga mw co,size_recommendation,neutral
comment_001882,abg nya ukuran apa pakainya?,size_inquiry,neutral
comment_001883,bb 57 tb 181 ukuran apa bang,size_recommendation,neutral
comment_001884,bb 80 tb 177 uk L msi bagus ga,size_recommendation,neutral
comment_001885,kak spil et 2,product_inquiry,neutral
comment_001887,bb70 size apa ka,size_recommendation,neutral
comment_001888,bang tb 170 bb 55 ambil apa boxy,size_recommendation,neutral
comment_001889,bb 45 tb 160 uk brp kak et 1,size_recommendation,neutral
comment_001890,bedanya serat bambu sama katun biasa apa ka,product_inquiry,neutral
comment_001891,BB 55 TB 170 pake size apa bg yg fitted tee,size_recommendation,neutral
comment_001892,Kalo fitted tee bb 78 / tb 165 size apa ?,size_recommendation,neutral
comment_001898,fitted tee bb 68 tb 168,size_recommendation,neutral
comment_001900,"udah co, semoga sesuai",purchase_intent,neutral
gen_00001,﻿kak ada warna apa aja?,color_inquiry,neutral
gen_00002,min warnanya apa aja yang tersedia?,color_inquiry,neutral
gen_00003,kak warna item ada ga?,color_inquiry,neutral
gen_00004,bang yang warna hitam ready?,color_inquiry,neutral
gen_00005,kak navy ready ga min?,color_inquiry,neutral
gen_00006,min warna coklat masih ada?,color_inquiry,neutral
gen_00007,kak abu abu ready bang?,color_inquiry,neutral
gen_00008,bang warna putih ga ada ya?,color_inquiry,neutral
gen_00009,kak ada warna army ga?,color_inquiry,neutral
gen_00010,min pink ada ukuran m ga?,color_inquiry,neutral
gen_00011,kak kaos warna item ada?,color_inquiry,neutral
gen_00012,bang hoodie abu abu ready?,color_inquiry,neutral
gen_00013,kak kemeja warna biru ada ga?,color_inquiry,neutral
gen_00014,min warna krem ready?,color_inquiry,neutral
gen_00015,kak celana warna hitam masih ada?,color_inquiry,neutral
gen_00016,bang warna hijau army ada?,color_inquiry,neutral
gen_00017,kak sweater warna coklat ready ga?,color_inquiry,negative
gen_00018,min warna navy ga ada?,color_inquiry,neutral
gen_00019,kak warna merah maroon ada?,color_inquiry,neutral
gen_00020,bang warna cream ready?,color_inquiry,neutral
gen_00021,kak warna kuning masih ada?,color_inquiry,neutral
gen_00022,min warna ungu ada ga?,color_inquiry,neutral
gen_00023,kak tshirt warna putih ready bang?,color_inquiry,neutral
gen_00024,bang kaos warna army ada ga?,color_inquiry,neutral
gen_00025,kak hoodie warna item ready min?,color_inquiry,neutral
gen_00026,min kemeja warna navy masih ada?,color_inquiry,neutral
gen_00027,kak warna abu abu tersedia ga bang?,color_inquiry,neutral
gen_00028,bang warna hitam putih ready?,color_inquiry,neutral
gen_00029,kak ada yg warna coklat ga min?,color_inquiry,neutral
gen_00030,min warna hijau ready kak?,color_inquiry,neutral
gen_00031,kak warna biru navy ada bang?,color_inquiry,neutral
gen_00032,bang warna krem masih ada min?,color_inquiry,neutral
gen_00033,kak warna merah ada ga bang?,color_inquiry,negative
gen_00034,min warna putih item ready?,color_inquiry,neutral
gen_00035,kak warna army tersedia ga min?,color_inquiry,negative
gen_00036,bang warna ungu ready kak?,color_inquiry,neutral
gen_00037,kak warna kuning ada bang?,color_inquiry,neutral
gen_00038,min warna cream ready ga kak?,color_inquiry,neutral
gen_00039,kak warna abu abu masih ready bang?,color_inquiry,neutral
gen_00040,bang warna coklat tersedia min?,color_inquiry,neutral
gen_00041,kak warna navy ready bang?,color_inquiry,neutral
gen_00042,min warna hijau army masih ada kak?,color_inquiry,neutral
gen_00043,kak warna item ada ukuran l ga?,color_inquiry,neutral
gen_00044,bang warna putih ready ukuran m?,color_inquiry,neutral
gen_00045,kak warna biru ada ukuran xl?,color_inquiry,neutral
gen_00046,min warna merah ada ukuran s ga?,color_inquiry,neutral
gen_00047,kak warna krem ready ukuran l?,color_inquiry,neutral
gen_00048,bang warna hitam ada ukuran m?,color_inquiry,neutral
gen_00049,kak warna navy ada ukuran xl ga?,color_inquiry,neutral
gen_00050,min warna abu abu ready ukuran l?,color_inquiry,neutral
gen_00051,kak warna coklat ada ukuran m?,color_inquiry,neutral
gen_00052,bang warna army ready ukuran l?,color_inquiry,neutral
gen_00053,kak warna pink ada ukuran s?,color_inquiry,neutral
gen_00054,min warna cream tersedia ukuran m?,color_inquiry,neutral
gen_00055,kak warna kuning ready ukuran xl?,color_inquiry,neutral
gen_00056,bang warna ungu ada ukuran l ga?,color_inquiry,neutral
gen_00057,kak warna hijau ada ukuran s?,color_inquiry,neutral
gen_00058,min warna putih ready ukuran xl?,color_inquiry,neutral
gen_00059,kak warna item ready ukuran m?,color_inquiry,neutral
gen_00060,bang warna biru ada ukuran l?,color_inquiry,neutral
gen_00061,kak warna merah maroon ready ukuran m?,color_inquiry,neutral
gen_00062,min warna navy tersedia ukuran l?,color_inquiry,neutral
gen_00063,kak warna abu abu ada ukuran xl?,color_inquiry,neutral
gen_00064,bang warna coklat ready ukuran s?,color_inquiry,neutral
gen_00065,kak warna army ada ukuran m?,color_inquiry,neutral
gen_00066,min warna krem ready ukuran m?,color_inquiry,positive
gen_00067,kak warna hitam putih ada ukuran l?,color_inquiry,neutral
gen_00068,bang warna hijau army ready ukuran xl?,color_inquiry,neutral
gen_00069,kak warna cream ada ukuran s?,color_inquiry,neutral
gen_00070,min warna ungu ready ukuran m?,color_inquiry,neutral
gen_00071,kak warna kuning ada ukuran l?,color_inquiry,neutral
gen_00072,bang warna merah ready ukuran m?,color_inquiry,neutral
gen_00073,kak warna navy ada ga ukuran s?,color_inquiry,neutral
gen_00074,min warna item ready ga ukuran l?,color_inquiry,neutral
gen_00075,kak warna putih ada ga ukuran m?,color_inquiry,neutral
gen_00076,bang warna biru ready ga ukuran l?,color_inquiry,neutral
gen_00077,kak warna abu abu ada ga ukuran m?,color_inquiry,neutral
gen_00078,min warna coklat ready ga ukuran xl?,color_inquiry,neutral
gen_00079,kak warna army ada ga ukuran l?,color_inquiry,neutral
gen_00080,bang warna krem ready ga ukuran s?,color_inquiry,neutral
gen_00081,kak warna hijau ada ga ukuran m?,color_inquiry,neutral
gen_00082,min warna cream ready ga ukuran l?,color_inquiry,neutral
gen_00083,kak warna pink ada ga ukuran m?,color_inquiry,neutral
gen_00084,bang warna ungu ready ga ukuran l?,color_inquiry,neutral
gen_00085,kak warna kuning ada ga ukuran s?,color_inquiry,neutral
gen_00086,min warna merah ready ga ukuran xl?,color_inquiry,neutral
gen_00087,kak warna hitam ada ga ukuran l?,color_inquiry,neutral
gen_00088,bang warna navy ready ga ukuran m?,color_inquiry,neutral
gen_00089,kak warna item ready ga ukuran xl?,color_inquiry,neutral
gen_00090,min warna putih ready ga ukuran s?,color_inquiry,neutral
gen_00091,kak warna biru ready ga ukuran m?,color_inquiry,neutral
gen_00092,bang warna abu abu ready ga ukuran l?,color_inquiry,neutral
gen_00093,kak warna coklat ready ga ukuran m?,color_inquiry,positive
gen_00094,min warna army ready ga ukuran s?,color_inquiry,positive
gen_00095,kak warna krem ready ga ukuran l?,color_inquiry,neutral
gen_00096,bang warna hijau army ready ga ukuran m?,color_inquiry,neutral
gen_00097,kak warna cream ready ga ukuran xl?,color_inquiry,neutral
gen_00098,min warna ungu ready ga ukuran l?,color_inquiry,neutral
gen_00099,kak warna kuning ready ga ukuran m?,color_inquiry,neutral
gen_00100,bang warna merah maroon ready ga ukuran l?,color_inquiry,neutral
gen_00101,kak warna navy ready ga ukuran m?,color_inquiry,neutral
gen_00102,kak warna putih ready ga ukuran m?,color_inquiry,neutral
gen_00103,bang warna biru navy ready ga ukuran l?,color_inquiry,neutral
gen_00104,kak warna abu abu ready ga ukuran m?,color_inquiry,neutral
gen_00105,min warna coklat ready ga ukuran l?,color_inquiry,neutral
gen_00106,kak warna army ready ga ukuran m?,color_inquiry,neutral
gen_00107,bang warna krem ready ga ukuran l?,color_inquiry,neutral
gen_00108,kak warna hijau ready ga ukuran m?,color_inquiry,neutral
gen_00109,kak warna pink ready ga ukuran m?,color_inquiry,neutral
gen_00110,min warna merah ready ga ukuran l?,color_inquiry,neutral
gen_00111,kak warna hitam ready ga ukuran m?,color_inquiry,neutral
gen_00112,bang warna navy ready ga ukuran l?,color_inquiry,neutral
gen_00113,kak warna item ready ga ukuran m?,color_inquiry,neutral
gen_00114,min warna putih ready ga ukuran l?,color_inquiry,neutral
gen_00115,min warna army ready ga ukuran l?,color_inquiry,neutral
gen_00116,kak warna krem ready ga ukuran m?,color_inquiry,neutral
gen_00117,bang warna hijau army ready ga ukuran l?,color_inquiry,neutral
gen_00118,kak warna cream ready ga ukuran m?,color_inquiry,neutral
gen_00119,bang warna merah ready ga ukuran l?,color_inquiry,neutral
gen_00120,﻿kak ini warnanya ada apa aja sih?,color_inquiry,neutral
gen_00121,min kalo warna item bisa request ga?,color_inquiry,neutral
gen_00122,kak yang warna army itu ready gak?,color_inquiry,neutral
gen_00123,bang ada warna lain selain hitam?,color_inquiry,neutral
gen_00124,kak warna navy tersedia untuk kaos?,color_inquiry,neutral
gen_00125,min warna putihnya abis ya?,color_inquiry,neutral
gen_00126,kak kalo warna coklat masih ready?,color_inquiry,neutral
gen_00127,bang warna hijau adek itu ada?,color_inquiry,neutral
gen_00128,kak ada warna maroon buat kemeja?,color_inquiry,neutral
gen_00129,min warna cream ready gak min?,color_inquiry,neutral
gen_00130,kak yg warna abu2 itu ready kah?,color_inquiry,neutral
gen_00131,bang warna kuning ga ada ya?,color_inquiry,neutral
gen_00132,kak warna pink buat cewe ada?,color_inquiry,neutral
gen_00133,min warna toska ada gak?,color_inquiry,neutral
gen_00134,kak warna mustard ready ga?,color_inquiry,neutral
gen_00135,bang warna dusty ada gak?,color_inquiry,neutral
gen_00136,kak warna sage tersedia?,color_inquiry,neutral
gen_00137,min warna merah ada stok ga?,color_inquiry,neutral
gen_00138,kak warna ungu buat hoodie ada?,color_inquiry,negative
gen_00139,bang warna biru muda ready?,color_inquiry,neutral
gen_00140,kak yg warna coklat muda itu ready?,color_inquiry,neutral
gen_00141,min warna abu muda masih ada?,color_inquiry,neutral
gen_00142,kak warna item matte ready gak?,color_inquiry,neutral
gen_00143,bang warna putih polos ada?,color_inquiry,neutral
gen_00144,kak warna army ijo tersedia?,color_inquiry,neutral
gen_00145,min warna krem ada ukuran berapa aja?,color_inquiry,neutral
gen_00146,kak warna hitam doang atau ada lain?,color_inquiry,neutral
gen_00147,bang warna navy untuk celana ada?,color_inquiry,neutral
gen_00148,kak warna abu buat jogger ready?,color_inquiry,neutral
gen_00149,min warna coklat buat sweater ada?,color_inquiry,neutral
gen_00150,kak warna hijau muda ready gak?,color_inquiry,neutral
gen_00151,bang warna maroon buat kaos ada?,color_inquiry,neutral
gen_00152,kak warna cream buat hoodie ada?,color_inquiry,neutral
gen_00153,min warna kuning buat tshirt ready?,color_inquiry,neutral
gen_00154,kak warna pink buat dress ada?,color_inquiry,neutral
gen_00155,bang warna ungu tersedia gak?,color_inquiry,neutral
gen_00156,kak warna toska buat kemeja ada?,color_inquiry,neutral
gen_00157,min warna mustard buat celana ready?,color_inquiry,neutral
gen_00158,kak warna dusty buat jogger ada?,color_inquiry,neutral
gen_00159,bang warna sage buat kaos ready?,color_inquiry,neutral
gen_00160,kak warna merah buat sweater tersedia?,color_inquiry,neutral
gen_00161,min warna biru buat hoodie ada?,color_inquiry,neutral
gen_00162,kak warna item buat celana ready?,color_inquiry,neutral
gen_00163,bang warna putih buat kemeja ada?,color_inquiry,neutral
gen_00164,kak warna army buat jogger tersedia?,color_inquiry,neutral
gen_00165,min warna krem buat kaos ready?,color_inquiry,neutral
gen_00166,kak warna abu buat sweater ada?,color_inquiry,neutral
gen_00167,bang warna coklat buat hoodie tersedia?,color_inquiry,neutral
gen_00168,kak warna navy buat tshirt ready?,color_inquiry,positive
gen_00169,min warna hijau buat celana ada?,color_inquiry,neutral
gen_00170,kak warna maroon buat jogger ready?,color_inquiry,neutral
gen_00171,bang warna cream buat kemeja ada?,color_inquiry,neutral
gen_00172,kak warna kuning buat kaos tersedia?,color_inquiry,neutral
gen_00173,min warna pink buat sweater ready?,color_inquiry,neutral
gen_00174,kak warna ungu buat celana ada?,color_inquiry,neutral
gen_00175,bang warna toska buat tshirt ready?,color_inquiry,neutral
gen_00176,kak warna mustard buat hoodie ada?,color_inquiry,neutral
gen_00177,min warna dusty buat kemeja tersedia?,color_inquiry,neutral
gen_00178,kak warna sage buat jogger ready?,color_inquiry,neutral
gen_00179,bang warna merah buat celana ada?,color_inquiry,neutral
gen_00180,kak warna biru buat kaos tersedia?,color_inquiry,neutral
gen_00181,min warna item buat sweater ready?,color_inquiry,negative
gen_00182,kak warna putih buat hoodie ada?,color_inquiry,neutral
gen_00183,bang warna army buat kemeja tersedia?,color_inquiry,neutral
gen_00184,kak warna krem buat celana ready?,color_inquiry,neutral
gen_00185,min warna abu buat tshirt ada?,color_inquiry,neutral
gen_00186,kak warna coklat buat jogger tersedia?,color_inquiry,positive
gen_00187,bang warna navy buat sweater ready?,color_inquiry,neutral
gen_00188,kak warna hijau buat hoodie ada?,color_inquiry,neutral
gen_00189,min warna maroon buat celana tersedia?,color_inquiry,neutral
gen_00190,kak warna cream buat jogger ready?,color_inquiry,neutral
gen_00191,bang warna kuning buat kemeja ada?,color_inquiry,neutral
gen_00192,kak warna pink buat tshirt tersedia?,color_inquiry,neutral
gen_00193,min warna ungu buat hoodie ready?,color_inquiry,neutral
gen_00194,kak warna toska buat sweater ada?,color_inquiry,neutral
gen_00195,bang warna mustard buat jogger tersedia?,color_inquiry,neutral
gen_00196,kak warna dusty buat tshirt ready?,color_inquiry,neutral
gen_00197,min warna sage buat hoodie ada?,color_inquiry,neutral
gen_00198,kak warna merah buat jogger tersedia?,color_inquiry,neutral
gen_00199,bang warna biru buat sweater ready?,color_inquiry,neutral
gen_00200,kak warna item buat kemeja ada?,color_inquiry,neutral
gen_00201,min warna putih buat jogger tersedia?,color_inquiry,neutral
gen_00202,kak warna army buat tshirt ready?,color_inquiry,neutral
gen_00203,bang warna krem buat sweater ada?,color_inquiry,neutral
gen_00204,kak warna abu buat hoodie tersedia?,color_inquiry,neutral
gen_00205,min warna coklat buat kemeja ready?,color_inquiry,neutral
gen_00206,kak warna navy buat jogger ada?,color_inquiry,neutral
gen_00207,bang warna hijau buat tshirt tersedia?,color_inquiry,neutral
gen_00208,kak warna maroon buat sweater ready?,color_inquiry,neutral
gen_00209,min warna cream buat tshirt ada?,color_inquiry,neutral
gen_00210,kak warna kuning buat hoodie tersedia?,color_inquiry,neutral
gen_00211,bang warna pink buat celana ready?,color_inquiry,positive
gen_00212,kak warna ungu buat jogger ada?,color_inquiry,neutral
gen_00213,min warna toska buat hoodie tersedia?,color_inquiry,neutral
gen_00214,kak warna mustard buat sweater ready?,color_inquiry,neutral
gen_00215,bang warna dusty buat hoodie ada?,color_inquiry,neutral
gen_00216,kak warna sage buat kemeja tersedia?,color_inquiry,neutral
gen_00217,min warna merah buat tshirt ready?,color_inquiry,neutral
gen_00218,kak warna biru buat jogger ada?,color_inquiry,neutral
gen_00219,bang warna item buat hoodie tersedia?,color_inquiry,neutral
gen_00220,kak warna putih buat celana ready?,color_inquiry,neutral
gen_00221,min warna army buat hoodie ada?,color_inquiry,neutral
gen_00222,kak warna krem buat jogger tersedia?,color_inquiry,neutral
gen_00223,bang warna abu buat kemeja ready?,color_inquiry,neutral
gen_00224,kak warna coklat buat tshirt ada?,color_inquiry,neutral
gen_00225,min warna navy buat hoodie tersedia?,color_inquiry,neutral
gen_00226,kak warna hijau buat jogger ready?,color_inquiry,neutral
gen_00227,bang warna maroon buat hoodie ada?,color_inquiry,neutral
gen_00228,kak warna cream buat celana tersedia?,color_inquiry,neutral
gen_00229,min warna kuning buat jogger ready?,color_inquiry,neutral
gen_00230,kak warna pink buat hoodie ada?,color_inquiry,neutral
gen_00231,bang warna ungu buat tshirt tersedia?,color_inquiry,neutral
gen_00232,kak warna toska buat celana ready?,color_inquiry,neutral
gen_00233,min warna mustard buat tshirt ada?,color_inquiry,neutral
gen_00234,kak warna dusty buat celana tersedia?,color_inquiry,neutral
gen_00235,bang warna sage buat tshirt ready?,color_inquiry,neutral
gen_00236,kak warna merah buat hoodie ada?,color_inquiry,neutral
gen_00237,min warna biru buat tshirt tersedia?,color_inquiry,neutral
gen_00238,kak warna item buat jogger ready?,color_inquiry,neutral
gen_00239,bang warna putih buat tshirt ada?,color_inquiry,neutral
gen_00240,kak warna army buat celana tersedia?,color_inquiry,neutral
gen_00241,min warna krem buat hoodie ready?,color_inquiry,negative
gen_00242,kak warna abu buat jogger ada?,color_inquiry,neutral
gen_00243,bang warna coklat buat celana tersedia?,color_inquiry,neutral
gen_00244,kak warna navy buat kemeja ready?,color_inquiry,neutral
gen_00245,min warna hijau buat sweater ada?,color_inquiry,neutral
gen_00246,kak warna maroon buat tshirt tersedia?,color_inquiry,neutral
gen_00247,bang warna cream buat hoodie ready?,color_inquiry,neutral
gen_00248,kak warna kuning buat celana ada?,color_inquiry,neutral
gen_00249,min warna pink buat jogger tersedia?,color_inquiry,neutral
gen_00250,kak warna ungu buat sweater ada?,color_inquiry,neutral
gen_00251,bang warna toska buat jogger ready?,color_inquiry,neutral
gen_00252,kak warna mustard buat celana ada?,color_inquiry,neutral
gen_00253,min warna dusty buat sweater tersedia?,color_inquiry,neutral
gen_00254,kak warna sage buat celana ready?,color_inquiry,neutral
gen_00255,bang warna merah buat kemeja ada?,color_inquiry,neutral
gen_00256,kak warna biru buat celana tersedia?,color_inquiry,neutral
gen_00257,min warna item buat tshirt ready?,color_inquiry,neutral
gen_00258,kak warna putih buat sweater ada?,color_inquiry,positive
gen_00259,bang warna army buat sweater tersedia?,color_inquiry,neutral
gen_00260,kak warna krem buat tshirt ready?,color_inquiry,neutral
gen_00261,min warna abu buat celana ada?,color_inquiry,neutral
gen_00262,kak warna coklat buat sweater tersedia?,color_inquiry,neutral
gen_00263,bang warna navy buat celana ready?,color_inquiry,neutral
gen_00264,kak warna hijau buat kemeja ada?,color_inquiry,neutral
gen_00265,min warna maroon buat jogger tersedia?,color_inquiry,neutral
gen_00266,kak warna cream buat sweater ready?,color_inquiry,neutral
gen_00267,﻿kak warna yang item masih ready ga min?,color_inquiry,neutral
gen_00268,bang admin warna navy ada nggak?,color_inquiry,neutral
gen_00269,min warna abu abu ready gak sih kak?,color_inquiry,neutral
gen_00270,kak warna coklat ada ga bang?,color_inquiry,positive
gen_00271,bang warna putih stok masih ada min?,color_inquiry,neutral
gen_00272,kak warna army ready nggak min?,color_inquiry,neutral
gen_00273,min warna hijau ada ga kak?,color_inquiry,neutral
gen_00274,kak warna krem ready gak bang?,color_inquiry,neutral
gen_00275,bang warna cream masih ready min?,color_inquiry,neutral
gen_00276,kak warna pink ada nggak kak?,color_inquiry,neutral
gen_00277,min warna ungu ready ga bang?,color_inquiry,neutral
gen_00278,kak warna kuning ada gak min?,color_inquiry,neutral
gen_00279,bang warna merah maroon ready nggak kak?,color_inquiry,neutral
gen_00280,kak warna hitam stok ada ga min?,color_inquiry,neutral
gen_00281,min warna navy ready gak bang?,color_inquiry,neutral
gen_00282,kak warna biru ada ga bang?,color_inquiry,neutral
gen_00283,bang warna abu masih ready nggak min?,color_inquiry,neutral
gen_00284,kak warna coklat muda ada gak min?,color_inquiry,neutral
gen_00285,min warna item ready ga kak?,color_inquiry,neutral
gen_00286,kak warna putih ready nggak bang?,color_inquiry,neutral
gen_00287,bang warna army ada nggak min?,color_inquiry,neutral
gen_00288,kak warna hijau muda ready gak bang?,color_inquiry,neutral
gen_00289,min warna krem masih ada ga min?,color_inquiry,negative
gen_00290,kak warna cream ready nggak kak?,color_inquiry,neutral
gen_00291,bang warna pink ada gak bang?,color_inquiry,neutral
gen_00292,kak warna ungu ready ga min?,color_inquiry,neutral
gen_00293,min warna kuning ready gak kak?,color_inquiry,neutral
gen_00294,kak warna merah ada nggak min?,color_inquiry,neutral
gen_00295,bang warna hitam ready ga bang?,color_inquiry,negative
gen_00296,kak warna navy masih ada gak min?,color_inquiry,neutral
gen_00297,min warna biru ready nggak kak?,color_inquiry,neutral
gen_00298,kak warna abu ada ga bang?,color_inquiry,neutral
gen_00299,bang warna coklat ready gak min?,color_inquiry,neutral
gen_00300,kak warna item masih ready nggak kak?,color_inquiry,neutral
gen_00301,min warna putih ada gak bang?,color_inquiry,neutral
gen_00302,kak warna army ready ga min?,color_inquiry,neutral
gen_00303,bang warna hijau ready nggak kak?,color_inquiry,neutral
gen_00304,kak warna krem ada ga min?,color_inquiry,neutral
gen_00305,min warna cream ready gak bang?,color_inquiry,neutral
gen_00306,kak warna pink ready nggak min?,color_inquiry,neutral
gen_00307,bang warna ungu masih ada gak kak?,color_inquiry,neutral
gen_00308,kak warna kuning ready ga bang?,color_inquiry,neutral
gen_00309,min warna merah ready gak min?,color_inquiry,neutral
gen_00310,kak warna hitam ready nggak bang?,color_inquiry,neutral
gen_00311,bang warna navy ready ga kak?,color_inquiry,neutral
gen_00312,kak warna biru ready gak min?,color_inquiry,neutral
gen_00313,min warna abu ready nggak kak?,color_inquiry,neutral
gen_00314,kak warna coklat ready ga bang?,color_inquiry,neutral
gen_00315,bang warna item ada gak min?,color_inquiry,neutral
gen_00316,kak warna putih ready ga kak?,color_inquiry,neutral
gen_00317,min warna army ready nggak bang?,color_inquiry,neutral
gen_00318,kak warna hijau ready ga min?,color_inquiry,neutral
gen_00319,bang warna krem ready gak kak?,color_inquiry,neutral
gen_00320,kak warna cream ada nggak min?,color_inquiry,neutral
gen_00321,min warna pink ready ga bang?,color_inquiry,neutral
gen_00322,kak warna ungu ready nggak min?,color_inquiry,neutral
gen_00323,bang warna kuning ready ga kak?,color_inquiry,neutral
gen_00324,kak warna merah ada gak min?,color_inquiry,neutral
gen_00325,min warna hitam ready nggak bang?,color_inquiry,neutral
gen_00326,kak warna navy ready ga min?,color_inquiry,neutral
gen_00327,bang warna biru ada nggak kak?,color_inquiry,neutral
gen_00328,kak warna abu ready ga bang?,color_inquiry,neutral
gen_00329,min warna coklat ready nggak kak?,color_inquiry,neutral
gen_00330,kak warna item ready ga min?,color_inquiry,neutral
gen_00331,bang warna putih ready gak bang?,color_inquiry,neutral
gen_00332,kak warna army ada nggak min?,color_inquiry,neutral
gen_00333,min warna hijau ready ga bang?,color_inquiry,neutral
gen_00334,kak warna krem ready nggak min?,color_inquiry,neutral
gen_00335,bang warna cream ready ga kak?,color_inquiry,neutral
gen_00336,kak warna pink ada gak min?,color_inquiry,neutral
gen_00337,min warna ungu ready nggak bang?,color_inquiry,neutral
gen_00338,kak warna kuning ready ga min?,color_inquiry,neutral
gen_00339,bang warna merah ready gak kak?,color_inquiry,neutral
gen_00340,kak warna hitam ada nggak min?,color_inquiry,neutral
gen_00341,min warna navy ready ga bang?,color_inquiry,neutral
gen_00342,kak warna biru ready nggak min?,color_inquiry,neutral
gen_00343,bang warna abu ready gak kak?,color_inquiry,neutral
gen_00344,min warna item ready nggak min?,color_inquiry,neutral
gen_00345,kak warna putih ready gak bang?,color_inquiry,neutral
gen_00346,bang warna army ready ga min?,color_inquiry,neutral
gen_00347,kak warna hijau ready nggak min?,color_inquiry,neutral
gen_00348,min warna krem ready gak bang?,color_inquiry,neutral
gen_00349,kak warna cream ready ga min?,color_inquiry,negative
gen_00350,bang warna pink ready nggak kak?,color_inquiry,neutral
gen_00351,kak warna ungu ready gak min?,color_inquiry,neutral
gen_00352,min warna kuning ready nggak bang?,color_inquiry,neutral
gen_00353,kak warna merah ready gak min?,color_inquiry,neutral
gen_00354,bang warna hitam ready nggak min?,color_inquiry,neutral
gen_00355,kak warna navy ready gak bang?,color_inquiry,neutral
gen_00356,min warna biru ready nggak min?,color_inquiry,neutral
gen_00357,kak warna abu ready gak kak?,color_inquiry,neutral
gen_00358,bang warna coklat ready nggak min?,color_inquiry,neutral
gen_00359,kak warna item ready gak bang?,color_inquiry,neutral
gen_00360,min warna putih ready nggak min?,color_inquiry,positive
gen_00361,kak warna army ready gak kak?,color_inquiry,neutral
gen_00362,bang warna hijau ready nggak min?,color_inquiry,neutral
gen_00363,min warna cream ready nggak kak?,color_inquiry,neutral
gen_00364,kak warna pink ready gak min?,color_inquiry,neutral
gen_00365,bang warna ungu ready nggak min?,color_inquiry,neutral
gen_00366,kak warna kuning ready gak bang?,color_inquiry,neutral
gen_00367,min warna merah ready nggak kak?,color_inquiry,neutral
gen_00368,kak warna hitam ready gak min?,color_inquiry,neutral
gen_00369,bang warna navy ready nggak min?,color_inquiry,neutral
gen_00370,kak warna biru ready gak bang?,color_inquiry,neutral
gen_00371,kak warna coklat ready gak min?,color_inquiry,neutral
gen_00372,bang warna item ready nggak kak?,color_inquiry,neutral
gen_00373,min warna army ready nggak min?,color_inquiry,neutral
gen_00374,kak warna hijau ready gak kak?,color_inquiry,neutral
gen_00375,bang warna krem ready nggak min?,color_inquiry,neutral
gen_00376,kak warna cream ready gak bang?,color_inquiry,neutral
gen_00377,min warna pink ready nggak min?,color_inquiry,neutral
gen_00378,kak warna ungu ready gak kak?,color_inquiry,neutral
gen_00379,bang warna kuning ready nggak min?,color_inquiry,positive
gen_00380,kak warna merah ready gak bang?,color_inquiry,neutral
gen_00381,min warna hitam ready nggak kak?,color_inquiry,neutral
gen_00382,kak warna navy ready gak min?,color_inquiry,neutral
gen_00383,bang warna biru ready nggak min?,color_inquiry,neutral
gen_00384,kak warna abu ready gak bang?,color_inquiry,neutral
gen_00385,kak warna item ready gak min?,color_inquiry,neutral
gen_00386,bang warna putih ready nggak kak?,color_inquiry,neutral
gen_00387,kak warna army ready gak bang?,color_inquiry,neutral
gen_00388,﻿kak yang warna navy itu ready ga?,color_inquiry,neutral
gen_00389,kalo warna item ada gak min?,color_inquiry,neutral
gen_00390,warna putihnya masih ada gak bang?,color_inquiry,neutral
gen_00391,ada yang warna krem nggak min?,color_inquiry,neutral
gen_00392,stok warna coklat gimana kak?,color_inquiry,neutral
gen_00393,untuk warna army ada ga min?,color_inquiry,neutral
gen_00394,warna apa aja sih yang ready?,color_inquiry,neutral
gen_00395,kak warna hitamnya ready atau abis?,color_inquiry,negative
gen_00396,min item polos masih ready gak?,color_inquiry,neutral
gen_00397,bang kalo navy ada gak?,color_inquiry,neutral
gen_00398,kak abu abu nya ready ga?,color_inquiry,neutral
gen_00399,min warna cream stoknya ada?,color_inquiry,neutral
gen_00400,kak coklatnya masih ada gak?,color_inquiry,neutral
gen_00401,bang yang item ready kah?,color_inquiry,neutral
gen_00402,kak warna hijau army nya ada?,color_inquiry,neutral
gen_00403,min putihnya ready gak?,color_inquiry,neutral
gen_00404,kak krem masih ready nggak?,color_inquiry,neutral
gen_00405,bang warna biru navy ready kah?,color_inquiry,neutral
gen_00406,kak yang abu abu itu ready?,color_inquiry,neutral
gen_00407,min army masih ada gak?,color_inquiry,neutral
gen_00408,kak item ready atau udah abis?,color_inquiry,neutral
gen_00409,bang warna coklatnya ready nggak?,color_inquiry,neutral
gen_00410,kak navy ada gak yang ukuran l?,color_inquiry,neutral
gen_00411,min putih ready gak ukuran m?,color_inquiry,positive
gen_00412,kak krem ada nggak ukuran s?,color_inquiry,neutral
gen_00413,bang army ready kah ukuran xl?,color_inquiry,neutral
gen_00414,kak hijau army ada gak ukuran l?,color_inquiry,neutral
gen_00415,min item masih ready ukuran m?,color_inquiry,neutral
gen_00416,kak abu abu ready nggak ukuran l?,color_inquiry,neutral
gen_00417,bang navy ready kah ukuran m?,color_inquiry,neutral
gen_00418,kak coklat ada ukuran l gak?,color_inquiry,neutral
gen_00419,min cream ready ukuran s nggak?,color_inquiry,neutral
gen_00420,kak warna biru ada yang l gak?,color_inquiry,neutral
gen_00421,bang item ready gak yang m?,color_inquiry,neutral
gen_00422,kak putih ready kah ukuran l?,color_inquiry,neutral
gen_00423,min navy masih ada ukuran s?,color_inquiry,neutral
gen_00424,kak army ready nggak ukuran m?,color_inquiry,neutral
gen_00425,bang krem ada gak ukuran l?,color_inquiry,neutral
gen_00426,kak hijau ready kah ukuran s?,color_inquiry,neutral
gen_00427,min item ada ukuran xl gak?,color_inquiry,neutral
gen_00428,kak abu abu ready gak ukuran s?,color_inquiry,neutral
gen_00429,bang coklat ready kah ukuran l?,color_inquiry,neutral
gen_00430,kak navy ready nggak ukuran l?,color_inquiry,neutral
gen_00431,min putih ready gak yang l?,color_inquiry,neutral
gen_00432,kak krem ready kah ukuran m?,color_inquiry,neutral
gen_00433,bang army ada gak ukuran s?,color_inquiry,neutral
gen_00434,kak item ready nggak ukuran s?,color_inquiry,neutral
gen_00435,min abu abu ready kah ukuran m?,color_inquiry,neutral
gen_00436,kak coklat ready gak ukuran s?,color_inquiry,neutral
gen_00437,bang navy ready kah ukuran xl?,color_inquiry,neutral
gen_00438,kak putih ada gak ukuran s?,color_inquiry,neutral
gen_00439,min army ready nggak ukuran l?,color_inquiry,neutral
gen_00440,kak krem ready kah ukuran l?,color_inquiry,neutral
gen_00441,bang hijau ready gak ukuran m?,color_inquiry,neutral
gen_00442,kak item ready kah ukuran l?,color_inquiry,neutral
gen_00443,min abu abu ada gak ukuran l?,color_inquiry,neutral
gen_00444,kak navy ready nggak ukuran m?,color_inquiry,neutral
gen_00445,bang coklat ready kah ukuran m?,color_inquiry,neutral
gen_00446,kak putih ready gak ukuran m?,color_inquiry,neutral
gen_00447,min army ready kah ukuran m?,color_inquiry,neutral
gen_00448,bang item ready kah ukuran m?,color_inquiry,neutral
gen_00449,kak abu abu ready kah ukuran l?,color_inquiry,neutral
gen_00450,min coklat ready gak ukuran l?,color_inquiry,neutral
gen_00451,kak navy ready kah ukuran s?,color_inquiry,neutral
gen_00452,bang putih ready nggak ukuran l?,color_inquiry,neutral
gen_00453,kak army ready gak ukuran l?,color_inquiry,neutral
gen_00454,min krem ready kah ukuran m?,color_inquiry,neutral
gen_00455,kak item ada ukuran m gak?,color_inquiry,neutral
gen_00456,bang abu abu ready kah ukuran m?,color_inquiry,neutral
gen_00457,kak coklat ready kah ukuran l?,color_inquiry,neutral
gen_00458,min navy ready gak ukuran l?,color_inquiry,neutral
gen_00459,kak putih ready kah ukuran s?,color_inquiry,neutral
gen_00460,bang army ready kah ukuran l?,color_inquiry,neutral
gen_00461,kak krem ready gak ukuran l?,color_inquiry,neutral
gen_00462,min item ready kah ukuran l?,color_inquiry,neutral
gen_00463,kak abu abu ready kah ukuran s?,color_inquiry,neutral
gen_00464,bang coklat ready nggak ukuran m?,color_inquiry,negative
gen_00465,kak navy ready kah ukuran m?,color_inquiry,neutral
gen_00466,min putih ready kah ukuran l?,color_inquiry,neutral
gen_00467,bang krem ready kah ukuran s?,color_inquiry,neutral
gen_00468,kak item ready gak ukuran l?,color_inquiry,neutral
gen_00469,min abu abu ready kah ukuran l?,color_inquiry,neutral
gen_00470,kak coklat ready kah ukuran s?,color_inquiry,neutral
gen_00471,bang navy ready gak ukuran l?,color_inquiry,neutral
gen_00472,kak putih ready nggak ukuran m?,color_inquiry,neutral
gen_00473,min army ready kah ukuran l?,color_inquiry,neutral
gen_00474,bang item ready nggak ukuran m?,color_inquiry,neutral
gen_00475,kak abu abu ready kah ukuran m?,color_inquiry,neutral
gen_00476,min coklat ready gak ukuran s?,color_inquiry,neutral
gen_00477,kak navy ready kah ukuran l?,color_inquiry,neutral
gen_00478,bang putih ready gak ukuran s?,color_inquiry,neutral
gen_00479,kak army ready kah ukuran s?,color_inquiry,neutral
gen_00480,min krem ready nggak ukuran l?,color_inquiry,positive
gen_00481,kak item ready kah ukuran xl?,color_inquiry,neutral
gen_00482,bang abu abu ready kah ukuran l?,color_inquiry,neutral
gen_00483,kak coklat ready kah ukuran m?,color_inquiry,neutral
gen_00484,min navy ready kah ukuran s?,color_inquiry,neutral
gen_00485,kak putih ready kah ukuran m?,color_inquiry,neutral
gen_00486,bang army ready nggak ukuran s?,color_inquiry,neutral
gen_00487,kak krem ready kah ukuran xl?,color_inquiry,neutral
gen_00488,min item ready gak ukuran s?,color_inquiry,neutral
gen_00489,kak abu abu ready kah ukuran xl?,color_inquiry,neutral
gen_00490,kak navy ready nggak ukuran xl?,color_inquiry,neutral
gen_00491,min putih ready kah ukuran xl?,color_inquiry,neutral
gen_00492,kak army ready kah ukuran l?,color_inquiry,neutral
gen_00493,bang krem ready gak ukuran m?,color_inquiry,neutral
gen_00494,kak item ready kah ukuran s?,color_inquiry,neutral
gen_00495,min abu abu ready kah ukuran s?,color_inquiry,neutral
gen_00496,kak coklat ready nggak ukuran l?,color_inquiry,neutral
gen_00497,kak krem ready kah ukuran s?,color_inquiry,neutral
gen_00498,bang item ready kah ukuran l?,color_inquiry,neutral
gen_00499,min coklat ready kah ukuran xl?,color_inquiry,neutral
gen_00500,bang putih ready kah ukuran m?,color_inquiry,negative
gen_00501,kak army ready kah ukuran m?,color_inquiry,neutral
gen_00502,min krem ready kah ukuran l?,color_inquiry,positive
gen_00503,kak item ready nggak ukuran m?,color_inquiry,neutral
gen_00504,kak krem ready nggak ukuran m?,color_inquiry,neutral
gen_00505,min putih ready kah ukuran m?,color_inquiry,neutral
gen_00506,kak army ready nggak ukuran l?,color_inquiry,neutral
gen_00507,kak item ready kah ukuran m?,color_inquiry,neutral
gen_00508,kak coklat ready gak ukuran m?,color_inquiry,neutral
gen_00509,bang navy ready kah ukuran l?,color_inquiry,neutral
gen_00510,min army ready kah ukuran s?,color_inquiry,neutral
gen_00511,kak abu abu ready nggak ukuran m?,color_inquiry,neutral
gen_00512,﻿kak kalo item dan navy mending yang mana ya?,color_inquiry,neutral
gen_00513,bang warna abu2 sama coklat mana yang ready?,color_inquiry,neutral
gen_00514,"min item, putih, army pilih mana kak?",color_inquiry,neutral
gen_00515,kak yang paling laku warna apa nih?,color_inquiry,neutral
gen_00516,bang warna apa yang paling banyak dibeli?,color_inquiry,neutral
gen_00517,min untuk cewe biasanya pilih warna apa?,color_inquiry,neutral
gen_00518,kak warna item cocok ga buat acara resmi?,color_inquiry,neutral
gen_00519,bang warna navy buat kerja cocok ga min?,color_inquiry,neutral
gen_00520,kak warna abu abu gampang kotor ga bang?,color_inquiry,neutral
gen_00521,min warna putih buat anak kecil cocok ga?,color_inquiry,neutral
gen_00522,kak warna krem buat kulit sawo matang oke ga?,color_inquiry,neutral
gen_00523,bang warna coklat buat ke kondangan cocok?,color_inquiry,neutral
gen_00524,kak warna army lagi tren ga min?,color_inquiry,neutral
gen_00525,min warna mustard buat cowo cocok ga?,color_inquiry,neutral
gen_00526,kak warna pink buat pria aneh ga bang?,color_inquiry,neutral
gen_00527,bang warna ungu buat kaos oke ga?,color_inquiry,neutral
gen_00528,kak warna hijau sage buat cewe cocok ga?,color_inquiry,neutral
gen_00529,min warna merah maroon buat umur 30 cocok ga?,color_inquiry,neutral
gen_00530,kak warna kuning buat dipakai ngantor gimana?,color_inquiry,neutral
gen_00531,bang warna cream buat kuliah cocok ga min?,color_inquiry,neutral
gen_00532,kak warna toska buat kemeja cocok ga?,color_inquiry,neutral
gen_00533,min warna dusty pink buat hoodie cocok ga?,color_inquiry,neutral
gen_00534,"kak warna item item aja bosen, ada warna lain?",color_inquiry,neutral
gen_00535,bang warna biru tua sama navy bedanya apa?,color_inquiry,neutral
gen_00536,kak warna putih ready yang polos ga?,color_inquiry,neutral
gen_00537,min warna coklat tua ada gak?,color_inquiry,neutral
gen_00538,kak warna abu abu muda ready gak?,color_inquiry,neutral
gen_00539,bang warna hitam doff ada nggak?,color_inquiry,neutral
gen_00540,kak warna hijau army matte ready?,color_inquiry,neutral
gen_00541,min warna cream polos masih ada?,color_inquiry,neutral
gen_00542,kak warna item mengkilap ada gak?,color_inquiry,neutral
gen_00543,bang warna navy biru gelap ready?,color_inquiry,neutral
gen_00544,kak warna coklat muda creamy ada?,color_inquiry,neutral
gen_00545,min warna abu gelap ready gak?,color_inquiry,neutral
gen_00546,kak warna putih bersih masih ready?,color_inquiry,neutral
gen_00547,bang warna krem kecoklatan ada?,color_inquiry,neutral
gen_00548,kak warna army ijo lumut ready?,color_inquiry,neutral
gen_00549,min warna mustard kekuningan ada?,color_inquiry,neutral
gen_00550,kak warna pink pastel ready gak?,color_inquiry,neutral
gen_00551,bang warna ungu tua masih ada?,color_inquiry,neutral
gen_00552,kak warna hijau muda segar ready?,color_inquiry,negative
gen_00553,min warna merah menyala ada gak?,color_inquiry,neutral
gen_00554,kak warna biru cerah ready nggak?,color_inquiry,neutral
gen_00555,bang warna kuning cerah masih ready?,color_inquiry,neutral
gen_00556,kak warna cream lembut ready gak?,color_inquiry,neutral
gen_00557,min warna item pekat ada nggak?,color_inquiry,positive
gen_00558,kak warna putih gading ready?,color_inquiry,neutral
gen_00559,bang warna coklat susu masih ada?,color_inquiry,neutral
gen_00560,kak warna abu biru ready gak?,color_inquiry,neutral
gen_00561,min warna navy tua pekat ada?,color_inquiry,neutral
gen_00562,kak warna hijau daun ready nggak?,color_inquiry,neutral
gen_00563,bang warna krem gading masih ready?,color_inquiry,neutral
gen_00564,kak warna pink blush ready gak?,color_inquiry,neutral
gen_00565,min warna ungu lavender ada nggak?,color_inquiry,neutral
gen_00566,kak warna mustard senada ready?,color_inquiry,neutral
gen_00567,bang warna sage hijau abu ready?,color_inquiry,neutral
gen_00568,kak warna toska biru hijau ada gak?,color_inquiry,neutral
gen_00569,min warna dusty rose ready nggak?,color_inquiry,neutral
gen_00570,kak warna maroon kecoklatan ada?,color_inquiry,neutral
gen_00571,bang warna cream gading masih ready?,color_inquiry,neutral
gen_00572,kak warna item biru kehitaman ready?,color_inquiry,neutral
gen_00573,min warna navy abu biru ada?,color_inquiry,neutral
gen_00574,kak warna coklat karamel ready gak?,color_inquiry,neutral
gen_00575,bang warna army kehijauan masih ada?,color_inquiry,neutral
gen_00576,kak warna hijau rumput ready?,color_inquiry,neutral
gen_00577,min warna kuning mustard ada gak?,color_inquiry,neutral
gen_00578,kak warna merah bata ready nggak?,color_inquiry,negative
gen_00579,bang warna biru langit masih ready?,color_inquiry,neutral
gen_00580,kak warna ungu anggur ada?,color_inquiry,neutral
gen_00581,min warna pink salmon ready gak?,color_inquiry,neutral
gen_00582,kak warna cream krem muda ready?,color_inquiry,neutral
gen_00583,bang warna item arang masih ada?,color_inquiry,positive
gen_00584,kak warna putih tulang ready?,color_inquiry,neutral
gen_00585,min warna coklat coklat kayu ada?,color_inquiry,neutral
gen_00586,kak warna abu arang ready nggak?,color_inquiry,neutral
gen_00587,bang warna navy biru malam masih ready?,color_inquiry,neutral
gen_00588,kak warna hijau botol ready?,color_inquiry,neutral
gen_00589,min warna mustard senada ready gak?,color_inquiry,neutral
gen_00590,kak warna sage muda masih ada?,color_inquiry,neutral
gen_00591,bang warna toska tua ready?,color_inquiry,neutral
gen_00592,kak warna dusty lilac ada nggak?,color_inquiry,neutral
gen_00593,min warna maroon gelap ready?,color_inquiry,neutral
gen_00594,kak warna cream susu masih ready?,color_inquiry,neutral
gen_00595,bang warna item pekat mengkilap ada?,color_inquiry,neutral
gen_00596,kak warna putih susu ready gak?,color_inquiry,neutral
gen_00597,min warna coklat mocha ada?,color_inquiry,neutral
gen_00598,kak warna abu kebiruan ready?,color_inquiry,neutral
gen_00599,bang warna navy keunguan masih ada?,color_inquiry,neutral
gen_00600,kak warna hijau lumut ready gak?,color_inquiry,neutral
gen_00601,min warna kuning cerah muda ada?,color_inquiry,neutral
gen_00602,kak warna merah cherry ready?,color_inquiry,negative
gen_00603,bang warna biru cobalt masih ready?,color_inquiry,neutral
gen_00604,kak warna ungu plum ada gak?,color_inquiry,neutral
gen_00605,min warna pink cerah ready?,color_inquiry,neutral
gen_00606,kak warna cream kekuningan masih ada?,color_inquiry,neutral
gen_00607,bang warna item glossy ready?,color_inquiry,neutral
gen_00608,kak warna putih bersih polos ada?,color_inquiry,neutral
gen_00609,min warna coklat hazel ready gak?,color_inquiry,neutral
gen_00610,kak warna abu kehijauan ada?,color_inquiry,neutral
gen_00611,bang warna navy pekat ready?,color_inquiry,neutral
gen_00612,kak warna hijau muda mint masih ready?,color_inquiry,neutral
gen_00613,min warna mustard tua ada?,color_inquiry,neutral
gen_00614,kak warna sage kehijauan ready gak?,color_inquiry,neutral
gen_00615,bang warna toska pastel masih ada?,color_inquiry,neutral
gen_00616,kak warna dusty pink muda ready?,color_inquiry,neutral
gen_00617,min warna maroon kehitaman ada?,color_inquiry,neutral
gen_00618,kak warna cream lembut polos ready?,color_inquiry,neutral
gen_00619,bang warna item matte masih ready?,color_inquiry,neutral
gen_00620,kak warna putih boneka ada?,color_inquiry,neutral
gen_00621,min warna coklat walnut ready gak?,color_inquiry,positive
gen_00622,kak warna abu gelap pekat ada?,color_inquiry,neutral
gen_00623,bang warna navy tua gelap ready?,color_inquiry,neutral
gen_00624,kak warna hijau gelap masih ready?,color_inquiry,neutral
gen_00625,min warna kuning pucat ada?,color_inquiry,neutral
gen_00626,kak warna merah tua ready?,color_inquiry,neutral
gen_00627,bang warna biru gelap masih ada?,color_inquiry,neutral
gen_00628,kak warna ungu muda ready gak?,color_inquiry,neutral
gen_00629,min warna pink muda lembut ada?,color_inquiry,neutral
gen_00630,kak warna cream polos ready?,color_inquiry,neutral
gen_00631,bang warna item metalik masih ready?,color_inquiry,neutral
gen_00632,kak warna putih polos ready gak?,color_inquiry,neutral
gen_00633,min warna coklat muda krem ada?,color_inquiry,neutral
gen_00634,kak warna abu muda polos ready?,color_inquiry,neutral
gen_00635,bang warna navy polos masih ada?,color_inquiry,neutral
gen_00636,kak warna hijau polos ready?,color_inquiry,neutral
gen_00637,min warna mustard polos ada gak?,color_inquiry,neutral
gen_00638,kak warna sage polos ready?,color_inquiry,neutral
gen_00639,bang warna toska polos masih ready?,color_inquiry,neutral
gen_00640,kak warna dusty polos ada?,color_inquiry,neutral
gen_00641,min warna maroon polos ready?,color_inquiry,neutral
gen_00642,kak warna cream polos ready gak?,color_inquiry,positive
gen_00643,bang warna item polos masih ready?,color_inquiry,neutral
gen_00644,kak warna putih polos ada?,color_inquiry,neutral
gen_00645,min warna coklat polos ready?,color_inquiry,neutral
gen_00646,kak warna abu polos masih ready?,color_inquiry,neutral
gen_00647,bang warna navy polos ready gak?,color_inquiry,neutral
gen_00648,kak warna hijau polos ada nggak?,color_inquiry,neutral
gen_00649,min warna kuning polos ready?,color_inquiry,neutral
gen_00650,kak warna merah polos masih ada?,color_inquiry,neutral
gen_00651,bang warna biru polos ready?,color_inquiry,neutral
gen_00652,kak warna ungu polos ada?,color_inquiry,neutral
gen_00653,min warna pink polos ready gak?,color_inquiry,neutral
gen_00654,kak warna cream polos ada nggak?,color_inquiry,neutral
gen_00655,bang warna item polos ready?,color_inquiry,neutral
gen_00656,min warna coklat polos ada?,color_inquiry,neutral
gen_00657,kak warna abu polos ready nggak?,color_inquiry,neutral
gen_00658,﻿kak warna item abis kah?,color_inquiry,neutral
gen_00659,bang putih ready nggak hari ini?,color_inquiry,neutral
gen_00660,min navy masih ready atau udah abis?,color_inquiry,neutral
gen_00661,kak coklat ready gak hari ini?,color_inquiry,neutral
gen_00662,bang krem masih ada stoknya?,color_inquiry,neutral
gen_00663,kak hijau army abis belum min?,color_inquiry,neutral
gen_00664,min abu abu ready apa abis?,color_inquiry,neutral
gen_00665,kak cream masih ready kah?,color_inquiry,neutral
gen_00666,bang item ready hari ini?,color_inquiry,neutral
gen_00667,kak mustard abis gak min?,color_inquiry,neutral
gen_00668,min pink ready apa abis hari ini?,color_inquiry,neutral
gen_00669,kak ungu masih ada kah?,color_inquiry,neutral
gen_00670,bang kuning abis belum?,color_inquiry,neutral
gen_00671,kak merah maroon ready hari ini?,color_inquiry,neutral
gen_00672,min biru navy abis kah?,color_inquiry,neutral
gen_00673,kak toska masih ready gak?,color_inquiry,neutral
gen_00674,bang sage ready hari ini apa abis?,color_inquiry,neutral
gen_00675,kak dusty abis belum min?,color_inquiry,neutral
gen_00676,min hijau muda masih ada kah?,color_inquiry,neutral
gen_00677,kak warna item ready berapa stoknya?,color_inquiry,neutral
gen_00678,bang navy stoknya masih banyak gak?,color_inquiry,neutral
gen_00679,min abu abu masih sisa berapa?,color_inquiry,neutral
gen_00680,kak coklat ready berapa biji?,color_inquiry,neutral
gen_00681,bang krem stoknya tinggal berapa?,color_inquiry,neutral
gen_00682,kak army sisa berapa ukuran l?,color_inquiry,neutral
gen_00683,min item tinggal berapa ukuran m?,color_inquiry,positive
gen_00684,kak putih sisa berapa ukuran l?,color_inquiry,neutral
gen_00685,bang navy tinggal berapa ukuran m?,color_inquiry,neutral
gen_00686,kak coklat sisa berapa ukuran s?,color_inquiry,neutral
gen_00687,min krem tinggal berapa ukuran l?,color_inquiry,neutral
gen_00688,kak hijau sisa berapa ukuran m?,color_inquiry,neutral
gen_00689,bang abu abu tinggal berapa ukuran l?,color_inquiry,positive
gen_00690,kak cream sisa berapa ukuran xl?,color_inquiry,neutral
gen_00691,min item tinggal berapa ukuran xl?,color_inquiry,neutral
gen_00692,kak putih sisa berapa ukuran m?,color_inquiry,neutral
gen_00693,bang navy tinggal berapa ukuran l?,color_inquiry,neutral
gen_00694,kak coklat sisa berapa ukuran xl?,color_inquiry,neutral
gen_00695,min krem tinggal berapa ukuran m?,color_inquiry,neutral
gen_00696,kak army sisa berapa ukuran xl?,color_inquiry,neutral
gen_00697,bang hijau tinggal berapa ukuran l?,color_inquiry,neutral
gen_00698,kak abu abu sisa berapa ukuran m?,color_inquiry,neutral
gen_00699,min cream tinggal berapa ukuran l?,color_inquiry,neutral
gen_00700,kak item sisa berapa ukuran s?,color_inquiry,negative
gen_00701,bang putih tinggal berapa ukuran xl?,color_inquiry,neutral
gen_00702,kak navy sisa berapa ukuran s?,color_inquiry,neutral
gen_00703,min coklat tinggal berapa ukuran l?,color_inquiry,neutral
gen_00704,kak krem sisa berapa ukuran xl?,color_inquiry,neutral
gen_00705,bang army tinggal berapa ukuran m?,color_inquiry,neutral
gen_00706,kak hijau sisa berapa ukuran s?,color_inquiry,neutral
gen_00707,min abu abu tinggal berapa ukuran xl?,color_inquiry,neutral
gen_00708,kak cream sisa berapa ukuran m?,color_inquiry,neutral
gen_00709,bang item tinggal berapa ukuran l?,color_inquiry,neutral
gen_00710,kak putih sisa berapa ukuran s?,color_inquiry,negative
gen_00711,min navy tinggal berapa ukuran xl?,color_inquiry,neutral
gen_00712,kak coklat sisa berapa ukuran m?,color_inquiry,neutral
gen_00713,bang krem tinggal berapa ukuran s?,color_inquiry,neutral
gen_00714,min hijau tinggal berapa ukuran xl?,color_inquiry,neutral
gen_00715,kak abu abu sisa berapa ukuran s?,color_inquiry,neutral
gen_00716,bang cream tinggal berapa ukuran m?,color_inquiry,neutral
gen_00717,kak item sisa berapa ukuran m?,color_inquiry,neutral
gen_00718,min putih tinggal berapa ukuran l?,color_inquiry,neutral
gen_00719,kak navy sisa berapa ukuran m?,color_inquiry,neutral
gen_00720,bang coklat tinggal berapa ukuran xl?,color_inquiry,neutral
gen_00721,kak krem sisa berapa ukuran m?,color_inquiry,neutral
gen_00722,min army tinggal berapa ukuran s?,color_inquiry,neutral
gen_00723,kak cream sisa berapa ukuran s?,color_inquiry,neutral
gen_00724,min item tinggal berapa ukuran l?,color_inquiry,neutral
gen_00725,kak coklat sisa berapa ukuran l?,color_inquiry,neutral
gen_00726,kak army sisa berapa ukuran m?,color_inquiry,neutral
gen_00727,bang hijau tinggal berapa ukuran m?,color_inquiry,neutral
gen_00728,min cream tinggal berapa ukuran xl?,color_inquiry,neutral
gen_00729,kak item sisa berapa ukuran xl?,color_inquiry,positive
gen_00730,bang putih tinggal berapa ukuran l?,color_inquiry,neutral
gen_00731,kak navy sisa berapa ukuran xl?,color_inquiry,neutral
gen_00732,min coklat tinggal berapa ukuran s?,color_inquiry,neutral
gen_00733,kak krem sisa berapa ukuran s?,color_inquiry,neutral
gen_00734,bang army tinggal berapa ukuran xl?,color_inquiry,neutral
gen_00735,kak hijau sisa berapa ukuran l?,color_inquiry,neutral
gen_00736,min abu abu tinggal berapa ukuran s?,color_inquiry,neutral
gen_00737,kak cream sisa berapa ukuran l?,color_inquiry,neutral
gen_00738,bang item tinggal berapa ukuran s?,color_inquiry,neutral
gen_00739,kak putih sisa berapa ukuran xl?,color_inquiry,neutral
gen_00740,min navy tinggal berapa ukuran l?,color_inquiry,neutral
gen_00741,bang krem tinggal berapa ukuran l?,color_inquiry,neutral
gen_00742,kak army sisa berapa ukuran s?,color_inquiry,neutral
gen_00743,min hijau tinggal berapa ukuran m?,color_inquiry,neutral
gen_00744,kak abu abu sisa berapa ukuran l?,color_inquiry,neutral
gen_00745,kak item sisa berapa ukuran l?,color_inquiry,neutral
gen_00746,min putih tinggal berapa ukuran s?,color_inquiry,neutral
gen_00747,bang coklat tinggal berapa ukuran l?,color_inquiry,neutral
gen_00748,min army tinggal berapa ukuran l?,color_inquiry,neutral
gen_00749,bang abu abu tinggal berapa ukuran m?,color_inquiry,neutral
gen_00750,bang navy tinggal berapa ukuran s?,color_inquiry,neutral
gen_00751,min cream tinggal berapa ukuran m?,color_inquiry,neutral
gen_00752,kak navy sisa berapa ukuran l?,color_inquiry,neutral
gen_00753,min coklat tinggal berapa ukuran m?,color_inquiry,neutral
gen_00754,kak krem sisa berapa ukuran l?,color_inquiry,neutral
gen_00755,min abu abu tinggal berapa ukuran l?,color_inquiry,neutral
gen_00756,bang item tinggal berapa ukuran m?,color_inquiry,neutral
gen_00757,min navy tinggal berapa ukuran m?,color_inquiry,neutral
gen_00758,bang krem tinggal berapa ukuran m?,color_inquiry,neutral
gen_00759,min hijau tinggal berapa ukuran s?,color_inquiry,neutral
gen_00760,bang cream tinggal berapa ukuran l?,color_inquiry,neutral
gen_00761,﻿kak kaos warna item ready gak?,color_inquiry,neutral
gen_00762,bang kemeja warna navy masih ada?,color_inquiry,neutral
gen_00763,min hoodie warna abu abu ready?,color_inquiry,neutral
gen_00764,kak sweater warna coklat ada gak?,color_inquiry,neutral
gen_00765,bang jogger warna army ready nggak?,color_inquiry,neutral
gen_00766,kak celana warna hitam masih ready?,color_inquiry,neutral
gen_00767,min tshirt warna putih ada gak?,color_inquiry,neutral
gen_00768,kak dress warna pink ready?,color_inquiry,neutral
gen_00769,bang kaos warna kuning masih ada?,color_inquiry,neutral
gen_00770,kak kemeja flanel warna merah ready?,color_inquiry,neutral
gen_00771,min hoodie warna krem ada gak?,color_inquiry,neutral
gen_00772,kak sweater warna hijau ready nggak?,color_inquiry,neutral
gen_00773,bang jogger warna cream masih ready?,color_inquiry,neutral
gen_00774,kak celana jogger warna navy ada?,color_inquiry,neutral
gen_00775,min kaos polos warna item ready?,color_inquiry,neutral
gen_00776,kak kemeja warna biru masih ada?,color_inquiry,neutral
gen_00777,bang hoodie warna mustard ready?,color_inquiry,neutral
gen_00778,kak sweater warna ungu ada gak?,color_inquiry,neutral
gen_00779,min jogger warna toska ready nggak?,color_inquiry,neutral
gen_00780,kak celana chino warna coklat masih ready?,color_inquiry,neutral
gen_00781,bang tshirt warna sage ada gak?,color_inquiry,positive
gen_00782,kak dress warna maroon ready?,color_inquiry,neutral
gen_00783,min kaos warna dusty pink masih ada?,color_inquiry,neutral
gen_00784,kak kemeja warna putih polos ready?,color_inquiry,neutral
gen_00785,bang hoodie warna army ijo ada?,color_inquiry,neutral
gen_00786,kak sweater warna abu muda ready gak?,color_inquiry,neutral
gen_00787,min jogger warna hitam polos masih ready?,color_inquiry,neutral
gen_00788,kak celana warna navy gelap ada?,color_inquiry,neutral
gen_00789,bang kaos polos warna cream ready?,color_inquiry,neutral
gen_00790,kak kemeja warna coklat muda masih ada?,color_inquiry,neutral
gen_00791,min hoodie warna hijau muda ready?,color_inquiry,neutral
gen_00792,kak sweater warna mustard tua ada gak?,color_inquiry,neutral
gen_00793,bang jogger warna krem polos ready?,color_inquiry,neutral
gen_00794,kak celana warna biru tua masih ready?,color_inquiry,neutral
gen_00795,min tshirt warna item polos ada?,color_inquiry,neutral
gen_00796,kak dress warna cream lembut ready?,color_inquiry,neutral
gen_00797,bang kaos warna merah menyala masih ada?,color_inquiry,neutral
gen_00798,kak kemeja warna navy pekat ready?,color_inquiry,neutral
gen_00799,min hoodie warna abu gelap ada gak?,color_inquiry,neutral
gen_00800,kak sweater warna putih bersih ready?,color_inquiry,neutral
gen_00801,bang jogger warna coklat susu masih ready?,color_inquiry,neutral
gen_00802,kak celana warna hijau army ada?,color_inquiry,neutral
gen_00803,min tshirt warna pink pastel ready nggak?,color_inquiry,neutral
gen_00804,kak kaos polos warna mustard senada masih ada?,color_inquiry,neutral
gen_00805,bang kemeja warna sage muda ready?,color_inquiry,neutral
gen_00806,kak hoodie warna toska pastel ada gak?,color_inquiry,neutral
gen_00807,min sweater warna dusty rose ready?,color_inquiry,neutral
gen_00808,kak jogger warna maroon gelap masih ready?,color_inquiry,neutral
gen_00809,bang celana warna cream gading ada?,color_inquiry,neutral
gen_00810,kak kaos warna item matte ready gak?,color_inquiry,neutral
gen_00811,min kemeja warna putih tulang masih ada?,color_inquiry,neutral
gen_00812,kak hoodie warna navy abu ready?,color_inquiry,positive
gen_00813,bang sweater warna coklat mocha ada gak?,color_inquiry,neutral
gen_00814,kak jogger warna army matte ready?,color_inquiry,neutral
gen_00815,min celana warna kuning mustard masih ada?,color_inquiry,neutral
gen_00816,kak tshirt warna hijau botol ready?,color_inquiry,neutral
gen_00817,bang dress warna ungu lavender ada gak?,color_inquiry,neutral
gen_00818,kak kaos warna merah bata ready?,color_inquiry,neutral
gen_00819,min kemeja warna biru langit masih ready?,color_inquiry,neutral
gen_00820,kak hoodie warna cream kekuningan ada?,color_inquiry,neutral
gen_00821,bang sweater warna item glossy ready?,color_inquiry,neutral
gen_00822,kak jogger warna putih susu masih ada?,color_inquiry,neutral
gen_00823,min celana warna coklat karamel ready?,color_inquiry,neutral
gen_00824,kak tshirt warna sage kehijauan ada gak?,color_inquiry,neutral
gen_00825,bang kaos polos warna navy tua ready?,color_inquiry,neutral
gen_00826,kak kemeja warna abu kebiruan masih ada?,color_inquiry,neutral
gen_00827,min hoodie warna hijau rumput ready?,color_inquiry,neutral
gen_00828,kak sweater warna pink cerah ada?,color_inquiry,neutral
gen_00829,bang jogger warna mustard kekuningan ready?,color_inquiry,neutral
gen_00830,kak celana warna item biru kehitaman masih ada?,color_inquiry,neutral
gen_00831,min tshirt warna cream polos ready?,color_inquiry,neutral
gen_00832,kak kaos warna putih gading ada gak?,color_inquiry,neutral
gen_00833,bang kemeja warna coklat hazel ready?,color_inquiry,neutral
gen_00834,kak hoodie warna army kehijauan masih ada?,color_inquiry,neutral
gen_00835,min sweater warna ungu anggur ready?,color_inquiry,neutral
gen_00836,kak jogger warna abu kehijauan ada?,color_inquiry,neutral
gen_00837,bang celana warna biru cobalt ready gak?,color_inquiry,neutral
gen_00838,kak tshirt warna item arang masih ada?,color_inquiry,neutral
gen_00839,min kaos polos warna mustard polos ready?,color_inquiry,neutral
gen_00840,kak kemeja warna toska biru hijau ada gak?,color_inquiry,neutral
gen_00841,bang hoodie warna sage polos ready?,color_inquiry,neutral
gen_00842,kak sweater warna maroon kecoklatan masih ada?,color_inquiry,neutral
gen_00843,min jogger warna dusty lilac ready?,color_inquiry,neutral
gen_00844,kak celana warna pink blush ada gak?,color_inquiry,neutral
gen_00845,bang tshirt warna hijau muda mint ready?,color_inquiry,neutral
gen_00846,kak kaos warna navy biru malam masih ada?,color_inquiry,neutral
gen_00847,min kemeja warna cream muda ready?,color_inquiry,neutral
gen_00848,kak hoodie warna coklat walnut ada gak?,color_inquiry,neutral
gen_00849,bang sweater warna item pekat ready?,color_inquiry,neutral
gen_00850,kak jogger warna putih boneka masih ada?,color_inquiry,neutral
gen_00851,min celana warna kuning pucat ready?,color_inquiry,neutral
gen_00852,kak tshirt warna merah tua ada gak?,color_inquiry,neutral
gen_00853,bang kaos polos warna abu muda polos ready?,color_inquiry,positive
gen_00854,kak kemeja warna ungu muda masih ada?,color_inquiry,neutral
gen_00855,min hoodie warna toska gelap ready?,color_inquiry,neutral
gen_00856,kak sweater warna mustard tua gelap ada?,color_inquiry,neutral
gen_00857,bang jogger warna cream muda ready gak?,color_inquiry,neutral
gen_00858,kak celana warna hijau gelap masih ready?,color_inquiry,neutral
gen_00859,min tshirt warna item metalik ada?,color_inquiry,negative
gen_00860,kak kaos warna navy pekat polos ready?,color_inquiry,neutral
gen_00861,bang kemeja warna coklat kayu masih ada?,color_inquiry,neutral
gen_00862,kak hoodie warna sage muda polos ready?,color_inquiry,neutral
gen_00863,min sweater warna pink salmon ada gak?,color_inquiry,neutral
gen_00864,kak jogger warna abu polos ready?,color_inquiry,neutral
gen_00865,bang celana warna mustard gelap masih ada?,color_inquiry,neutral
gen_00866,kak tshirt warna toska muda polos ready?,color_inquiry,neutral
gen_00867,min kaos polos warna item polos ready?,color_inquiry,neutral
gen_00868,kak kemeja warna putih polos lembut masih ada?,color_inquiry,neutral
gen_00869,bang hoodie warna navy tua polos ready?,color_inquiry,neutral
gen_00870,kak sweater warna cream polos ada?,color_inquiry,neutral
gen_00871,min jogger warna coklat polos ready?,color_inquiry,neutral
gen_00872,kak celana warna hijau polos masih ada?,color_inquiry,negative
gen_00873,bang tshirt warna kuning polos ready?,color_inquiry,positive
gen_00874,kak kaos warna merah polos ada gak?,color_inquiry,neutral
gen_00875,min kemeja warna biru polos ready?,color_inquiry,neutral
gen_00876,kak hoodie warna ungu polos masih ada?,color_inquiry,neutral
gen_00877,bang sweater warna pink polos ready?,color_inquiry,neutral
gen_00878,kak jogger warna sage polos ada gak?,color_inquiry,neutral
gen_00879,min celana warna mustard polos ready?,color_inquiry,neutral
gen_00880,kak tshirt warna dusty polos masih ada?,color_inquiry,neutral
gen_00881,bang kaos warna item polos ready?,color_inquiry,negative
gen_00882,kak kemeja warna navy polos ready gak?,color_inquiry,neutral
gen_00883,min hoodie warna abu polos ada?,color_inquiry,neutral
gen_00884,kak sweater warna coklat polos ready nggak?,color_inquiry,neutral
gen_00885,bang jogger warna cream polos masih ready?,color_inquiry,neutral
gen_00886,kak celana warna hijau polos ready?,color_inquiry,neutral
gen_00887,min tshirt warna toska polos ada gak?,color_inquiry,neutral
gen_00888,kak kaos polos warna putih polos ready?,color_inquiry,neutral
gen_00889,bang kemeja warna mustard polos ada?,color_inquiry,neutral
gen_00890,kak hoodie warna sage polos ready gak?,color_inquiry,neutral
gen_00891,﻿kak warna item buat laki laki cocok ga ya?,color_inquiry,neutral
gen_00892,bang warna navy buat pria 30an oke gak?,color_inquiry,neutral
gen_00893,min warna abu abu buat cewe 20an cocok?,color_inquiry,neutral
gen_00894,kak warna coklat buat cowo kuliahan cocok gak?,color_inquiry,neutral
gen_00895,bang warna army buat pria kerja cocok nggak?,color_inquiry,neutral
gen_00896,kak warna putih buat cewe gemuk cocok gak?,color_inquiry,neutral
gen_00897,min warna krem buat cowo pendek cocok ga?,color_inquiry,neutral
gen_00898,kak warna hijau buat pria berkulit gelap cocok?,color_inquiry,neutral
gen_00899,bang warna cream buat cewe tinggi cocok gak?,color_inquiry,neutral
gen_00900,kak warna pink buat cowo berani cocok ga sih?,color_inquiry,neutral
gen_00901,min warna ungu buat pria tua cocok nggak?,color_inquiry,neutral
gen_00902,kak warna kuning buat cowo muda cocok gak?,color_inquiry,negative
gen_00903,bang warna merah buat pria dewasa cocok?,color_inquiry,neutral
gen_00904,kak warna biru buat cewe putih cocok gak?,color_inquiry,neutral
gen_00905,min warna toska buat cowo santai cocok?,color_inquiry,neutral
gen_00906,kak warna mustard buat pria hipster cocok gak?,color_inquiry,neutral
gen_00907,bang warna sage buat cowo korea style cocok?,color_inquiry,neutral
gen_00908,kak warna dusty buat cewe kalem cocok gak?,color_inquiry,neutral
gen_00909,min warna maroon buat cowo tegas cocok?,color_inquiry,neutral
gen_00910,kak warna cream buat pria melayu cocok gak?,color_inquiry,neutral
gen_00911,bang warna item buat cowo kecewa cocok ga? haha,color_inquiry,neutral
gen_00912,kak warna navy buat cewe kantoran cocok gak?,color_inquiry,neutral
gen_00913,min warna abu buat cowo sporty cocok?,color_inquiry,neutral
gen_00914,kak warna coklat buat pria pemalu cocok ga?,color_inquiry,neutral
gen_00915,bang warna army buat cowo pendaki cocok?,color_inquiry,neutral
gen_00916,kak warna putih buat cewe keringatan cocok ga?,color_inquiry,neutral
gen_00917,min warna krem buat cowo santai cocok?,color_inquiry,neutral
gen_00918,kak warna hijau buat pria santuy cocok ga?,color_inquiry,neutral
gen_00919,bang warna cream buat cewe manis cocok gak?,color_inquiry,neutral
gen_00920,kak warna pink buat cowo supel cocok ga?,color_inquiry,neutral
gen_00921,min warna ungu buat pria bijak cocok?,color_inquiry,neutral
gen_00922,kak warna kuning buat cowo ceria cocok ga?,color_inquiry,neutral
gen_00923,bang warna merah buat pria percaya diri cocok?,color_inquiry,neutral
gen_00924,kak warna biru buat cewe kalem cocok ga?,color_inquiry,neutral
gen_00925,min warna toska buat cowo muda cocok?,color_inquiry,neutral
gen_00926,kak warna mustard buat pria old money cocok gak?,color_inquiry,negative
gen_00927,bang warna sage buat cowo aesthetic cocok?,color_inquiry,neutral
gen_00928,kak warna dusty buat cewe soft girl cocok gak?,color_inquiry,neutral
gen_00929,min warna maroon buat cowo elegan cocok?,color_inquiry,neutral
gen_00930,kak warna cream buat pria minimalis cocok gak?,color_inquiry,neutral
gen_00931,bang warna item buat cewe badass cocok?,color_inquiry,neutral
gen_00932,kak warna navy buat cowo preman cocok ga? bercanda min,color_inquiry,neutral
gen_00933,min warna abu buat cewe tomboy cocok?,color_inquiry,neutral
gen_00934,kak warna coklat buat pria hangat cocok gak?,color_inquiry,neutral
gen_00935,bang warna army buat cowo militer style cocok?,color_inquiry,neutral
gen_00936,kak warna putih buat cewe innocent cocok ga?,color_inquiry,neutral
gen_00937,min warna krem buat cowo bosan pake item cocok?,color_inquiry,neutral
gen_00938,kak warna hijau buat pria calm cocok gak?,color_inquiry,neutral
gen_00939,bang warna cream buat cewe sweet cocok?,color_inquiry,neutral
gen_00940,kak warna pink buat cowo berani beda cocok ga?,color_inquiry,neutral
gen_00941,min warna ungu buat pria misterius cocok?,color_inquiry,neutral
gen_00942,kak warna kuning buat cowo cheerful cocok gak?,color_inquiry,neutral
gen_00943,bang warna merah buat pria bold cocok?,color_inquiry,neutral
gen_00944,kak warna biru buat cewe trust cocok ga?,color_inquiry,neutral
gen_00945,min warna toska buat cowo fresh cocok?,color_inquiry,neutral
gen_00946,kak warna mustard buat pria vintage cocok gak?,color_inquiry,neutral
gen_00947,bang warna sage buat cowo nature lover cocok?,color_inquiry,neutral
gen_00948,kak warna dusty buat cewe dreamy cocok gak?,color_inquiry,neutral
gen_00949,min warna maroon buat cowo gentle cocok?,color_inquiry,neutral
gen_00950,kak warna cream buat pria chic cocok gak?,color_inquiry,neutral
gen_00951,bang warna item buat cowo badboy cocok?,color_inquiry,neutral
gen_00952,kak warna navy buat pria rapi cocok gak?,color_inquiry,neutral
gen_00953,min warna abu buat cowo netral cocok?,color_inquiry,neutral
gen_00954,kak warna coklat buat pria earthy cocok ga?,color_inquiry,neutral
gen_00955,bang warna army buat cowo rugged cocok?,color_inquiry,positive
gen_00956,kak warna putih buat cowo clean cocok gak?,color_inquiry,neutral
gen_00957,min warna krem buat pria warm cocok?,color_inquiry,neutral
gen_00958,kak warna hijau buat cowo nature cocok ga?,color_inquiry,neutral
gen_00959,bang warna cream buat cowo soft cocok?,color_inquiry,neutral
gen_00960,kak warna pink buat cowo playful cocok gak?,color_inquiry,neutral
gen_00961,min warna ungu buat cowo creative cocok?,color_inquiry,neutral
gen_00962,kak warna kuning buat cowo sunny cocok ga?,color_inquiry,neutral
gen_00963,bang warna merah buat cowo passionate cocok?,color_inquiry,neutral
gen_00964,kak warna biru buat cowo calm cocok gak?,color_inquiry,neutral
gen_00965,min warna toska buat cowo cool cocok?,color_inquiry,neutral
gen_00966,kak warna mustard buat cowo retro cocok gak?,color_inquiry,neutral
gen_00967,bang warna sage buat cowo zen cocok?,color_inquiry,neutral
gen_00968,kak warna dusty buat cowo muted cocok gak?,color_inquiry,neutral
gen_00969,min warna maroon buat cowo rich cocok?,color_inquiry,negative
gen_00970,kak warna cream buat cowo milky cocok ga?,color_inquiry,neutral
gen_00971,bang warna item buat cowo edgy cocok?,color_inquiry,neutral
gen_00972,kak warna navy buat cowo classic cocok gak?,color_inquiry,neutral
gen_00973,min warna abu buat cowo urban cocok?,color_inquiry,neutral
gen_00974,kak warna coklat buat cowo tanah cocok ga?,color_inquiry,neutral
gen_00975,bang warna army buat cowo scout cocok?,color_inquiry,positive
gen_00976,kak warna putih buat cowo angel cocok gak?,color_inquiry,neutral
gen_00977,min warna krem buat cowo beige cocok?,color_inquiry,neutral
gen_00978,kak warna hijau buat cowo leaf cocok ga?,color_inquiry,neutral
gen_00979,bang warna cream buat cowo vanilla cocok?,color_inquiry,neutral
gen_00980,kak warna pink buat cowo sweet cocok gak?,color_inquiry,neutral
gen_00981,min warna ungu buat cowo dream cocok?,color_inquiry,neutral
gen_00982,kak warna kuning buat cowo lemon cocok ga?,color_inquiry,neutral
gen_00983,bang warna merah buat cowo rose cocok?,color_inquiry,neutral
gen_00984,kak warna biru buat cowo sky cocok gak?,color_inquiry,neutral
gen_00985,min warna toska buat cowo mint cocok?,color_inquiry,neutral
gen_00986,kak warna mustard buat cowo gold cocok gak?,color_inquiry,neutral
gen_00987,bang warna sage buat cowo moss cocok?,color_inquiry,neutral
gen_00988,kak warna dusty buat cowo mauve cocok gak?,color_inquiry,neutral
gen_00989,min warna maroon buat cowo burgundy cocok?,color_inquiry,neutral
gen_00990,kak warna cream buat cowo latte cocok ga?,color_inquiry,neutral
gen_00991,bang warna item buat cowo onyx cocok?,color_inquiry,neutral
gen_00992,kak warna navy buat cowo midnight cocok gak?,color_inquiry,neutral
gen_00993,min warna abu buat cowo gray cocok?,color_inquiry,neutral
gen_00994,kak warna coklat buat cowo coffee cocok ga?,color_inquiry,neutral
gen_00995,bang warna army buat cowo olive cocok?,color_inquiry,neutral
gen_00996,kak warna putih buat cowo ivory cocok gak?,color_inquiry,neutral
gen_00997,min warna krem buat cowo sand cocok?,color_inquiry,neutral
gen_00998,kak warna hijau buat cowo fern cocok ga?,color_inquiry,neutral
gen_00999,bang warna cream buat cowo pearl cocok?,color_inquiry,neutral
gen_01000,kak warna pink buat cowo blush cocok gak?,color_inquiry,neutral
gen_01001,min warna ungu buat cowo lavender cocok?,color_inquiry,neutral
gen_01002,kak warna kuning buat cowo butter cocok ga?,color_inquiry,neutral
gen_01003,bang warna merah buat cowo crimson cocok?,color_inquiry,neutral
gen_01004,kak warna biru buat cowo ocean cocok gak?,color_inquiry,neutral
gen_01005,min warna toska buat cowo teal cocok?,color_inquiry,neutral
gen_01006,kak warna mustard buat cowo ochre cocok gak?,color_inquiry,neutral
gen_01007,bang warna sage buat cowo eucalyptus cocok?,color_inquiry,neutral
gen_01008,kak warna dusty buat cowo clay cocok gak?,color_inquiry,neutral
gen_01009,min warna maroon buat cowo wine cocok?,color_inquiry,neutral
gen_01010,kak warna cream buat cowo almond cocok ga?,color_inquiry,neutral
gen_01011,bang warna item buat cowo charcoal cocok?,color_inquiry,neutral
gen_01012,kak warna navy buat cowo denim cocok gak?,color_inquiry,neutral
gen_01013,min warna abu buat cowo graphite cocok?,color_inquiry,neutral
gen_01014,kak warna coklat buat cowo chestnut cocok gak?,color_inquiry,positive
gen_01015,bang warna army buat cowo khaki cocok?,color_inquiry,neutral
gen_01016,kak warna putih buat cowo snow cocok ga?,color_inquiry,neutral
gen_01017,﻿kak warna item buat cwo apa ready?,color_inquiry,neutral
gen_01018,bang item ada ukuran besar gak?,color_inquiry,neutral
gen_01019,min warna apa aja yang masih ada min?,color_inquiry,neutral
gen_01020,kak item sma coklat mana yg ready?,color_inquiry,neutral
gen_01021,bang navy ready gak buat kemeja?,color_inquiry,neutral
gen_01022,kak abu abu cocok ga buat kaos?,color_inquiry,neutral
gen_01023,min putih yg polos ada gak?,color_inquiry,neutral
gen_01024,kak warna krem buat celana ada?,color_inquiry,neutral
gen_01025,bang army buat jogger ready gak?,color_inquiry,neutral
gen_01026,kak hijau army masih ready min?,color_inquiry,neutral
gen_01027,min coklat buat sweater ada gak?,color_inquiry,neutral
gen_01028,kak cream buat tshirt ready?,color_inquiry,neutral
gen_01029,bang warna pink buat cewe ada?,color_inquiry,neutral
gen_01030,kak ungu buat hoodie ready gak?,color_inquiry,neutral
gen_01031,min kuning buat kaos polos ada?,color_inquiry,neutral
gen_01032,kak merah maroon buat kemeja ready?,color_inquiry,neutral
gen_01033,bang biru navy buat celana ada?,color_inquiry,neutral
gen_01034,kak toska buat jogger ready gak?,color_inquiry,neutral
gen_01035,min sage buat kaos ada?,color_inquiry,neutral
gen_01036,kak mustard buat sweater ready?,color_inquiry,neutral
gen_01037,bang dusty buat hoodie ada gak?,color_inquiry,neutral
gen_01038,kak warna coklat tua buat celana ready?,color_inquiry,neutral
gen_01039,min hijau muda buat kemeja ada?,color_inquiry,neutral
gen_01040,kak item buat jogger ready min?,color_inquiry,neutral
gen_01041,bang putih buat kaos polos ada?,color_inquiry,neutral
gen_01042,kak navy buat sweater ready gak?,color_inquiry,neutral
gen_01043,min abu abu buat tshirt ada?,color_inquiry,neutral
gen_01044,kak cream buat jogger ready?,color_inquiry,neutral
gen_01045,bang krem buat hoodie ada gak?,color_inquiry,neutral
gen_01046,kak army buat celana ready min?,color_inquiry,neutral
gen_01047,min warna merah buat kaos ada?,color_inquiry,neutral
gen_01048,kak biru buat kemeja ready gak?,color_inquiry,neutral
gen_01049,bang kuning buat tshirt ada?,color_inquiry,neutral
gen_01050,kak pink buat dress ready min?,color_inquiry,negative
gen_01051,min ungu buat celana ada?,color_inquiry,neutral
gen_01052,kak toska buat kemeja ready?,color_inquiry,neutral
gen_01053,bang sage buat hoodie ada gak?,color_inquiry,neutral
gen_01054,kak mustard buat kaos ready min?,color_inquiry,neutral
gen_01055,min dusty buat sweater ada?,color_inquiry,neutral
gen_01056,kak maroon buat jogger ready?,color_inquiry,neutral
gen_01057,bang item buat kemeja ada gak?,color_inquiry,neutral
gen_01058,kak putih buat celana ready?,color_inquiry,neutral
gen_01059,min navy buat kaos ada?,color_inquiry,positive
gen_01060,kak abu buat hoodie ready gak?,color_inquiry,neutral
gen_01061,bang coklat buat tshirt ada?,color_inquiry,neutral
gen_01062,kak krem buat sweater ready min?,color_inquiry,neutral
gen_01063,min cream buat celana ada?,color_inquiry,neutral
gen_01064,kak hijau buat jogger ready?,color_inquiry,neutral
gen_01065,bang army buat kaos ada gak?,color_inquiry,neutral
gen_01066,kak item polos buat celana ready?,color_inquiry,neutral
gen_01067,min putih buat hoodie ada?,color_inquiry,neutral
gen_01068,kak navy buat jogger ready gak?,color_inquiry,neutral
gen_01069,bang abu buat kaos ada?,color_inquiry,neutral
gen_01070,kak coklat buat celana ready min?,color_inquiry,neutral
gen_01071,min krem buat tshirt ada?,color_inquiry,neutral
gen_01072,kak cream buat hoodie ready?,color_inquiry,neutral
gen_01073,bang hijau buat celana ada gak?,color_inquiry,neutral
gen_01074,kak army buat sweater ready min?,color_inquiry,neutral
gen_01075,min merah buat jogger ada?,color_inquiry,neutral
gen_01076,kak biru buat kaos ready?,color_inquiry,neutral
gen_01077,bang kuning buat hoodie ada gak?,color_inquiry,neutral
gen_01078,kak pink buat celana ready?,color_inquiry,neutral
gen_01079,min ungu buat tshirt ada?,color_inquiry,neutral
gen_01080,kak toska buat kaos ready gak?,color_inquiry,neutral
gen_01081,bang sage buat celana ada?,color_inquiry,neutral
gen_01082,kak mustard buat hoodie ready min?,color_inquiry,neutral
gen_01083,min dusty buat jogger ada?,color_inquiry,neutral
gen_01084,kak maroon buat kaos ready?,color_inquiry,neutral
gen_01085,bang item buat tshirt ada gak?,color_inquiry,neutral
gen_01086,kak putih buat jogger ready?,color_inquiry,neutral
gen_01087,min navy buat kemeja ada?,color_inquiry,neutral
gen_01088,kak abu buat celana ready gak?,color_inquiry,neutral
gen_01089,bang coklat buat kaos ada?,color_inquiry,neutral
gen_01090,kak krem buat jogger ready min?,color_inquiry,neutral
gen_01091,min cream buat kaos ada?,color_inquiry,positive
gen_01092,kak hijau buat tshirt ready?,color_inquiry,neutral
gen_01093,bang army buat jogger ada gak?,color_inquiry,neutral
gen_01094,kak item buat sweater ready?,color_inquiry,neutral
gen_01095,min putih buat kemeja ada?,color_inquiry,neutral
gen_01096,kak navy buat tshirt ready gak?,color_inquiry,neutral
gen_01097,bang abu buat jogger ada?,color_inquiry,neutral
gen_01098,kak coklat buat hoodie ready min?,color_inquiry,neutral
gen_01099,min krem buat celana ada?,color_inquiry,neutral
gen_01100,bang hijau buat hoodie ada gak?,color_inquiry,neutral
gen_01101,kak army buat tshirt ready min?,color_inquiry,neutral
gen_01102,min merah buat kemeja ada?,color_inquiry,neutral
gen_01103,kak biru buat hoodie ready?,color_inquiry,neutral
gen_01104,bang kuning buat celana ada gak?,color_inquiry,neutral
gen_01105,kak pink buat kaos ready?,color_inquiry,neutral
gen_01106,min ungu buat jogger ada?,color_inquiry,neutral
gen_01107,kak toska buat tshirt ready gak?,color_inquiry,neutral
gen_01108,bang sage buat jogger ada?,color_inquiry,neutral
gen_01109,kak mustard buat celana ready min?,color_inquiry,neutral
gen_01110,min dusty buat kaos ada?,color_inquiry,neutral
gen_01111,kak maroon buat tshirt ready?,color_inquiry,neutral
gen_01112,bang item buat celana ada gak?,color_inquiry,neutral
gen_01113,kak putih buat kaos ready?,color_inquiry,neutral
gen_01114,min navy buat hoodie ada?,color_inquiry,neutral
gen_01115,kak abu buat sweater ready gak?,color_inquiry,neutral
gen_01116,bang coklat buat jogger ada?,color_inquiry,negative
gen_01117,kak krem buat kaos ready min?,color_inquiry,neutral
gen_01118,min cream buat sweater ada?,color_inquiry,neutral
gen_01119,kak hijau buat kaos ready?,color_inquiry,neutral
gen_01120,bang army buat kemeja ada gak?,color_inquiry,neutral
gen_01121,kak item buat hoodie ready?,color_inquiry,neutral
gen_01122,min putih buat tshirt ada?,color_inquiry,neutral
gen_01123,kak navy buat celana ready gak?,color_inquiry,negative
gen_01124,bang abu buat kemeja ada?,color_inquiry,neutral
gen_01125,kak coklat buat kaos ready min?,color_inquiry,neutral
gen_01126,min krem buat hoodie ada?,color_inquiry,neutral
gen_01127,bang hijau buat sweater ada gak?,color_inquiry,neutral
gen_01128,kak army buat celana ready?,color_inquiry,neutral
gen_01129,min merah buat hoodie ada?,color_inquiry,neutral
gen_01130,kak biru buat jogger ready gak?,color_inquiry,neutral
gen_01131,bang kuning buat kaos ada?,color_inquiry,neutral
gen_01132,kak pink buat kemeja ready?,color_inquiry,neutral
gen_01133,min ungu buat hoodie ada?,color_inquiry,positive
gen_01134,kak toska buat celana ready gak?,color_inquiry,neutral
gen_01135,bang sage buat sweater ada?,color_inquiry,neutral
gen_01136,kak mustard buat jogger ready min?,color_inquiry,neutral
gen_01137,min dusty buat tshirt ada?,color_inquiry,neutral
gen_01138,kak maroon buat celana ready?,color_inquiry,neutral
gen_01139,bang item buat kaos ada gak?,color_inquiry,neutral
gen_01140,min navy buat jogger ada?,color_inquiry,neutral
gen_01141,kak abu buat tshirt ready gak?,color_inquiry,neutral
gen_01142,bang coklat buat kemeja ada?,color_inquiry,neutral
gen_01143,kak krem buat tshirt ready min?,color_inquiry,neutral
gen_01144,min cream buat kemeja ada?,color_inquiry,neutral
gen_01145,kak hijau buat kemeja ready?,color_inquiry,neutral
gen_01146,kak item buat kemeja ready?,color_inquiry,neutral
gen_01147,min putih buat celana ada?,color_inquiry,neutral
gen_01148,kak coklat buat tshirt ready min?,color_inquiry,neutral
gen_01149,min krem buat jogger ada?,color_inquiry,neutral
gen_01150,kak cream buat celana ready?,color_inquiry,neutral
gen_01151,bang hijau buat jogger ada gak?,color_inquiry,neutral
gen_01152,kak army buat kaos ready?,color_inquiry,positive
gen_01153,min merah buat celana ada?,color_inquiry,neutral
gen_01154,kak biru buat tshirt ready gak?,color_inquiry,neutral
gen_01155,bang kuning buat sweater ada?,color_inquiry,neutral
gen_01156,kak pink buat hoodie ready?,color_inquiry,neutral
gen_01157,min ungu buat kaos ada?,color_inquiry,neutral
gen_01158,kak toska buat hoodie ready gak?,color_inquiry,neutral
gen_01159,bang sage buat kaos ada?,color_inquiry,neutral
gen_01160,kak warna item glossy buat jogger ready min?,color_inquiry,neutral
gen_01161,bang sage muda buat hoodie ada gak?,color_inquiry,neutral
gen_01162,kak dusty polos buat celana ready?,color_inquiry,neutral
gen_01163,min maroon muda buat kaos ada?,color_inquiry,neutral
gen_01164,kak cream lembut buat kemeja ready?,color_inquiry,neutral
gen_01165,﻿kak live nya sampai jam berapa?,not_relevant,neutral
gen_01166,bang ini lagi live lagu apa?,not_relevant,neutral
gen_01167,min wajahnya mirip artis,not_relevant,neutral
gen_01168,kak aku dari fyp haha,not_relevant,neutral
gen_01169,bang videonya keren banget,not_relevant,neutral
gen_01170,min top up diamond gimana sih?,not_relevant,neutral
gen_01171,kak follow back dong kak,not_relevant,neutral
gen_01172,bang giliran aku dibales bang,not_relevant,neutral
gen_01173,min jangan lupa minum ya min,not_relevant,neutral
gen_01174,kak live tiap hari ga?,not_relevant,neutral
gen_01175,bang ini live dari mana?,not_relevant,neutral
gen_01176,min baju adminnya ganti dong,not_relevant,neutral
gen_01177,kak rambutnya mana beli kak?,not_relevant,neutral
gen_01178,bang suaranya bagus banget,not_relevant,positive
gen_01179,min join join siapa yang masih disini?,not_relevant,neutral
gen_01180,kak gimana cara kolaborasi live?,not_relevant,neutral
gen_01181,bang ini di rumah atau studio?,not_relevant,neutral
gen_01182,min aku baru gabung kak,not_relevant,neutral
gen_01183,kak rindu live kemarin haha,not_relevant,neutral
gen_01184,bang keluar dulu bang beli bakso,not_relevant,neutral
gen_01185,min kadonya manis bgt haha,not_relevant,neutral
gen_01186,kak tadi liat live juga ga?,not_relevant,neutral
gen_01187,bang ini daerah mana?,not_relevant,neutral
gen_01188,min kok ga pernah dibales min?,not_relevant,neutral
gen_01189,kak dukungan jangan berhenti ya,not_relevant,neutral
gen_01190,bang gass terus bang,not_relevant,negative
gen_01191,min live nya jam berapa tiap hari?,not_relevant,neutral
gen_01192,kak ini yang jual siapa?,not_relevant,neutral
gen_01193,bang share dong video nya,not_relevant,neutral
gen_01194,min aku kesini lewat reels,not_relevant,neutral
gen_01195,kak foto profilnya lucu,not_relevant,neutral
gen_01196,bang dengerin lagu ini dari tadi,not_relevant,neutral
gen_01197,min pas lagi nyari baju nemu ini,not_relevant,neutral
gen_01198,kak gimana sih cara live bareng?,not_relevant,neutral
gen_01199,bang ini live pertama kali liat,not_relevant,neutral
gen_01200,min pin dulu min hehe,not_relevant,negative
gen_01201,kak ada yang online ga?,not_relevant,neutral
gen_01202,bang mataku ngantuk tapi betah,not_relevant,neutral
gen_01203,min chatnya kebawa kebawa haha,not_relevant,neutral
gen_01204,kak abangnya udah makan belum?,not_relevant,neutral
gen_01205,bang ini live tengah malam terus,not_relevant,neutral
gen_01206,min semangat min selalu,not_relevant,neutral
gen_01207,kak pertama kali liat live ini,not_relevant,neutral
gen_01208,bang ini akun lama apa baru?,not_relevant,neutral
gen_01209,min sering banget fyp ini,not_relevant,neutral
gen_01210,kak aku follow dari tadi bang,not_relevant,neutral
gen_01211,bang dukung admin terus ya,not_relevant,neutral
gen_01212,min ini live buat jualan doang?,not_relevant,neutral
gen_01213,kak pernah liat live ini ga?,not_relevant,neutral
gen_01214,bang refresh terus nih haha,not_relevant,neutral
gen_01215,min ngantuk banget tapi tetep disini,not_relevant,neutral
gen_01216,kak yang hostnya cantik haha,not_relevant,neutral
gen_01217,bang suka banget nonton ini,not_relevant,neutral
gen_01218,min jangan ke mana mana dulu,not_relevant,neutral
gen_01219,kak ini backgroundnya bagus,not_relevant,neutral
gen_01220,bang tiap malam liat live ini,not_relevant,neutral
gen_01221,min ini kolam renang atau laut?,not_relevant,neutral
gen_01222,kak aku sering banget liat ini,not_relevant,neutral
gen_01223,bang manggil manggil ga dibales haha,not_relevant,neutral
gen_01224,min setia banget nih gua,not_relevant,neutral
gen_01225,kak ini live paling rame malam ini,not_relevant,neutral
gen_01226,bang asik juga liat live ini,not_relevant,neutral
gen_01227,min kok live nya sepi banget?,not_relevant,neutral
gen_01228,kak ini live siang doang?,not_relevant,neutral
gen_01229,bang udah dua hari liat ini terus,not_relevant,neutral
gen_01230,min ganteng kali adminnya haha,not_relevant,neutral
gen_01231,kak dari jogja ikut nonton bang,not_relevant,neutral
gen_01232,bang ini live nya lama banget,not_relevant,neutral
gen_01233,min aku masuk dari grup facebook,not_relevant,neutral
gen_01234,kak ini live paling lama seharian,not_relevant,neutral
gen_01235,bang tiap scroll selalu ada ini,not_relevant,neutral
gen_01236,min ini live apa ini wkwk,not_relevant,neutral
gen_01237,kak temen aku yang share ini,not_relevant,neutral
gen_01238,bang kok bisa sefyp ini sih?,not_relevant,neutral
gen_01239,min ini lagi rekomendasi semua,not_relevant,neutral
gen_01240,kak lucu banget comment-nya,not_relevant,neutral
gen_01241,bang ini live dari pagi tadi?,not_relevant,neutral
gen_01242,min aku liat ini pas lagi gabut,not_relevant,neutral
gen_01243,kak live selanjutnya kapan?,not_relevant,neutral
gen_01244,bang ini live resmi atau bukan?,not_relevant,neutral
gen_01245,min dari tadi chat ga ke bales,not_relevant,neutral
gen_01246,kak ini live nya sound apa?,not_relevant,neutral
gen_01247,bang suka nonton ini pas malem,not_relevant,neutral
gen_01248,min ini live keluarga?,not_relevant,neutral
gen_01249,kak ini live jualan baju kan?,not_relevant,neutral
gen_01250,bang ini live apa ini haha,not_relevant,neutral
gen_01251,min nongkrong disini sampai jam 12,not_relevant,neutral
gen_01252,kak ini live adminnya ga keliatan,not_relevant,neutral
gen_01253,bang ini live pagi atau malem?,not_relevant,neutral
gen_01254,min jangan ditutup dulu live nya,not_relevant,neutral
gen_01255,kak ini seru banget liat nya,not_relevant,neutral
gen_01256,bang udah liat live kemarin belum?,not_relevant,neutral
gen_01257,min ini live jualan apa sih?,not_relevant,neutral
gen_01258,kak aku cuma lewat kak,not_relevant,positive
gen_01259,bang ini live dari mana ya?,not_relevant,negative
gen_01260,min ikut ngobrol dong min,not_relevant,neutral
gen_01261,kak denger lagu live ini enak,not_relevant,neutral
gen_01262,bang ini live paling rame yang gua liat,not_relevant,neutral
gen_01263,min ini live adminnya sibuk banget,not_relevant,neutral
gen_01264,kak ini live jam segini mulu?,not_relevant,neutral
gen_01265,bang ini live favorit gua,not_relevant,neutral
gen_01266,min jangan lupa like semua,not_relevant,neutral
gen_01267,kak ini live buat lomba apa?,not_relevant,neutral
gen_01268,bang ini live kualitasnya bagus,not_relevant,neutral
gen_01269,min ini live dari kamar?,not_relevant,neutral
gen_01270,kak ini live ngapain aja?,not_relevant,neutral
gen_01271,bang ini live santai banget,not_relevant,neutral
gen_01272,min ini live nya gabut juga,not_relevant,neutral
gen_01273,kak ini live mukbang apa?,not_relevant,neutral
gen_01274,bang ini live semua orang disini,not_relevant,neutral
gen_01275,min ini live lagi nyari kerjaan,not_relevant,neutral
gen_01276,kak ini live random banget,not_relevant,neutral
gen_01277,bang ini live paling seru,not_relevant,neutral
gen_01278,min ini live baju baju mulu?,not_relevant,neutral
gen_01279,kak ini live ga jelas haha,not_relevant,neutral
gen_01280,bang ini live full senyum,not_relevant,positive
gen_01281,min ini live dari studio,not_relevant,neutral
gen_01282,kak ini live bareng siapa?,not_relevant,neutral
gen_01283,bang ini live adminnya asik,not_relevant,neutral
gen_01284,min ini live dari toko?,not_relevant,neutral
gen_01285,kak ini live jalan jalan?,not_relevant,neutral
gen_01286,bang ini live rumah siapa?,not_relevant,neutral
gen_01287,min ini live di mana sih?,not_relevant,neutral
gen_01288,﻿kak ini live jam berapa aja?,not_relevant,neutral
gen_01289,bang share ke temen dong min,not_relevant,neutral
gen_01290,min jangan lupa tidur,not_relevant,neutral
gen_01291,kak ini live yang bikin mood bagus,not_relevant,neutral
gen_01292,bang udah ikut dari kemarin,not_relevant,neutral
gen_01293,min live ini dari jam berapa?,not_relevant,neutral
gen_01294,kak ini live lagi ada acara apa?,not_relevant,neutral
gen_01295,bang ini live yang paling aku tunggu,not_relevant,neutral
gen_01296,min adminnya humoris banget,not_relevant,neutral
gen_01297,kak ini live lagu apa nih?,not_relevant,neutral
gen_01298,bang ini live adminnya ke mana?,not_relevant,neutral
gen_01299,min live ini seru banget sih,not_relevant,neutral
gen_01300,kak ini live di kota mana?,not_relevant,neutral
gen_01301,bang ini live buat jualan baju kan?,not_relevant,neutral
gen_01302,min ini live ngobrol doang?,not_relevant,neutral
gen_01303,kak ini live apa ini wkwk,not_relevant,neutral
gen_01304,bang ini live jualan baju apa?,not_relevant,neutral
gen_01305,min gue masuk gara gara fyp,not_relevant,neutral
gen_01306,kak ini live paling rame,not_relevant,neutral
gen_01307,bang ini live adminnya lagi bales chat,not_relevant,neutral
gen_01308,min ini live dari mana aslinya?,not_relevant,neutral
gen_01309,kak ini live lama banget ga nutup,not_relevant,neutral
gen_01310,bang ini live pake sound apa?,not_relevant,neutral
gen_01311,min ini live jualan apa aja?,not_relevant,neutral
gen_01312,kak ini live di daerah mana?,not_relevant,neutral
gen_01313,bang ini live favorit gue malem ini,not_relevant,neutral
gen_01314,min ini live yang paling bikin betah,not_relevant,neutral
gen_01315,kak ini live ngelawak terus,not_relevant,positive
gen_01316,bang ini live nya dari tadi pagi,not_relevant,neutral
gen_01317,min ini live baju baju melulu wkwk,not_relevant,neutral
gen_01318,kak ini live penuh tawa,not_relevant,neutral
gen_01319,bang ini live adminnya pinter banget,not_relevant,neutral
gen_01320,min ini live dari rumah?,not_relevant,neutral
gen_01321,kak ini live jam 12 malem terus,not_relevant,neutral
gen_01322,bang ini live seru banget malam ini,not_relevant,neutral
gen_01323,min ini live jualan celana?,not_relevant,negative
gen_01324,kak ini live adminnya asik banget,not_relevant,neutral
gen_01325,bang ini live paling bikin happy,not_relevant,neutral
gen_01326,min ini live ini di mana ya?,not_relevant,neutral
gen_01327,kak ini live pas lagi rame,not_relevant,neutral
gen_01328,bang ini live apa ini bang,not_relevant,neutral
gen_01329,min ini live gue tau dari mana ya,not_relevant,neutral
gen_01330,kak ini live bikin lupa waktu,not_relevant,neutral
gen_01331,bang ini live yang paling asik,not_relevant,neutral
gen_01332,min ini live dari toko baju,not_relevant,neutral
gen_01333,kak ini live ga ngantuk min,not_relevant,neutral
gen_01334,bang ini live adminnya baik,not_relevant,neutral
gen_01335,min ini live lagunya enak semua,not_relevant,neutral
gen_01336,kak ini live paling seru sebulan ini,not_relevant,neutral
gen_01337,bang ini live jualan hoodie?,not_relevant,neutral
gen_01338,min ini live bikin melek,not_relevant,neutral
gen_01339,kak ini live adminnya ramah,not_relevant,neutral
gen_01340,bang ini live dari pagi sampai malem,not_relevant,neutral
gen_01341,min ini live bikin nagih,not_relevant,neutral
gen_01342,kak ini live paling asik malem ini,not_relevant,neutral
gen_01343,bang ini live jualan kaos polos?,not_relevant,neutral
gen_01344,min ini live full hiburan,not_relevant,neutral
gen_01345,kak ini live bikin betah,not_relevant,neutral
gen_01346,bang ini live adminnya jago jualan,not_relevant,neutral
gen_01347,min ini live jualan baju pria?,not_relevant,neutral
gen_01348,kak ini live paling asik minggu ini,not_relevant,neutral
gen_01349,bang ini live bikin happy,not_relevant,neutral
gen_01350,min ini live jualan baju cewe?,not_relevant,neutral
gen_01351,kak ini live seru banget,not_relevant,neutral
gen_01352,bang ini live adminnya lucu,not_relevant,neutral
gen_01353,min ini live jualan baju anak?,not_relevant,neutral
gen_01354,kak ini live paling seru hari ini,not_relevant,neutral
gen_01355,bang ini live bikin ngakak,not_relevant,neutral
gen_01356,min ini live jualan aksesoris?,not_relevant,neutral
gen_01357,kak ini live asik banget,not_relevant,neutral
gen_01358,bang ini live adminnya rajin bales,not_relevant,neutral
gen_01359,min ini live jualan celana jogger?,not_relevant,neutral
gen_01360,kak ini live paling rame hari ini,not_relevant,neutral
gen_01361,bang ini live bikin semangat,not_relevant,neutral
gen_01362,min ini live jualan jaket?,not_relevant,neutral
gen_01363,kak ini live seru sih,not_relevant,positive
gen_01364,bang ini live adminnya jualan apa aja,not_relevant,neutral
gen_01365,min ini live jualan kemeja?,not_relevant,neutral
gen_01366,kak ini live bikin betah nonton,not_relevant,neutral
gen_01367,bang ini live paling seru minggu ini,not_relevant,neutral
gen_01368,min ini live jualan sweater?,not_relevant,neutral
gen_01369,kak ini live asik,not_relevant,neutral
gen_01370,bang ini live adminnya ga pernah bosan,not_relevant,neutral
gen_01371,min ini live jualan dress?,not_relevant,neutral
gen_01372,kak ini live paling asik siang ini,not_relevant,neutral
gen_01373,bang ini live bikin melek malem ini,not_relevant,neutral
gen_01374,min ini live jualan hijab?,not_relevant,neutral
gen_01375,kak ini live seru nontonnya,not_relevant,neutral
gen_01376,bang ini live adminnya energik,not_relevant,neutral
gen_01377,min ini live jualan sepatu?,not_relevant,neutral
gen_01378,kak ini live paling rame siang ini,not_relevant,neutral
gen_01379,bang ini live bikin ga bisa nutup,not_relevant,neutral
gen_01380,min ini live jualan tas?,not_relevant,neutral
gen_01381,kak ini live asik malem ini,not_relevant,neutral
gen_01382,bang ini live adminnya seru,not_relevant,neutral
gen_01383,min ini live jualan baju bayi?,not_relevant,neutral
gen_01384,kak ini live paling seru siang ini,not_relevant,neutral
gen_01385,bang ini live bikin betah duduk,not_relevant,neutral
gen_01386,min ini live jualan hoodie polos?,not_relevant,neutral
gen_01387,kak ini live seru malem ini,not_relevant,neutral
gen_01388,bang ini live adminnya ga pernah bosen,not_relevant,neutral
gen_01389,min ini live jualan baju tidur?,not_relevant,neutral
gen_01390,bang ini live bikin lupa tidur,not_relevant,neutral
gen_01391,min ini live jualan kaos dewasa?,not_relevant,neutral
gen_01392,kak ini live seru buat ditonton,not_relevant,neutral
gen_01393,bang ini live adminnya friendly,not_relevant,neutral
gen_01394,min ini live jualan celana jeans?,not_relevant,neutral
gen_01395,kak ini live paling seru malem ini,not_relevant,neutral
gen_01396,bang ini live bikin ngantuk? haha ga juga,not_relevant,neutral
gen_01397,min ini live jualan baju olahraga?,not_relevant,neutral
gen_01398,kak ini live asik buat ditonton,not_relevant,neutral
gen_01399,bang ini live adminnya kece,not_relevant,neutral
gen_01400,min ini live jualan kaos kaki?,not_relevant,neutral
gen_01401,kak ini live paling rame malem ini,not_relevant,neutral
gen_01402,bang ini live bikin betah nonton terus,not_relevant,neutral
gen_01403,min ini live jualan topi?,not_relevant,neutral
gen_01404,kak ini live seru banget nontonnya,not_relevant,neutral
gen_01405,bang ini live adminnya asik banget,not_relevant,neutral
gen_01406,min ini live jualan baju renang?,not_relevant,neutral
gen_01407,kak ini live paling asik buat ditonton,not_relevant,positive
gen_01408,bang ini live bikin happy banget,not_relevant,negative
gen_01409,min ini live jualan baju buat kerja?,not_relevant,negative
gen_01410,kak ini live seru abis,not_relevant,neutral
gen_01411,bang ini live adminnya gaul,not_relevant,neutral
gen_01412,min ini live jualan baju casual?,not_relevant,neutral
gen_01413,kak ini live paling seru buat ditonton,not_relevant,neutral
gen_01414,bang ini live bikin semangat jualan,not_relevant,neutral
gen_01415,min ini live jualan baju lebaran?,not_relevant,neutral
gen_01416,﻿kak ini live hiburan paling seru,not_relevant,neutral
gen_01417,bang adminnya pinter mikir,not_relevant,neutral
gen_01418,min jualan baju aja kok rame,not_relevant,neutral
gen_01419,kak ini live paling asik yang gue liat,not_relevant,neutral
gen_01420,bang ini live favorit gue sejauh ini,not_relevant,neutral
gen_01421,min ini live bikin gue betah sultan,not_relevant,neutral
gen_01422,kak ini live paling seru yang gue liat,not_relevant,neutral
gen_01423,bang adminnya jago banget bales chat,not_relevant,neutral
gen_01424,min ini live ngapain aja sih,not_relevant,neutral
gen_01425,kak ini live bikin gue happy malem ini,not_relevant,neutral
gen_01426,bang ini live paling rame yang gue tau,not_relevant,neutral
gen_01427,min ini live jualan baju doang ya?,not_relevant,neutral
gen_01428,kak ini live bikin gue melek,not_relevant,positive
gen_01429,bang adminnya humoris parah,not_relevant,neutral
gen_01430,min ini live paling seru hari ini,not_relevant,neutral
gen_01431,kak ini live bikin gue makin betah,not_relevant,neutral
gen_01432,bang ini live paling asik malem minggu,not_relevant,neutral
gen_01433,min ini live jualan baju aja?,not_relevant,neutral
gen_01434,kak ini live bikin gue lupa waktu,not_relevant,neutral
gen_01435,bang adminnya gaul banget,not_relevant,negative
gen_01436,min ini live bikin ngangak,not_relevant,neutral
gen_01437,kak ini live paling seru sepanjang malam,not_relevant,neutral
gen_01438,bang ini live paling asik minggu ini,not_relevant,neutral
gen_01439,min ini live kok sepi sih?,not_relevant,neutral
gen_01440,kak ini live bikin gue semangat,not_relevant,neutral
gen_01441,bang adminnya friendly banget,not_relevant,neutral
gen_01442,min ini live paling seru malam ini,not_relevant,neutral
gen_01443,kak ini live bikin gue betah duduk,not_relevant,neutral
gen_01444,bang ini live paling rame minggu ini,not_relevant,neutral
gen_01445,min ini live jualan baju cuma ya?,not_relevant,neutral
gen_01446,kak ini live bikin gue ngakak terus,not_relevant,neutral
gen_01447,bang adminnya energik banget,not_relevant,neutral
gen_01448,min ini live paling asik sejauh ini,not_relevant,neutral
gen_01449,kak ini live bikin gue ga bisa tidur,not_relevant,neutral
gen_01450,bang ini live paling seru yang ada,not_relevant,neutral
gen_01451,min ini live jualan baju doang bang?,not_relevant,neutral
gen_01452,kak ini live bikin gue happy banget,not_relevant,neutral
gen_01453,bang adminnya rajin banget bales,not_relevant,neutral
gen_01454,min ini live paling asik malem ini,not_relevant,neutral
gen_01455,kak ini live bikin gue betah banget,not_relevant,neutral
gen_01456,bang ini live paling seru sebulan ini,not_relevant,neutral
gen_01457,min ini live jualan baju aja haha,not_relevant,neutral
gen_01458,kak ini live bikin gue semangat banget,not_relevant,neutral
gen_01459,bang adminnya kece parah,not_relevant,negative
gen_01460,min ini live paling rame sebulan ini,not_relevant,neutral
gen_01461,kak ini live bikin gue lupa malem,not_relevant,neutral
gen_01462,bang ini live paling seru yang gue tau,not_relevant,neutral
gen_01463,min ini live kok rame banget?,not_relevant,neutral
gen_01464,kak ini live bikin gue betah liat terus,not_relevant,neutral
gen_01465,bang adminnya asik parah,not_relevant,neutral
gen_01466,min ini live paling asik yang gue tau,not_relevant,neutral
gen_01467,kak ini live bikin gue ngantuk tapi betah,not_relevant,neutral
gen_01468,bang ini live paling seru sepanjang hari,not_relevant,neutral
gen_01469,min ini live jualan baju mulu ya?,not_relevant,neutral
gen_01470,kak ini live bikin gue happy malem minggu,not_relevant,neutral
gen_01471,bang adminnya jago banget live,not_relevant,neutral
gen_01472,min ini live paling rame yang gue liat,not_relevant,neutral
gen_01473,kak ini live bikin gue betah banget liat,not_relevant,neutral
gen_01474,bang ini live paling asik sepanjang malam,not_relevant,neutral
gen_01475,min ini live jualan baju doang min?,not_relevant,negative
gen_01476,kak ini live bikin gue lupa tidur,not_relevant,neutral
gen_01477,bang adminnya lucu parah,not_relevant,neutral
gen_01478,min ini live paling seru sepanjang minggu,not_relevant,neutral
gen_01479,kak ini live bikin gue melek semalaman,not_relevant,neutral
gen_01480,bang ini live paling rame sepanjang malam,not_relevant,neutral
gen_01481,min ini live baju baju aja ya?,not_relevant,neutral
gen_01482,kak ini live bikin gue betah ngeliat,not_relevant,neutral
gen_01483,bang adminnya seru parah,not_relevant,neutral
gen_01484,min ini live paling asik sepanjang minggu,not_relevant,neutral
gen_01485,kak ini live bikin gue happy terus,not_relevant,neutral
gen_01486,bang ini live paling seru yang gue liat,not_relevant,neutral
gen_01487,min ini live jualan baju doang kak?,not_relevant,positive
gen_01488,kak ini live bikin gue ngakak parah,not_relevant,neutral
gen_01489,bang adminnya ga bosen bosen,not_relevant,neutral
gen_01490,min ini live paling rame sepanjang hari,not_relevant,neutral
gen_01491,kak ini live bikin gue semangat terus,not_relevant,neutral
gen_01492,bang ini live paling asik hari ini,not_relevant,neutral
gen_01493,min ini live baju doang ya bang?,not_relevant,neutral
gen_01494,kak ini live bikin gue betah sampe pagi,not_relevant,neutral
gen_01495,bang adminnya kece abis,not_relevant,neutral
gen_01496,min ini live paling seru hari ini sih,not_relevant,neutral
gen_01497,kak ini live bikin gue happy sampe pagi,not_relevant,neutral
gen_01498,bang ini live paling rame malem ini,not_relevant,neutral
gen_01499,kak ini live bikin gue melek sampe pagi,not_relevant,neutral
gen_01500,bang adminnya asik abis,not_relevant,neutral
gen_01501,min ini live paling asik malem ini sih,not_relevant,neutral
gen_01502,kak ini live bikin gue lupa waktu nonton,not_relevant,neutral
gen_01503,bang ini live paling seru malem ini sih,not_relevant,neutral
gen_01504,min ini live baju baju terus ya bang,not_relevant,neutral
gen_01505,kak ini live bikin gue ngantuk tapi asik,not_relevant,neutral
gen_01506,bang adminnya seru abis,not_relevant,neutral
gen_01507,min ini live paling rame malem ini sih,not_relevant,neutral
gen_01508,kak ini live bikin gue betah sampe malem,not_relevant,neutral
gen_01509,bang ini live paling asik malem ini sih,not_relevant,neutral
gen_01510,min ini live jualan baju mulu min,not_relevant,neutral
gen_01511,kak ini live bikin gue happy sampe malem,not_relevant,neutral
gen_01512,bang adminnya jago abis,not_relevant,neutral
gen_01513,min ini live paling seru malem minggu,not_relevant,neutral
gen_01514,kak ini live bikin gue melek sampe malem,not_relevant,neutral
gen_01515,bang ini live paling rame malem minggu,not_relevant,neutral
gen_01516,min ini live baju baju doang min?,not_relevant,neutral
gen_01517,kak ini live bikin gue lupa waktu banget,not_relevant,neutral
gen_01518,bang adminnya lucu abis,not_relevant,neutral
gen_01519,min ini live paling asik malem minggu,not_relevant,neutral
gen_01520,kak ini live bikin gue betah banget nonton,not_relevant,neutral
gen_01521,bang ini live paling seru malem minggu sih,not_relevant,neutral
gen_01522,min ini live jualan baju aja min?,not_relevant,neutral
gen_01523,kak ini live bikin gue happy banget nonton,not_relevant,neutral
gen_01524,bang adminnya gaul abis,not_relevant,neutral
gen_01525,min ini live paling rame malem minggu sih,not_relevant,positive
gen_01526,kak ini live bikin gue ngakak banget,not_relevant,neutral
gen_01527,bang ini live paling asik malem minggu sih,not_relevant,neutral
gen_01528,min ini live baju mulu bang?,not_relevant,neutral
gen_01529,kak ini live bikin gue semangat banget nonton,not_relevant,neutral
gen_01530,bang adminnya ramah abis,not_relevant,neutral
gen_01531,min ini live paling seru malem ini banget,not_relevant,neutral
gen_01532,kak ini live bikin gue betah abis,not_relevant,neutral
gen_01533,bang ini live paling rame malem ini banget,not_relevant,neutral
gen_01534,min ini live jualan baju mulu bang?,not_relevant,neutral
gen_01535,kak ini live bikin gue melek abis,not_relevant,neutral
gen_01536,bang adminnya pinter abis,not_relevant,positive
gen_01537,min ini live paling asik malem ini banget,not_relevant,neutral
gen_01538,kak ini live bikin gue happy abis,not_relevant,neutral
gen_01539,bang ini live paling seru malem ini banget,not_relevant,neutral
gen_01540,min ini live baju baju terus min?,not_relevant,neutral
gen_01541,kak ini live bikin gue ngantuk tapi seru,not_relevant,neutral
gen_01542,bang adminnya jagoan live,not_relevant,neutral
gen_01543,min ini live paling rame malem ini banget sih,not_relevant,neutral
gen_01544,kak ini live bikin gue betah banget sampe pagi,not_relevant,neutral
gen_01545,bang ini live paling asik malem ini banget sih,not_relevant,neutral
gen_01546,﻿kak edit videonya pakai apa?,not_relevant,neutral
gen_01547,bang filtarnya apa aja min?,not_relevant,neutral
gen_01548,"min lagunya enak, judul apa?",not_relevant,neutral
gen_01549,kak ini editingnya pake capcut?,not_relevant,neutral
gen_01550,bang fontnya apa itu min?,not_relevant,neutral
gen_01551,min transisinya gimana caranya?,not_relevant,neutral
gen_01552,kak backsoundnya apa ini bang?,not_relevant,neutral
gen_01553,bang tutorial editnya kapan kak?,not_relevant,neutral
gen_01554,min ini shoot pake hp apa?,not_relevant,positive
gen_01555,kak lightingnya pake apa?,not_relevant,neutral
gen_01556,bang kamera depannya pake gimbal?,not_relevant,neutral
gen_01557,min efeknya kok bisa gitu?,not_relevant,positive
gen_01558,kak ini bokehnya gimana?,not_relevant,neutral
gen_01559,bang kalo mau bikin konten gini caranya?,not_relevant,neutral
gen_01560,min awalan videonya gimana?,not_relevant,neutral
gen_01561,kak ini pakai tripod ya?,not_relevant,neutral
gen_01562,bang dari mana dapet musiknya?,not_relevant,neutral
gen_01563,min ini kejepret di luar negri?,not_relevant,neutral
gen_01564,kak ini jalan jalan kemana?,not_relevant,neutral
gen_01565,bang ini liburan kapan?,not_relevant,neutral
gen_01566,min ini lagi di mana?,not_relevant,neutral
gen_01567,kak ini hotel apa?,not_relevant,neutral
gen_01568,bang ini pantai mana?,not_relevant,neutral
gen_01569,min ini mall mana?,not_relevant,neutral
gen_01570,kak ini mallnya dimana?,not_relevant,neutral
gen_01571,bang ini daerah mana tuh?,not_relevant,neutral
gen_01572,min ini kafe apa?,not_relevant,neutral
gen_01573,kak ini tempat apa?,not_relevant,neutral
gen_01574,bang ini bandara mana?,not_relevant,neutral
gen_01575,min ini pesawat ke mana?,not_relevant,neutral
gen_01576,kak ini kapalnya kapan?,not_relevant,neutral
gen_01577,bang ini udara dingin ga?,not_relevant,negative
gen_01578,min ini saljunya mana?,not_relevant,neutral
gen_01579,kak ini musim salju ya?,not_relevant,negative
gen_01580,bang ini enak ga cuacanya?,not_relevant,neutral
gen_01581,min ini di jepang kah?,not_relevant,neutral
gen_01582,kak ini di korea?,not_relevant,neutral
gen_01583,bang ini di singapur?,not_relevant,neutral
gen_01584,min ini di malaysia?,not_relevant,neutral
gen_01585,kak ini di bali kan?,not_relevant,neutral
gen_01586,bang ini di jogja?,not_relevant,neutral
gen_01587,min ini di bandung?,not_relevant,neutral
gen_01588,kak ini di jakarta?,not_relevant,negative
gen_01589,bang ini di medan?,not_relevant,neutral
gen_01590,min ini di surabaya?,not_relevant,neutral
gen_01591,kak ini di makassar?,not_relevant,neutral
gen_01592,bang ini di manado?,not_relevant,neutral
gen_01593,min ini di palembang?,not_relevant,neutral
gen_01594,kak ini di lampung?,not_relevant,neutral
gen_01595,bang ini di padang?,not_relevant,neutral
gen_01596,min ini di aceh?,not_relevant,neutral
gen_01597,kak ini di kalimantan?,not_relevant,neutral
gen_01598,bang ini di sulawesi?,not_relevant,neutral
gen_01599,min ini di papua?,not_relevant,neutral
gen_01600,kak ini di sumatra?,not_relevant,neutral
gen_01601,bang ini di jawa?,not_relevant,neutral
gen_01602,min ini di nusa tenggara?,not_relevant,neutral
gen_01603,kak ini di maluku?,not_relevant,neutral
gen_01604,bang ini di batam?,not_relevant,neutral
gen_01605,min ini di bintan?,not_relevant,neutral
gen_01606,kak ini di lombok?,not_relevant,neutral
gen_01607,bang ini di gili?,not_relevant,neutral
gen_01608,min ini di komodo?,not_relevant,neutral
gen_01609,kak ini di raja ampat?,not_relevant,neutral
gen_01610,bang ini di bunaken?,not_relevant,neutral
gen_01611,min ini di danau toba?,not_relevant,neutral
gen_01612,kak ini di bromo?,not_relevant,neutral
gen_01613,bang ini di ijen?,not_relevant,neutral
gen_01614,min ini di merapi?,not_relevant,neutral
gen_01615,kak ini di rinjani?,not_relevant,neutral
gen_01616,bang ini di semeru?,not_relevant,neutral
gen_01617,min ini di kerinci?,not_relevant,neutral
gen_01618,kak ini di jakarta kota mana?,not_relevant,neutral
gen_01619,bang ini di bandung utara?,not_relevant,neutral
gen_01620,min ini di susur sungai?,not_relevant,neutral
gen_01621,kak ini camping di mana?,not_relevant,neutral
gen_01622,bang ini gunung apa?,not_relevant,neutral
gen_01623,min ini hutan apa?,not_relevant,neutral
gen_01624,kak ini curug apa?,not_relevant,neutral
gen_01625,bang ini air terjun mana?,not_relevant,neutral
gen_01626,min ini pantai pasir putih?,not_relevant,neutral
gen_01627,kak ini pantai berpasir hitam?,not_relevant,neutral
gen_01628,bang ini danau apa?,not_relevant,neutral
gen_01629,min ini waduk apa?,not_relevant,neutral
gen_01630,kak ini pulau apa?,not_relevant,neutral
gen_01631,bang ini gosong?,not_relevant,neutral
gen_01632,min ini karang apa?,not_relevant,neutral
gen_01633,kak ini terumbu karang?,not_relevant,neutral
gen_01634,bang ini kapal pesiar?,not_relevant,neutral
gen_01635,min ini dermaga mana?,not_relevant,neutral
gen_01636,kak ini pelabuhan mana?,not_relevant,neutral
gen_01637,bang ini stasiun mana?,not_relevant,neutral
gen_01638,min ini terminal mana?,not_relevant,neutral
gen_01639,kak ini halte mana?,not_relevant,neutral
gen_01640,bang ini jalan tol mana?,not_relevant,neutral
gen_01641,min ini rest area mana?,not_relevant,neutral
gen_01642,kak ini pom bensin mana?,not_relevant,neutral
gen_01643,bang ini warung mana?,not_relevant,neutral
gen_01644,min ini rumah makan mana?,not_relevant,neutral
gen_01645,kak ini restoran apa?,not_relevant,neutral
gen_01646,bang ini kedai mana?,not_relevant,neutral
gen_01647,min ini kios mana?,not_relevant,neutral
gen_01648,kak ini toko mana?,not_relevant,neutral
gen_01649,bang ini pasar apa?,not_relevant,neutral
gen_01650,min ini supermaket mana?,not_relevant,neutral
gen_01651,kak ini minimarket mana?,not_relevant,neutral
gen_01652,bang ini swalayan mana?,not_relevant,positive
gen_01653,min ini butik mana?,not_relevant,neutral
gen_01654,kak ini distro mana?,not_relevant,neutral
gen_01655,bang ini outlet mana?,not_relevant,neutral
gen_01656,min ini factory outlet mana?,not_relevant,neutral
gen_01657,kak ini toko baju mana?,not_relevant,neutral
gen_01658,bang ini grosir mana?,not_relevant,neutral
gen_01659,min ini pasar malam?,not_relevant,neutral
gen_01660,kak ini bazar apa?,not_relevant,neutral
gen_01661,bang ini car free day?,not_relevant,neutral
gen_01662,min ini event apa?,not_relevant,neutral
gen_01663,kak ini konser apa?,not_relevant,neutral
gen_01664,bang ini festival apa?,not_relevant,neutral
gen_01665,min ini pameran apa?,not_relevant,neutral
gen_01666,kak ini bazar murah?,not_relevant,neutral
gen_01667,bang ini eksibisi apa?,not_relevant,neutral
gen_01668,min ini open house?,not_relevant,neutral
gen_01669,kak ini launching apa?,not_relevant,neutral
gen_01670,bang ini grand opening apa?,not_relevant,neutral
gen_01671,min ini anniversary apa?,not_relevant,neutral
gen_01672,kak ini ultah toko apa?,not_relevant,neutral
gen_01673,bang ini gathering apa?,not_relevant,neutral
gen_01674,min ini meetup apa?,not_relevant,neutral
gen_01675,kak ini komunitas apa?,not_relevant,neutral
gen_01676,bang ini club apa?,not_relevant,neutral
gen_01677,min ini geng motor?,not_relevant,neutral
gen_01678,kak ini kopdar apa?,not_relevant,neutral
gen_01679,bang ini arisan?,not_relevant,neutral
gen_01680,min ini reuni?,not_relevant,neutral
gen_01681,kak ini nikahan siapa?,not_relevant,neutral
gen_01682,bang ini walimah siapa?,not_relevant,neutral
gen_01683,min ini lamaran siapa?,not_relevant,neutral
gen_01684,kak ini tunangan siapa?,not_relevant,neutral
gen_01685,bang ini syukuran siapa?,not_relevant,neutral
gen_01686,min ini aqiqah siapa?,not_relevant,negative
gen_01687,kak ini khitanan siapa?,not_relevant,neutral
gen_01688,bang ini ulang tahun siapa?,not_relevant,neutral
gen_01689,min ini acara apa ini?,not_relevant,neutral
gen_01690,kak ini resepsi siapa?,not_relevant,neutral
gen_01691,bang ini undangan siapa?,not_relevant,neutral
gen_01692,min ini temen siapa?,not_relevant,neutral
gen_01693,kak ini saudara siapa?,not_relevant,neutral
gen_01694,bang ini keluarga siapa?,not_relevant,neutral
gen_01695,min ini kerabat siapa?,not_relevant,neutral
gen_01696,kak ini owner siapa?,not_relevant,neutral
gen_01697,bang ini admin siapa?,not_relevant,neutral
gen_01698,min ini host siapa?,not_relevant,neutral
gen_01699,kak ini streamer siapa?,not_relevant,neutral
gen_01700,bang ini kreator siapa?,not_relevant,neutral
gen_01701,min ini youtuber siapa?,not_relevant,positive
gen_01702,kak ini tiktoker siapa?,not_relevant,neutral
gen_01703,bang ini influencer siapa?,not_relevant,neutral
gen_01704,min ini selebgram siapa?,not_relevant,neutral
gen_01705,kak ini brand ambassador siapa?,not_relevant,neutral
gen_01706,bang ini endorse siapa?,not_relevant,neutral
gen_01707,min ini sponsor siapa?,not_relevant,neutral
gen_01708,﻿kak followback gak?,not_relevant,neutral
gen_01709,bang share yuk ke sosmed lo,not_relevant,neutral
gen_01710,min jangan lupa like dan share,not_relevant,neutral
gen_01711,kak video ini kapan di upload?,not_relevant,neutral
gen_01712,bang upload lagi dong kak,not_relevant,neutral
gen_01713,min konten berikutnya apa?,not_relevant,neutral
gen_01714,kak next live kapan?,not_relevant,neutral
gen_01715,bang jadwal live nya gimana?,not_relevant,neutral
gen_01716,min live lagi ga besok?,not_relevant,neutral
gen_01717,kak ini live nya jam 9 ya?,not_relevant,neutral
gen_01718,bang ini jam berapa live nya?,not_relevant,neutral
gen_01719,min live malam ini jam berapa?,not_relevant,neutral
gen_01720,kak live minggu ini ada?,not_relevant,neutral
gen_01721,bang live tiap minggu kah?,not_relevant,neutral
gen_01722,min live tiap hari apa aja?,not_relevant,neutral
gen_01723,kak ini live hari apa aja?,not_relevant,negative
gen_01724,bang live nya lama lama ya,not_relevant,neutral
gen_01725,min live nya cepet banget,not_relevant,neutral
gen_01726,kak live nya seharian?,not_relevant,neutral
gen_01727,bang live nya 24 jam?,not_relevant,neutral
gen_01728,min live nya ga pernah berhenti,not_relevant,neutral
gen_01729,kak live ini dari jam berapa tadi?,not_relevant,neutral
gen_01730,bang live nya mulai jam berapa?,not_relevant,neutral
gen_01731,min live nya sampai jam berapa?,not_relevant,neutral
gen_01732,kak ini live lagi main apa?,not_relevant,neutral
gen_01733,bang ini live lagi ngapain?,not_relevant,neutral
gen_01734,min ini live jualan apa?,not_relevant,neutral
gen_01735,kak ini live lagi promo apa?,not_relevant,neutral
gen_01736,bang ini live lagi diskon apa?,not_relevant,neutral
gen_01737,min ini live lagi event apa?,not_relevant,neutral
gen_01738,kak ini live lagi bagi bagi apa?,not_relevant,neutral
gen_01739,bang ini live lagi kuis apa?,not_relevant,neutral
gen_01740,min ini live lagi gimmick apa?,not_relevant,neutral
gen_01741,kak ini live lagi challenge apa?,not_relevant,neutral
gen_01742,bang ini live lagi game apa?,not_relevant,neutral
gen_01743,min ini live lagi tebak tebakan?,not_relevant,neutral
gen_01744,kak ini live lagi nyanyi?,not_relevant,neutral
gen_01745,bang ini live lagi dance?,not_relevant,neutral
gen_01746,min ini live lagi joget?,not_relevant,neutral
gen_01747,kak ini live lagi santai?,not_relevant,neutral
gen_01748,bang ini live lagi nongkrong?,not_relevant,neutral
gen_01749,min ini live lagi jalan jalan?,not_relevant,neutral
gen_01750,kak ini live lagi makan?,not_relevant,neutral
gen_01751,bang ini live lagi ngemil?,not_relevant,neutral
gen_01752,min ini live lagi masak?,not_relevant,neutral
gen_01753,kak ini live lagi bersih bersih?,not_relevant,neutral
gen_01754,bang ini live lagi packing?,not_relevant,neutral
gen_01755,min ini live lagi ngepack pesanan?,not_relevant,neutral
gen_01756,kak ini live lagi ngitung barang?,not_relevant,positive
gen_01757,bang ini live lagi stok barang?,not_relevant,neutral
gen_01758,min ini live lagi katalog?,not_relevant,neutral
gen_01759,kak ini live lagi foto produk?,not_relevant,positive
gen_01760,bang ini live lagi video produk?,not_relevant,neutral
gen_01761,min ini live lagi desain?,not_relevant,neutral
gen_01762,kak ini live lagi edit?,not_relevant,neutral
gen_01763,bang ini live lagi bikin konten?,not_relevant,neutral
gen_01764,min ini live lagi planning?,not_relevant,neutral
gen_01765,kak ini live lagi meeting?,not_relevant,neutral
gen_01766,bang ini live lagi rapat?,not_relevant,neutral
gen_01767,min ini live lagi ngobrol doang?,not_relevant,neutral
gen_01768,kak ini live lagi share tips?,not_relevant,neutral
gen_01769,bang ini live lagi tips jualan?,not_relevant,neutral
gen_01770,min ini live lagi tips content?,not_relevant,neutral
gen_01771,kak ini live lagi tips editing?,not_relevant,neutral
gen_01772,bang ini live lagi tips live?,not_relevant,neutral
gen_01773,min ini live lagi tips jualan online?,not_relevant,neutral
gen_01774,kak ini live lagi cerita?,not_relevant,neutral
gen_01775,bang ini live lagi curhat?,not_relevant,neutral
gen_01776,min ini live lagi galau?,not_relevant,neutral
gen_01777,kak ini live lagi happy?,not_relevant,neutral
gen_01778,bang ini live lagi senior?,not_relevant,neutral
gen_01779,min ini live lagi marah?,not_relevant,neutral
gen_01780,kak ini live lagi cape?,not_relevant,neutral
gen_01781,bang ini live lagi ngantuk?,not_relevant,neutral
gen_01782,min ini live lagi lelah?,not_relevant,neutral
gen_01783,kak ini live lagi semangat?,not_relevant,neutral
gen_01784,bang ini live lagi on fire?,not_relevant,neutral
gen_01785,min ini live lagi gacor?,not_relevant,neutral
gen_01786,kak ini live lagi rame?,not_relevant,neutral
gen_01787,bang ini live lagi sepi?,not_relevant,neutral
gen_01788,min ini live lagi normal?,not_relevant,neutral
gen_01789,kak ini live lagi biasa?,not_relevant,neutral
gen_01790,bang ini live lagi santuy?,not_relevant,neutral
gen_01791,min ini live lagi asik?,not_relevant,neutral
gen_01792,kak ini live lagi seru?,not_relevant,positive
gen_01793,bang ini live lagi kacau?,not_relevant,negative
gen_01794,min ini live lagi berisik?,not_relevant,neutral
gen_01795,kak ini live lagi hening?,not_relevant,neutral
gen_01796,bang ini live lagi tenang?,not_relevant,neutral
gen_01797,min ini live lagi adem?,not_relevant,neutral
gen_01798,kak ini live lagi dingin?,not_relevant,neutral
gen_01799,bang ini live lagi panas?,not_relevant,neutral
gen_01800,min ini live lagi gerah?,not_relevant,neutral
gen_01801,kak ini live lagi hujan?,not_relevant,neutral
gen_01802,bang ini live lagi gerimis?,not_relevant,neutral
gen_01803,min ini live lagi mendung?,not_relevant,neutral
gen_01804,kak ini live lagi panas terik?,not_relevant,neutral
gen_01805,bang ini live lagi malam?,not_relevant,neutral
gen_01806,min ini live lagi subuh?,not_relevant,neutral
gen_01807,kak ini live lagi pagi?,not_relevant,neutral
gen_01808,bang ini live lagi siang?,not_relevant,neutral
gen_01809,min ini live lagi sore?,not_relevant,neutral
gen_01810,kak ini live lagi maghrib?,not_relevant,neutral
gen_01811,bang ini live lagi isya?,not_relevant,neutral
gen_01812,min ini live lagi dzuhur?,not_relevant,neutral
gen_01813,kak ini live lagi ashar?,not_relevant,neutral
gen_01814,bang ini live lagi sahur?,not_relevant,negative
gen_01815,min ini live lagi buka puasa?,not_relevant,neutral
gen_01816,kak ini live lagi lebaran?,not_relevant,neutral
gen_01817,bang ini live lagi natal?,not_relevant,neutral
gen_01818,min ini live lagi tahun baru?,not_relevant,neutral
gen_01819,kak ini live lagi imlek?,not_relevant,neutral
gen_01820,bang ini live lagi nyepi?,not_relevant,neutral
gen_01821,min ini live lagi idul fitri?,not_relevant,neutral
gen_01822,kak ini live lagi idul adha?,not_relevant,neutral
gen_01823,bang ini live lagi ramadhan?,not_relevant,neutral
gen_01824,min ini live lagi tanggal tua?,not_relevant,negative
gen_01825,kak ini live lagi awal bulan?,not_relevant,neutral
gen_01826,bang ini live lagi akhir bulan?,not_relevant,neutral
gen_01827,min ini live lagi payday?,not_relevant,neutral
gen_01828,kak ini live lagi gajian?,not_relevant,neutral
gen_01829,bang ini live lagi tanggal muda?,not_relevant,neutral
gen_01830,min ini live lagi tanggal 17an?,not_relevant,neutral
gen_01831,kak ini live lagi hari guru?,not_relevant,neutral
gen_01832,bang ini live lagi hari pahlawan?,not_relevant,neutral
gen_01833,min ini live lagi hari ibu?,not_relevant,neutral
gen_01834,kak ini live lagi hari ayah?,not_relevant,neutral
gen_01835,bang ini live lagi hari anak?,not_relevant,neutral
gen_01836,min ini live lagi hari kartini?,not_relevant,neutral
gen_01837,kak ini live lagi hari kemerdekaan?,not_relevant,neutral
gen_01838,bang ini live lagi hari raya?,not_relevant,neutral
gen_01839,min ini live lagi hari sabtu?,not_relevant,neutral
gen_01840,kak ini live lagi hari minggu?,not_relevant,neutral
gen_01841,bang ini live lagi hari senin?,not_relevant,neutral
gen_01842,min ini live lagi hari kerja?,not_relevant,neutral
gen_01843,kak ini live lagi weekend?,not_relevant,neutral
gen_01844,bang ini live lagi weekday?,not_relevant,neutral
gen_01845,min ini live lagi libur?,not_relevant,neutral
gen_01846,kak ini live lagi cuti?,not_relevant,neutral
gen_01847,bang ini live lagi off?,not_relevant,neutral
gen_01848,min ini live lagi on?,not_relevant,neutral
gen_01849,kak ini live lagi aktif?,not_relevant,neutral
gen_01850,bang ini live lagi tidak aktif?,not_relevant,neutral
gen_01851,min ini live lagi tidur dulu?,not_relevant,neutral
gen_01852,kak ini live lagi istirahat?,not_relevant,neutral
gen_01853,bang ini live lagi rehat?,not_relevant,neutral
gen_01854,min ini live lagi break?,not_relevant,neutral
gen_01855,kak ini live lagi jeda?,not_relevant,neutral
gen_01856,bang ini live lagi lanjut?,not_relevant,neutral
gen_01857,min ini live lagi next?,not_relevant,positive
gen_01858,kak ini live lagi sambung?,not_relevant,neutral
gen_01859,bang ini live lagi stay?,not_relevant,neutral
gen_01860,min ini live lagi tahan?,not_relevant,neutral
gen_01861,kak ini live lagi kuy?,not_relevant,neutral
gen_01862,bang ini live lagi gas?,not_relevant,neutral
gen_01863,min ini live lagi lanjut terus?,not_relevant,neutral
gen_01864,﻿kak ini kenangan masa kecil banget,not_relevant,neutral
gen_01865,bang jadi inget jaman dulu,not_relevant,neutral
gen_01866,min nostalgia banget nonton ini,not_relevant,neutral
gen_01867,kak pas jaman kecil gue juga gini,not_relevant,neutral
gen_01868,bang dulu ada tv kayak gini di rumah,not_relevant,neutral
gen_01869,min ingetnya pas main di sawah,not_relevant,neutral
gen_01870,kak dulu gue sering beli es di warung sini,not_relevant,neutral
gen_01871,bang ini bikin inget kampung halaman,not_relevant,neutral
gen_01872,min rindu jaman main layang layang,not_relevant,neutral
gen_01873,kak dulu suka banget main kelereng,not_relevant,neutral
gen_01874,bang ini bikin inget masa sekolah,not_relevant,neutral
gen_01875,min inget jaman ngumpulin kartu,not_relevant,neutral
gen_01876,kak dulu gue punya hp sejenis ini,not_relevant,neutral
gen_01877,bang jaman masih pake modem telkomsel,not_relevant,neutral
gen_01878,min ini bikin inget warnet jaman dulu,not_relevant,neutral
gen_01879,kak dulu chat masih pake sms,not_relevant,neutral
gen_01880,bang ini era nya anak 90an,not_relevant,neutral
gen_01881,min bikin inget jaman mixtape,not_relevant,neutral
gen_01882,kak dulu denger lagu pake walkman,not_relevant,neutral
gen_01883,bang ini bikin inget juga ya,not_relevant,neutral
gen_01884,min gue juga ngalamin ini,not_relevant,neutral
gen_01885,kak ternyata gue juga gitu,not_relevant,neutral
gen_01886,bang kok relate banget ini,not_relevant,neutral
gen_01887,min ini mah curhatan gue,not_relevant,neutral
gen_01888,kak gue juga pernah ngerasain,not_relevant,neutral
gen_01889,bang ini bikin gue bangga jadi orang sini,not_relevant,neutral
gen_01890,min ini khas banget budaya kita,not_relevant,neutral
gen_01891,kak ini bikin rindu rumah,not_relevant,neutral
gen_01892,bang ini bikin pengen pulang kampung,not_relevant,neutral
gen_01893,min kampung gue juga gini,not_relevant,neutral
gen_01894,kak gue juga dari daerah sini,not_relevant,neutral
gen_01895,bang kita satu daerah dong,not_relevant,neutral
gen_01896,min ternyata sefrekuensi,not_relevant,neutral
gen_01897,kak ini tandanya kita satu generasi,not_relevant,neutral
gen_01898,bang ini bikin inget temen lama,not_relevant,neutral
gen_01899,min ini bikin inget sahabat waktu kecil,not_relevant,neutral
gen_01900,kak dulu gue punya temen kayak gitu,not_relevant,neutral
gen_01901,bang ini bikin inget rekan kerja,not_relevant,neutral
gen_01902,min ini bikin inget gebetan lama,not_relevant,neutral
gen_01903,kak ini bikin inget mantan wkwk,not_relevant,neutral
gen_01904,bang jangan ingat ingat lagi,not_relevant,neutral
gen_01905,min move on bang,not_relevant,neutral
gen_01906,kak ini mah masa laluku,not_relevant,neutral
gen_01907,bang ini bikin ketawa sendiri,not_relevant,neutral
gen_01908,min ketawa ga ketawan wkwk,not_relevant,neutral
gen_01909,kak ini bikin ngakak sendirian,not_relevant,neutral
gen_01910,bang pasangan nonton ini pasti ketawa,not_relevant,positive
gen_01911,min istri gue jg suka ini wkwk,not_relevant,neutral
gen_01912,kak anak gue juga suka nonton ini,not_relevant,positive
gen_01913,bang ini bikin keluarga pada ketawa,not_relevant,neutral
gen_01914,min ini hiburan keluarga banget,not_relevant,neutral
gen_01915,kak ini bikin bucket list gue,not_relevant,neutral
gen_01916,bang masuk wishlist gue,not_relevant,neutral
gen_01917,min pengen coba juga sih,not_relevant,neutral
gen_01918,kak ini jadi referensi gue,not_relevant,neutral
gen_01919,bang ini jadi catatan gue buat liburan,not_relevant,negative
gen_01920,min ini bikin pengen ke sana,not_relevant,neutral
gen_01921,kak pengen banget kesana,not_relevant,neutral
gen_01922,bang ini bikin pengen jalan jalan,not_relevant,neutral
gen_01923,min gue jadi pengen cuti,not_relevant,neutral
gen_01924,kak liburan berikutnya ke sini ah,not_relevant,neutral
gen_01925,bang ini udah masuk list gue,not_relevant,neutral
gen_01926,min ini bikin makin pengen pergi,not_relevant,neutral
gen_01927,kak ini bikin pengen healing,not_relevant,neutral
gen_01928,bang ini bikin kita semua penasaran,not_relevant,neutral
gen_01929,min ini bikin pengen tau lebih lanjut,not_relevant,neutral
gen_01930,kak ini bikin gue riset dulu ah,not_relevant,neutral
gen_01931,bang ini info yang gue cari,not_relevant,neutral
gen_01932,min ini jawaban dari penasaran gue,not_relevant,neutral
gen_01933,kak ini bikin wawasan nambah,not_relevant,neutral
gen_01934,bang ini bikin gue sadar sesuatu,not_relevant,neutral
gen_01935,min ini bikin gue mikir panjang,not_relevant,neutral
gen_01936,kak ini bikin gue terharu,not_relevant,neutral
gen_01937,bang ini bikin gue merinding,not_relevant,neutral
gen_01938,min ini bikin haru campur bangga,not_relevant,neutral
gen_01939,kak ini bikin gue bangga,not_relevant,negative
gen_01940,bang ini bikin gue salut,not_relevant,neutral
gen_01941,min ini bikin gue nangis wkwk,not_relevant,neutral
gen_01942,kak ini bikin gue sedih,not_relevant,neutral
gen_01943,bang ini bikin gue emosi,not_relevant,neutral
gen_01944,min ini bikin gue tenang,not_relevant,neutral
gen_01945,kak ini bikin gue adem,not_relevant,neutral
gen_01946,bang ini bikin gue damai,not_relevant,neutral
gen_01947,min ini bikin gue fresh,not_relevant,neutral
gen_01948,kak ini bikin gue segar,not_relevant,neutral
gen_01949,bang ini bikin gue lapangan jogja,not_relevant,neutral
gen_01950,min ini bikin gue kangen,not_relevant,neutral
gen_01951,kak ini bikin gue terinspirasi,not_relevant,neutral
gen_01952,bang ini bikin gue termotivasi,not_relevant,neutral
gen_01953,min ini bikin gue semangat kerja,not_relevant,neutral
gen_01954,kak ini bikin gue pengen produktif,not_relevant,neutral
gen_01955,bang ini bikin gue pengen bangun pagi,not_relevant,neutral
gen_01956,min ini bikin gue pengen olahraga,not_relevant,neutral
gen_01957,kak ini bikin gue pengen baca buku,not_relevant,neutral
gen_01958,bang ini bikin gue pengen belajar,not_relevant,neutral
gen_01959,min ini bikin gue pengen nabung,not_relevant,neutral
gen_01960,kak ini bikin gue pengen investasi,not_relevant,neutral
gen_01961,bang ini bikin gue pengen jualan online,not_relevant,neutral
gen_01962,min ini bikin gue pengen mulai usaha,not_relevant,neutral
gen_01963,kak ini bikin gue makin betah di tiktok,not_relevant,neutral
gen_01964,bang pemirsa setia dari dulu,not_relevant,neutral
gen_01965,min gue udah lama follow,not_relevant,neutral
gen_01966,kak udah jadi langganan nonton,not_relevant,neutral
gen_01967,bang gue tau bakal gini,not_relevant,neutral
gen_01968,min gue udah nebak dari awal,not_relevant,neutral
gen_01969,kak kok bisa tau gue,not_relevant,neutral
gen_01970,bang ini kelewat accureat,not_relevant,neutral
gen_01971,min ini ngena banget,not_relevant,neutral
gen_01972,kak ini shirt jadi cerminan,not_relevant,neutral
gen_01973,bang ini jadi refleksi,not_relevant,neutral
gen_01974,min ini jadi pengingat,not_relevant,neutral
gen_01975,kak ini jadi pelajaran,not_relevant,neutral
gen_01976,bang ini jadi catatan,not_relevant,neutral
gen_01977,min ini jadi pengalaman,not_relevant,neutral
gen_01978,kak ini jadi cerita,not_relevant,neutral
gen_01979,bang ini jadi kenangan,not_relevant,neutral
gen_01980,min ini jadi sejarah,not_relevant,neutral
gen_01981,kak ini jadi budaya,not_relevant,neutral
gen_01982,bang ini jadi identitas,not_relevant,neutral
gen_01983,min ini jadi karakter,not_relevant,neutral
gen_01984,kak ini jadi ciri khas,not_relevant,neutral
gen_01985,bang ini jadi jati diri,not_relevant,positive
gen_01986,min ini jadi kebanggaan,not_relevant,positive
gen_01987,kak ini jadi kebanggaan kita,not_relevant,neutral
gen_01988,bang ini jadi milik kita,not_relevant,neutral
gen_01989,min ini jadi warisan,not_relevant,neutral
gen_01990,kak ini jadi penanda zaman,not_relevant,neutral
gen_01991,bang ini jadi tanda jaman,not_relevant,negative
gen_01992,min generasi sekarang wajib tau,not_relevant,neutral
gen_01993,kak generasi muda harus lihat,not_relevant,neutral
gen_01994,bang anak sekarang harus tau,not_relevant,negative
gen_01995,min biar ga lupa sejarah,not_relevant,neutral
gen_01996,kak biar makin dihargai,not_relevant,neutral
gen_01997,bang biar makin dicintai,not_relevant,neutral
gen_01998,min biar makin diingat,not_relevant,neutral
gen_01999,kak biar makin dikenal,not_relevant,neutral
gen_02000,bang biar makin disukai,not_relevant,neutral
gen_02001,min biar makin ramai,not_relevant,neutral
gen_02002,kak biar makin viral,not_relevant,neutral
gen_02003,bang biar makin gacor,not_relevant,neutral
gen_02004,min biar makin rame,not_relevant,neutral
gen_02005,kak biar makin seru,not_relevant,neutral
gen_02006,bang biar makin ramai terus,not_relevant,neutral
gen_02007,kak ini bikin inget waktu kuliah dulu,not_relevant,neutral
gen_02008,bang ini bikin inget masa kerja pertama,not_relevant,neutral
gen_02009,min ini bikin inget jaman ngekos,not_relevant,positive
gen_02010,kak ini bikin inget jaman magang,not_relevant,neutral
gen_02011,bang ini bikin inget sidang skripsi,not_relevant,neutral
gen_02012,min ini bikin inget jaman kkn,not_relevant,neutral
gen_02013,kak ini bikin inget jaman ospek,not_relevant,neutral
gen_02014,bang ini bikin inget jaman pkl,not_relevant,neutral
gen_02015,min ini bikin inget jaman auret,not_relevant,neutral
gen_02016,kak ini bikin inget hadiah ulang tahun,not_relevant,neutral
gen_02017,bang ini bikin inget jaman ngumpul keluarga,not_relevant,neutral
gen_02018,min ini bikin inget jaman main bareng sepupu,not_relevant,neutral
gen_02019,kak ini bikin inget jaman puasa pertama,not_relevant,neutral
gen_02020,bang ini bikin inget jaman sahur bareng,not_relevant,neutral
gen_02021,min ini bikin inget takbiran dulu,not_relevant,neutral
gen_02022,kak ini bikin inget jaman bagi angpao,not_relevant,neutral
gen_02023,bang ini bikin inget jaman kumpul kado,not_relevant,neutral
gen_02024,min ini bikin inget jaman lomba 17an,not_relevant,neutral
gen_02025,kak ini bikin inget jaman gerak jalan,not_relevant,neutral
gen_02026,bang ini bikin inget pasar malam dulu,not_relevant,neutral
gen_02027,min ini bikin inget jaman naik delman,not_relevant,neutral
gen_02028,kak ini bikin inget jaman naik bemo,not_relevant,neutral
gen_02029,bang ini bikin inget jaman naik angkot,not_relevant,neutral
gen_02030,min ini bikin inget jaman naik oplet,not_relevant,neutral
gen_02031,kak ini bikin inget jaman naik kereta,not_relevant,neutral
gen_02032,bang ini bikin inget jaman naik kapal,not_relevant,neutral
gen_02033,min ini bikin inget jaman naik pesawat pertama,not_relevant,neutral
gen_02034,kak ini bikin inget jaman naik sepeda baru,not_relevant,neutral
gen_02035,bang ini bikin inget jaman dapat sepeda kumbang,not_relevant,neutral
gen_02036,min ini bikin inget jaman main gundu,not_relevant,neutral
gen_02037,﻿kak ini berapa harganya?,price_inquiry,neutral
gen_02038,yang item harganya berapa bang,price_inquiry,negative
gen_02039,min harga tee ini berapa ya?,price_inquiry,neutral
gen_02040,kak etalase 3 itu berapa?,price_inquiry,neutral
gen_02041,bang yang abu2 berapa harganya?,price_inquiry,neutral
gen_02042,kak harga yang putih brp?,price_inquiry,neutral
gen_02043,min yg navy ini harga berapa?,price_inquiry,neutral
gen_02044,kak kalo yang coklat berapa ya?,price_inquiry,neutral
gen_02045,bang yang biru brp harganya kak?,price_inquiry,neutral
gen_02046,kak ini dijual berapa?,price_inquiry,neutral
gen_02047,min harga hoodie yang item berapa?,price_inquiry,neutral
gen_02048,kak yang cream berapa ya?,price_inquiry,neutral
gen_02049,bang yang hijau harganya berapa?,price_inquiry,neutral
gen_02050,kak etalase 8 brp ya?,price_inquiry,neutral
gen_02051,min yg pink ini harga berapa?,price_inquiry,neutral
gen_02052,kak kalo item brp harganya?,price_inquiry,neutral
gen_02053,bang yang abu2 brp kak?,price_inquiry,neutral
gen_02054,kak ini harga pas brp?,price_inquiry,neutral
gen_02055,min yang navy berapa harganya kak?,price_inquiry,neutral
gen_02056,kak yg putih etalase 12 brp?,price_inquiry,neutral
gen_02057,bang yang coklat harganya brp?,price_inquiry,neutral
gen_02058,kak yang biru berapa ya?,price_inquiry,neutral
gen_02059,min yg item ini brp kak?,price_inquiry,neutral
gen_02060,kak harga yang cream berapa?,price_inquiry,neutral
gen_02061,bang yg hijau etalase 16 brp?,price_inquiry,neutral
gen_02062,kak yang navy berapa harganya?,price_inquiry,neutral
gen_02063,min yang pink brp kak?,price_inquiry,neutral
gen_02064,kak yang abu2 harga berapa?,price_inquiry,neutral
gen_02065,bang yg biru etalase 20 brp kak?,price_inquiry,neutral
gen_02066,kak yang putih berapa ya min?,price_inquiry,neutral
gen_02067,min yang item brp harganya?,price_inquiry,neutral
gen_02068,kak yg coklat etalase 24 brp?,price_inquiry,neutral
gen_02069,bang yang navy harganya berapa?,price_inquiry,neutral
gen_02070,kak yang cream brp kak?,price_inquiry,neutral
gen_02071,min yang hijau berapa harganya?,price_inquiry,neutral
gen_02072,kak yg pink etalase 28 brp?,price_inquiry,neutral
gen_02073,bang yang item berapa ya?,price_inquiry,neutral
gen_02074,kak yang biru harganya brp?,price_inquiry,neutral
gen_02075,min yang abu2 etalase 2 brp kak?,price_inquiry,neutral
gen_02076,kak yang navy berapa?,price_inquiry,neutral
gen_02077,bang yg putih harganya berapa?,price_inquiry,neutral
gen_02078,kak yang coklat brp ya min?,price_inquiry,neutral
gen_02079,min yang item berapa harganya kak?,price_inquiry,neutral
gen_02080,kak yg hijau etalase 6 brp?,price_inquiry,neutral
gen_02081,bang yang pink harganya brp kak?,price_inquiry,neutral
gen_02082,kak yang abu2 berapa?,price_inquiry,neutral
gen_02083,min yg biru etalase 10 brp kak?,price_inquiry,neutral
gen_02084,kak yang cream berapa harganya?,price_inquiry,neutral
gen_02085,bang yang navy brp ya?,price_inquiry,negative
gen_02086,kak yg item etalase 14 brp?,price_inquiry,neutral
gen_02087,min yang coklat harganya berapa kak?,price_inquiry,neutral
gen_02088,kak yang hijau brp kak?,price_inquiry,negative
gen_02089,bang yang putih berapa harganya?,price_inquiry,neutral
gen_02090,kak yg pink etalase 18 brp?,price_inquiry,neutral
gen_02091,min yang abu2 berapa?,price_inquiry,neutral
gen_02092,kak yang biru harganya brp min?,price_inquiry,neutral
gen_02093,bang yang item etalase 22 brp?,price_inquiry,neutral
gen_02094,min yg cream etalase 26 brp kak?,price_inquiry,neutral
gen_02095,kak yang coklat berapa?,price_inquiry,neutral
gen_02096,bang yang hijau harganya berapa kak?,price_inquiry,neutral
gen_02097,kak yg item etalase 30 brp?,price_inquiry,neutral
gen_02098,min yang putih berapa harganya?,price_inquiry,neutral
gen_02099,kak yang pink brp ya bang?,price_inquiry,neutral
gen_02100,min yang abu2 harganya brp kak?,price_inquiry,neutral
gen_02101,kak yang navy etalase 4 brp?,price_inquiry,neutral
gen_02102,bang yang cream berapa?,price_inquiry,neutral
gen_02103,kak yg biru etalase 8 brp kak?,price_inquiry,neutral
gen_02104,min yang coklat berapa harganya?,price_inquiry,neutral
gen_02105,kak yang item brp?,price_inquiry,neutral
gen_02106,bang yang hijau harganya brp min?,price_inquiry,neutral
gen_02107,kak yg abu2 etalase 12 brp?,price_inquiry,neutral
gen_02108,kak yang putih brp ya?,price_inquiry,neutral
gen_02109,bang yang pink harganya berapa kak?,price_inquiry,neutral
gen_02110,kak yang coklat etalase 16 brp min?,price_inquiry,neutral
gen_02111,min yang item berapa?,price_inquiry,neutral
gen_02112,bang yang cream berapa harganya kak?,price_inquiry,neutral
gen_02113,kak yg navy etalase 20 brp?,price_inquiry,neutral
gen_02114,min yang abu2 berapa harganya?,price_inquiry,positive
gen_02115,kak yang hijau brp ya bang?,price_inquiry,neutral
gen_02116,min yang item harganya berapa kak?,price_inquiry,neutral
gen_02117,kak yang coklat etalase 24 brp?,price_inquiry,neutral
gen_02118,bang yang navy berapa?,price_inquiry,neutral
gen_02119,kak yg biru etalase 28 brp kak?,price_inquiry,neutral
gen_02120,min yang pink berapa harganya?,price_inquiry,neutral
gen_02121,kak yang cream brp?,price_inquiry,neutral
gen_02122,bang yang abu2 harganya berapa kak?,price_inquiry,neutral
gen_02123,kak yg item etalase 2 brp?,price_inquiry,neutral
gen_02124,kak yang hijau brp ya min?,price_inquiry,neutral
gen_02125,bang yang navy harganya brp kak?,price_inquiry,neutral
gen_02126,kak yg putih etalase 6 brp?,price_inquiry,neutral
gen_02127,min yang biru berapa?,price_inquiry,neutral
gen_02128,kak yang cream harganya brp?,price_inquiry,neutral
gen_02129,bang yang item berapa harganya kak?,price_inquiry,neutral
gen_02130,kak yang navy etalase 10 brp min?,price_inquiry,neutral
gen_02131,kak yang pink berapa harganya?,price_inquiry,neutral
gen_02132,kak yg coklat etalase 14 brp?,price_inquiry,neutral
gen_02133,min yang item harganya berapa?,price_inquiry,neutral
gen_02134,kak yang hijau berapa ya bang?,price_inquiry,neutral
gen_02135,bang yang cream etalase 18 brp kak?,price_inquiry,neutral
gen_02136,min yg abu2 etalase 22 brp?,price_inquiry,neutral
gen_02137,kak yang item harganya berapa kak?,price_inquiry,neutral
gen_02138,bang yang coklat brp?,price_inquiry,neutral
gen_02139,kak yang putih harganya berapa min?,price_inquiry,neutral
gen_02140,bang yang pink etalase 26 brp kak?,price_inquiry,neutral
gen_02141,kak yang hijau berapa harganya?,price_inquiry,positive
gen_02142,min yang navy brp ya?,price_inquiry,neutral
gen_02143,kak yg biru etalase 30 brp?,price_inquiry,neutral
gen_02144,kak yang item brp min?,price_inquiry,neutral
gen_02145,min yang abu2 harganya berapa?,price_inquiry,neutral
gen_02146,kak yg navy etalase 5 brp kak?,price_inquiry,neutral
gen_02147,bang yang coklat berapa?,price_inquiry,neutral
gen_02148,kak yang hijau harganya brp?,price_inquiry,neutral
gen_02149,min yg pink etalase 9 brp kak?,price_inquiry,neutral
gen_02150,kak yang item berapa harganya?,price_inquiry,neutral
gen_02151,bang yang putih brp ya?,price_inquiry,neutral
gen_02152,kak yang cream harganya berapa kak?,price_inquiry,neutral
gen_02153,min yang biru etalase 13 brp?,price_inquiry,neutral
gen_02154,bang yang item brp min?,price_inquiry,neutral
gen_02155,kak yg abu2 etalase 17 brp kak?,price_inquiry,neutral
gen_02156,kak yang hijau brp ya?,price_inquiry,neutral
gen_02157,kak yang biru etalase 21 brp?,price_inquiry,negative
gen_02158,min yang cream berapa harganya?,price_inquiry,neutral
gen_02159,kak yang item brp kak?,price_inquiry,neutral
gen_02160,bang yang navy harganya brp min?,price_inquiry,neutral
gen_02161,kak yg putih etalase 25 brp kak?,price_inquiry,neutral
gen_02162,kak yang coklat harganya berapa kak?,price_inquiry,neutral
gen_02163,bang yang hijau brp ya min?,price_inquiry,neutral
gen_02164,kak yang pink etalase 29 brp?,price_inquiry,neutral
gen_02165,min yang item berapa harganya?,price_inquiry,neutral
gen_02166,kak yang biru brp kak?,price_inquiry,neutral
gen_02167,bang yang cream harganya berapa?,price_inquiry,neutral
gen_02168,kak yg navy etalase 7 brp kak?,price_inquiry,neutral
gen_02169,min yang putih berapa?,price_inquiry,neutral
gen_02170,kak yang abu2 harganya brp min?,price_inquiry,negative
gen_02171,bang yang coklat etalase 11 brp kak?,price_inquiry,neutral
gen_02172,min yang pink brp?,price_inquiry,neutral
gen_02173,bang yang biru etalase 15 brp?,price_inquiry,neutral
gen_02174,min yang navy brp kak?,price_inquiry,neutral
gen_02175,kak yg putih etalase 19 brp?,price_inquiry,neutral
gen_02176,kak yang coklat brp min?,price_inquiry,neutral
gen_02177,kak yang hijau harganya berapa bang?,price_inquiry,neutral
gen_02178,min yang item etalase 23 brp kak?,price_inquiry,neutral
gen_02179,kak yang pink berapa?,price_inquiry,neutral
gen_02180,bang yang navy harganya brp?,price_inquiry,neutral
gen_02181,kak yg biru etalase 27 brp kak?,price_inquiry,neutral
gen_02182,kak yang item brp ya min?,price_inquiry,neutral
gen_02183,kak yang abu2 harganya brp?,price_inquiry,neutral
gen_02184,bang yang coklat berapa kak?,price_inquiry,neutral
gen_02185,min yang hijau etalase 5 brp?,price_inquiry,neutral
gen_02186,kak yang navy harganya berapa kak?,price_inquiry,neutral
gen_02187,bang yang putih brp min?,price_inquiry,neutral
gen_02188,kak yg pink etalase 9 brp?,price_inquiry,neutral
gen_02189,kak yang biru brp ya bang?,price_inquiry,neutral
gen_02190,min yang cream etalase 13 brp kak?,price_inquiry,neutral
gen_02191,kak yang abu2 berapa harganya?,price_inquiry,neutral
gen_02192,bang yang coklat brp kak?,price_inquiry,neutral
gen_02193,kak yang hijau harganya berapa min?,price_inquiry,neutral
gen_02194,kak yang item etalase 17 brp kak?,price_inquiry,neutral
gen_02195,min yang navy berapa?,price_inquiry,neutral
gen_02196,bang yang pink harganya brp?,price_inquiry,neutral
gen_02197,kak yg biru etalase 21 brp kak?,price_inquiry,neutral
gen_02198,kak yang abu2 harganya brp kak?,price_inquiry,neutral
gen_02199,bang yang coklat etalase 25 brp?,price_inquiry,neutral
gen_02200,kak yang hijau berapa harganya min?,price_inquiry,neutral
gen_02201,kak yg pink etalase 29 brp?,price_inquiry,neutral
gen_02202,bang yang item harganya brp kak?,price_inquiry,neutral
gen_02203,kak yang biru berapa harganya?,price_inquiry,neutral
gen_02204,min yang cream brp?,price_inquiry,neutral
gen_02205,kak yang abu2 harganya berapa bang?,price_inquiry,neutral
gen_02206,bang yang coklat etalase 7 brp kak?,price_inquiry,neutral
gen_02207,kak yang hijau brp?,price_inquiry,neutral
gen_02208,min yang item harganya brp kak?,price_inquiry,neutral
gen_02209,kak yang navy berapa harganya min?,price_inquiry,neutral
gen_02210,bang yang pink etalase 11 brp?,price_inquiry,neutral
gen_02211,kak yg biru brp kak?,price_inquiry,neutral
gen_02212,min yang cream harganya berapa?,price_inquiry,neutral
gen_02213,kak yang abu2 brp min?,price_inquiry,neutral
gen_02214,bang yang coklat harganya brp kak?,price_inquiry,neutral
gen_02215,kak yang hijau etalase 15 brp?,price_inquiry,neutral
gen_02216,kak yang navy brp ya min?,price_inquiry,neutral
gen_02217,kak yang pink harganya berapa kak?,price_inquiry,positive
gen_02218,bang yang biru etalase 19 brp?,price_inquiry,neutral
gen_02219,kak yang cream berapa?,price_inquiry,neutral
gen_02220,kak yang item etalase 23 brp min?,price_inquiry,neutral
gen_02221,bang yang coklat berapa harganya?,price_inquiry,neutral
gen_02222,min yang navy harganya berapa bang?,price_inquiry,neutral
gen_02223,kak yg pink etalase 27 brp?,price_inquiry,neutral
gen_02224,kak yang biru berapa?,price_inquiry,neutral
gen_02225,bang yang cream harganya brp kak?,price_inquiry,neutral
gen_02226,kak yang item berapa harganya min?,price_inquiry,positive
gen_02227,min yang abu2 etalase 5 brp kak?,price_inquiry,neutral
gen_02228,kak yang coklat brp?,price_inquiry,neutral
gen_02229,kak yang navy berapa harganya kak?,price_inquiry,neutral
gen_02230,kak yg putih etalase 9 brp?,price_inquiry,neutral
gen_02231,kak yang biru brp ya min?,price_inquiry,positive
gen_02232,bang yang cream etalase 13 brp kak?,price_inquiry,neutral
gen_02233,kak yang item harganya brp?,price_inquiry,neutral
gen_02234,min yang abu2 berapa harganya kak?,price_inquiry,neutral
gen_02235,kak yang hijau brp min?,price_inquiry,neutral
gen_02236,kak yg coklat etalase 17 brp kak?,price_inquiry,neutral
gen_02237,kak yang pink harganya brp kak?,price_inquiry,neutral
gen_02238,bang yang biru etalase 21 brp?,price_inquiry,neutral
gen_02239,kak yang cream harganya berapa min?,price_inquiry,neutral
gen_02240,kak yang navy brp kak?,price_inquiry,neutral
gen_02241,kak yg item etalase 25 brp kak?,price_inquiry,neutral
gen_02242,bang yang hijau harganya brp?,price_inquiry,neutral
gen_02243,kak yang coklat berapa harganya kak?,price_inquiry,neutral
gen_02244,min yang pink brp ya bang?,price_inquiry,positive
gen_02245,﻿kak harga tshirt nya brp?,price_inquiry,positive
gen_02246,min yang jeans hitam berapa?,price_inquiry,neutral
gen_02247,bang kemeja flanelnya brp ya?,price_inquiry,neutral
gen_02248,kak hoodie abu2 harganya berapa?,price_inquiry,neutral
gen_02249,min polo item brp kak?,price_inquiry,neutral
gen_02250,kak yang celana cargo berapa harganya?,price_inquiry,neutral
gen_02251,bang sweater cream brp?,price_inquiry,neutral
gen_02252,kak flannel navy harga brp kak?,price_inquiry,neutral
gen_02253,min kemeja kotak2 berapa?,price_inquiry,neutral
gen_02254,kak jogger item harganya berapa?,price_inquiry,neutral
gen_02255,bang jeans biru brp kak?,price_inquiry,neutral
gen_02256,kak polo hijau harga brp min?,price_inquiry,neutral
gen_02257,min tshirt putih brp harganya?,price_inquiry,neutral
gen_02258,kak hoodie navy berapa ya?,price_inquiry,neutral
gen_02259,bang kemeja denim brp?,price_inquiry,neutral
gen_02260,kak celana chino cream harganya brp?,price_inquiry,neutral
gen_02261,min flannel merah brp kak?,price_inquiry,neutral
gen_02262,kak sweater item harga berapa?,price_inquiry,neutral
gen_02263,bang tshirt abu2 brp harganya kak?,price_inquiry,neutral
gen_02264,kak jogger navy brp min?,price_inquiry,neutral
gen_02265,min jeans 30 brp harganya?,price_inquiry,neutral
gen_02266,kak kemeja putih berapa ya bang?,price_inquiry,negative
gen_02267,bang polo cream brp kak?,price_inquiry,neutral
gen_02268,kak hoodie item harga brp min?,price_inquiry,neutral
gen_02269,min flannel coklat brp harganya?,price_inquiry,neutral
gen_02270,kak celana cargo abu2 berapa?,price_inquiry,neutral
gen_02271,bang sweater navy harganya brp kak?,price_inquiry,neutral
gen_02272,kak tshirt item brp min?,price_inquiry,neutral
gen_02273,min jogger hitam berapa harganya?,price_inquiry,neutral
gen_02274,kak kemeja flanel brp kak?,price_inquiry,neutral
gen_02275,bang jeans 32 harganya brp min?,price_inquiry,neutral
gen_02276,kak polo abu2 brp?,price_inquiry,neutral
gen_02277,min hoodie coklat berapa harganya?,price_inquiry,neutral
gen_02278,kak flannel item brp kak?,price_inquiry,neutral
gen_02279,bang celana chino navy harganya brp?,price_inquiry,neutral
gen_02280,kak sweater cream berapa min?,price_inquiry,neutral
gen_02281,min kemeja kotak2 item brp?,price_inquiry,neutral
gen_02282,kak tshirt navy harganya brp kak?,price_inquiry,neutral
gen_02283,bang jogger abu2 brp min?,price_inquiry,neutral
gen_02284,kak jeans 34 berapa harganya?,price_inquiry,neutral
gen_02285,min polo hijau brp kak?,price_inquiry,neutral
gen_02286,kak hoodie putih harganya berapa?,price_inquiry,neutral
gen_02287,bang flannel merah brp min?,price_inquiry,neutral
gen_02288,kak kemeja denim brp harganya kak?,price_inquiry,neutral
gen_02289,min celana cargo item berapa?,price_inquiry,neutral
gen_02290,kak sweater abu2 brp kak?,price_inquiry,neutral
gen_02291,bang tshirt cream harganya brp min?,price_inquiry,neutral
gen_02292,kak jogger navy berapa?,price_inquiry,neutral
gen_02293,min jeans item brp harganya kak?,price_inquiry,neutral
gen_02294,kak polo navy brp min?,price_inquiry,neutral
gen_02295,bang hoodie cream harganya berapa?,price_inquiry,neutral
gen_02296,kak kemeja flanel item brp kak?,price_inquiry,neutral
gen_02297,min celana chino abu2 berapa?,price_inquiry,neutral
gen_02298,kak sweater hijau harganya brp min?,price_inquiry,neutral
gen_02299,bang tshirt pink brp kak?,price_inquiry,negative
gen_02300,kak jogger cream berapa harganya?,price_inquiry,neutral
gen_02301,min jeans biru brp?,price_inquiry,neutral
gen_02302,kak polo item harganya brp kak?,price_inquiry,neutral
gen_02303,bang hoodie abu2 berapa min?,price_inquiry,neutral
gen_02304,kak kemeja kotak2 navy harganya brp?,price_inquiry,neutral
gen_02305,min celana cargo cream brp kak?,price_inquiry,neutral
gen_02306,kak sweater navy berapa?,price_inquiry,neutral
gen_02307,bang flannel abu2 harganya brp min?,price_inquiry,neutral
gen_02308,kak tshirt item brp kak?,price_inquiry,neutral
gen_02309,min jogger hijau berapa harganya?,price_inquiry,neutral
gen_02310,kak jeans coklat brp min?,price_inquiry,neutral
gen_02311,bang polo cream harganya brp kak?,price_inquiry,neutral
gen_02312,kak hoodie navy berapa min?,price_inquiry,neutral
gen_02313,min kemeja flanel coklat brp?,price_inquiry,neutral
gen_02314,kak celana chino item harganya brp kak?,price_inquiry,neutral
gen_02315,bang sweater pink brp min?,price_inquiry,neutral
gen_02316,kak tshirt abu2 berapa harganya?,price_inquiry,neutral
gen_02317,min jogger navy brp kak?,price_inquiry,neutral
gen_02318,kak jeans hitam harganya berapa?,price_inquiry,neutral
gen_02319,bang polo navy brp min?,price_inquiry,neutral
gen_02320,kak hoodie item berapa harganya kak?,price_inquiry,neutral
gen_02321,min kemeja denim abu2 brp?,price_inquiry,neutral
gen_02322,kak celana cargo hijau harganya brp min?,price_inquiry,neutral
gen_02323,bang sweater cream brp kak?,price_inquiry,neutral
gen_02324,kak tshirt navy berapa?,price_inquiry,neutral
gen_02325,min jogger item harganya brp kak?,price_inquiry,neutral
gen_02326,kak jeans biru brp min?,price_inquiry,neutral
gen_02327,bang polo hijau berapa harganya?,price_inquiry,neutral
gen_02328,kak hoodie coklat brp kak?,price_inquiry,neutral
gen_02329,min kemeja flanel merah harganya brp?,price_inquiry,neutral
gen_02330,kak celana chino navy brp min?,price_inquiry,neutral
gen_02331,bang sweater abu2 berapa harganya kak?,price_inquiry,neutral
gen_02332,kak tshirt cream brp?,price_inquiry,neutral
gen_02333,min jogger abu2 harganya brp kak?,price_inquiry,neutral
gen_02334,kak jeans item berapa min?,price_inquiry,positive
gen_02335,bang polo abu2 harganya brp?,price_inquiry,neutral
gen_02336,kak hoodie putih brp kak?,price_inquiry,neutral
gen_02337,min kemeja kotak2 hijau berapa harganya?,price_inquiry,neutral
gen_02338,kak celana cargo navy brp min?,price_inquiry,neutral
gen_02339,bang sweater item berapa?,price_inquiry,neutral
gen_02340,kak tshirt pink harganya brp kak?,price_inquiry,neutral
gen_02341,min jogger cream brp min?,price_inquiry,neutral
gen_02342,kak jeans cream harganya berapa?,price_inquiry,neutral
gen_02343,kak hoodie navy berapa harganya min?,price_inquiry,neutral
gen_02344,min kemeja flanel abu2 brp?,price_inquiry,neutral
gen_02345,kak celana chino cream harganya brp kak?,price_inquiry,neutral
gen_02346,bang sweater hijau berapa min?,price_inquiry,neutral
gen_02347,kak tshirt item harganya brp kak?,price_inquiry,neutral
gen_02348,min jogger navy berapa?,price_inquiry,neutral
gen_02349,kak jeans navy harganya brp min?,price_inquiry,neutral
gen_02350,bang polo item brp kak?,price_inquiry,neutral
gen_02351,kak hoodie cream berapa harganya?,price_inquiry,neutral
gen_02352,min kemeja denim item brp kak?,price_inquiry,neutral
gen_02353,kak celana cargo abu2 harganya brp min?,price_inquiry,neutral
gen_02354,bang sweater coklat berapa?,price_inquiry,neutral
gen_02355,kak tshirt navy brp kak?,price_inquiry,neutral
gen_02356,min jogger item harganya brp?,price_inquiry,neutral
gen_02357,kak jeans hijau berapa min?,price_inquiry,neutral
gen_02358,bang polo navy harganya brp kak?,price_inquiry,neutral
gen_02359,kak hoodie abu2 berapa?,price_inquiry,neutral
gen_02360,min kemeja flanel cream harganya brp kak?,price_inquiry,neutral
gen_02361,kak celana chino item brp min?,price_inquiry,neutral
gen_02362,bang sweater pink berapa harganya?,price_inquiry,neutral
gen_02363,kak tshirt cream brp kak?,price_inquiry,neutral
gen_02364,min jogger abu2 harganya berapa?,price_inquiry,neutral
gen_02365,kak jeans cream brp min?,price_inquiry,neutral
gen_02366,bang polo hijau harganya brp kak?,price_inquiry,neutral
gen_02367,kak hoodie item berapa?,price_inquiry,neutral
gen_02368,min kemeja kotak2 navy harganya brp kak?,price_inquiry,neutral
gen_02369,kak celana cargo item brp min?,price_inquiry,neutral
gen_02370,bang sweater abu2 berapa harganya?,price_inquiry,neutral
gen_02371,kak tshirt hijau brp kak?,price_inquiry,neutral
gen_02372,min jogger navy harganya brp?,price_inquiry,neutral
gen_02373,kak jeans item berapa harganya min?,price_inquiry,neutral
gen_02374,min kemeja denim coklat harganya brp kak?,price_inquiry,neutral
gen_02375,kak celana chino hijau berapa?,price_inquiry,neutral
gen_02376,bang sweater cream harganya brp min?,price_inquiry,neutral
gen_02377,kak tshirt abu2 brp kak?,price_inquiry,neutral
gen_02378,min jogger item berapa?,price_inquiry,negative
gen_02379,kak jeans biru harganya brp min?,price_inquiry,neutral
gen_02380,bang polo item berapa harganya kak?,price_inquiry,neutral
gen_02381,kak hoodie coklat brp min?,price_inquiry,neutral
gen_02382,min kemeja flanel navy harganya brp kak?,price_inquiry,neutral
gen_02383,kak celana cargo cream berapa harganya?,price_inquiry,positive
gen_02384,bang sweater item brp min?,price_inquiry,neutral
gen_02385,min jogger hijau harganya berapa?,price_inquiry,neutral
gen_02386,kak hoodie abu2 berapa harganya min?,price_inquiry,positive
gen_02387,min kemeja kotak2 item brp kak?,price_inquiry,neutral
gen_02388,kak celana chino navy berapa?,price_inquiry,neutral
gen_02389,bang sweater coklat harganya brp min?,price_inquiry,neutral
gen_02390,kak tshirt item berapa harganya kak?,price_inquiry,neutral
gen_02391,min jogger navy brp min?,price_inquiry,neutral
gen_02392,kak jeans item brp?,price_inquiry,neutral
gen_02393,bang polo abu2 harganya brp kak?,price_inquiry,neutral
gen_02394,kak hoodie cream berapa harganya min?,price_inquiry,neutral
gen_02395,min kemeja flanel item brp kak?,price_inquiry,neutral
gen_02396,bang sweater navy harganya brp min?,price_inquiry,neutral
gen_02397,kak tshirt cream berapa harganya kak?,price_inquiry,neutral
gen_02398,min jogger item brp?,price_inquiry,neutral
gen_02399,kak jeans hijau brp min?,price_inquiry,neutral
gen_02400,bang polo cream berapa harganya kak?,price_inquiry,neutral
gen_02401,kak hoodie navy brp?,price_inquiry,neutral
gen_02402,min kemeja denim abu2 harganya brp kak?,price_inquiry,neutral
gen_02403,kak celana chino item berapa harganya min?,price_inquiry,neutral
gen_02404,bang sweater pink brp?,price_inquiry,negative
gen_02405,kak tshirt navy berapa harganya kak?,price_inquiry,neutral
gen_02406,min jogger abu2 brp min?,price_inquiry,neutral
gen_02407,kak jeans biru berapa?,price_inquiry,positive
gen_02408,bang polo item harganya brp kak?,price_inquiry,neutral
gen_02409,kak hoodie item berapa harganya min?,price_inquiry,neutral
gen_02410,min kemeja flanel navy brp kak?,price_inquiry,neutral
gen_02411,kak celana cargo hijau berapa harganya?,price_inquiry,neutral
gen_02412,bang sweater cream brp min?,price_inquiry,neutral
gen_02413,min jogger navy harganya berapa?,price_inquiry,neutral
gen_02414,kak jeans cream berapa min?,price_inquiry,neutral
gen_02415,kak hoodie coklat berapa?,price_inquiry,neutral
gen_02416,min kemeja kotak2 cream harganya brp kak?,price_inquiry,neutral
gen_02417,kak celana chino abu2 berapa min?,price_inquiry,neutral
gen_02418,bang sweater item berapa harganya kak?,price_inquiry,neutral
gen_02419,kak tshirt hijau brp min?,price_inquiry,neutral
gen_02420,min jogger item brp kak?,price_inquiry,neutral
gen_02421,bang polo abu2 berapa harganya min?,price_inquiry,neutral
gen_02422,kak hoodie navy brp kak?,price_inquiry,neutral
gen_02423,min kemeja flanel item berapa?,price_inquiry,neutral
gen_02424,kak celana cargo navy harganya brp kak?,price_inquiry,neutral
gen_02425,bang sweater abu2 berapa min?,price_inquiry,neutral
gen_02426,min jogger hijau brp?,price_inquiry,neutral
gen_02427,kak hoodie item berapa min?,price_inquiry,neutral
gen_02428,min kemeja denim navy harganya brp kak?,price_inquiry,neutral
gen_02429,kak celana chino cream berapa?,price_inquiry,neutral
gen_02430,bang sweater coklat berapa harganya kak?,price_inquiry,neutral
gen_02431,kak tshirt navy brp min?,price_inquiry,neutral
gen_02432,min jogger abu2 berapa?,price_inquiry,neutral
gen_02433,kak jeans biru harganya brp kak?,price_inquiry,neutral
gen_02434,bang polo hijau berapa min?,price_inquiry,neutral
gen_02435,kak hoodie cream harganya brp kak?,price_inquiry,neutral
gen_02436,min kemeja flanel abu2 brp min?,price_inquiry,neutral
gen_02437,kak celana cargo item berapa?,price_inquiry,neutral
gen_02438,kak tshirt item berapa min?,price_inquiry,neutral
gen_02439,kak jeans cream harganya berapa min?,price_inquiry,neutral
gen_02440,bang polo item berapa?,price_inquiry,neutral
gen_02441,kak hoodie abu2 harganya brp kak?,price_inquiry,positive
gen_02442,min kemeja kotak2 navy brp min?,price_inquiry,negative
gen_02443,kak celana chino hijau berapa harganya kak?,price_inquiry,neutral
gen_02444,min jogger item brp min?,price_inquiry,neutral
gen_02445,kak jeans hitam berapa?,price_inquiry,neutral
gen_02446,min kemeja flanel merah brp kak?,price_inquiry,neutral
gen_02447,kak celana cargo abu2 berapa min?,price_inquiry,neutral
gen_02448,bang sweater pink harganya brp kak?,price_inquiry,neutral
gen_02449,kak tshirt cream berapa min?,price_inquiry,neutral
gen_02450,min jogger navy berapa harganya kak?,price_inquiry,neutral
gen_02451,kak jeans item brp min?,price_inquiry,neutral
gen_02452,kak hoodie coklat harganya berapa?,price_inquiry,neutral
gen_02453,min kemeja denim item berapa harganya kak?,price_inquiry,neutral
gen_02454,bang sweater abu2 berapa?,price_inquiry,neutral
gen_02455,min jogger hijau brp min?,price_inquiry,neutral
gen_02456,kak jeans biru berapa harganya?,price_inquiry,neutral
gen_02457,min kemeja flanel cream brp kak?,price_inquiry,neutral
gen_02458,kak celana cargo item berapa min?,price_inquiry,neutral
gen_02459,bang sweater cream harganya brp kak?,price_inquiry,neutral
gen_02460,﻿kak harga yg tshirt ini brp ya? lg mau beli,price_inquiry,neutral
gen_02461,min kalo jeans item harganya berapa? pengen tahu,price_inquiry,neutral
gen_02462,bang kemeja flanel msh ada gak sih? btw brp,price_inquiry,neutral
gen_02463,kak hoodie abu2 harganya brp min? kayaknya cakep,price_inquiry,neutral
gen_02464,min polo item brp? temenku mau beli,price_inquiry,neutral
gen_02465,kak celana cargo berapa? ukuran 32,price_inquiry,neutral
gen_02466,bang sweater cream harganya brp kak? cantik,price_inquiry,neutral
gen_02467,kak flannel navy brp ya? buat kado,price_inquiry,neutral
gen_02468,min kemeja kotak2 harganya brp? lg nyari,price_inquiry,neutral
gen_02469,kak jogger item berapa? buat olahraga,price_inquiry,neutral
gen_02470,bang jeans biru brp harganya? murah gak,price_inquiry,neutral
gen_02471,kak polo hijau harga brp? lg butuh,price_inquiry,neutral
gen_02472,min tshirt putih berapa? buat kerja,price_inquiry,neutral
gen_02473,kak hoodie navy harganya brp? anakku nyari,price_inquiry,neutral
gen_02474,bang kemeja denim brp? kerenn ini,price_inquiry,neutral
gen_02475,kak celana chino cream berapa? gajian nih,price_inquiry,neutral
gen_02476,min flannel merah brp harganya? buat winter,price_inquiry,neutral
gen_02477,kak sweater item berapa? hadiah,price_inquiry,neutral
gen_02478,bang tshirt abu2 brp? yg polos,price_inquiry,neutral
gen_02479,kak jogger navy harganya berapa? lg promo gak,price_inquiry,negative
gen_02480,min jeans 30 brp? ukuranku,price_inquiry,neutral
gen_02481,kak kemeja putih berapa harganya? buat interview,price_inquiry,neutral
gen_02482,bang polo cream brp kak? best seller,price_inquiry,neutral
gen_02483,kak hoodie item harganya berapa? pengen banget,price_inquiry,neutral
gen_02484,min flannel coklat brp? buat piknik,price_inquiry,neutral
gen_02485,kak celana cargo abu2 berapa? rame liatnya,price_inquiry,neutral
gen_02486,bang sweater navy brp? murah nggak,price_inquiry,neutral
gen_02487,kak tshirt item harganya berapa? buat harian,price_inquiry,neutral
gen_02488,min jogger hitam brp? suka gaya ini,price_inquiry,neutral
gen_02489,kak kemeja flanel harganya berapa? modelnya oke,price_inquiry,neutral
gen_02490,bang jeans 32 brp kak? ukuran gede,price_inquiry,neutral
gen_02491,kak polo abu2 brp? temen nyariin,price_inquiry,neutral
gen_02492,min hoodie coklat berapa harganya? cakep warnanya,price_inquiry,neutral
gen_02493,kak flannel item brp? buat couple,price_inquiry,neutral
gen_02494,bang celana chino navy berapa harganya? buat kerja,price_inquiry,neutral
gen_02495,kak sweater cream brp? lg ngumpulin,price_inquiry,neutral
gen_02496,min kemeja kotak2 item brp? unik,price_inquiry,neutral
gen_02497,kak tshirt navy berapa harganya? ini favorit,price_inquiry,neutral
gen_02498,bang jogger abu2 brp? seger warnanya,price_inquiry,neutral
gen_02499,kak jeans 34 harganya berapa? gedean,price_inquiry,neutral
gen_02500,min polo hijau brp kak? warna favorit,price_inquiry,neutral
gen_02501,kak hoodie putih berapa? buat hadiah ultah,price_inquiry,neutral
gen_02502,bang flannel merah brp kak? ngehits ini,price_inquiry,neutral
gen_02503,kak kemeja denim harganya berapa? bahan gimana,price_inquiry,neutral
gen_02504,min celana cargo item berapa? buat mendaki,price_inquiry,neutral
gen_02505,kak sweater abu2 brp kak? lg nimbang,price_inquiry,neutral
gen_02506,bang tshirt cream harganya brp? bersih pol,price_inquiry,neutral
gen_02507,kak jogger navy berapa? buat temen,price_inquiry,neutral
gen_02508,min jeans item harganya brp? serbaguna,price_inquiry,neutral
gen_02509,kak polo navy brp? anak buat kerja,price_inquiry,neutral
gen_02510,bang hoodie cream harganya berapa? elegan,price_inquiry,neutral
gen_02511,kak kemeja flanel item brp kak? pilihannya banyak,price_inquiry,neutral
gen_02512,min celana chino abu2 brp? buat rapat,price_inquiry,neutral
gen_02513,kak sweater hijau harganya brp? beda dari yg lain,price_inquiry,neutral
gen_02514,bang tshirt pink brp kak? adek cewekku suka,price_inquiry,neutral
gen_02515,kak jogger cream berapa? nyaman kelihatannya,price_inquiry,neutral
gen_02516,min jeans biru brp harganya? casual,price_inquiry,negative
gen_02517,kak polo item harganya brp kak? rapi,price_inquiry,neutral
gen_02518,bang hoodie abu2 berapa? favorit orang,price_inquiry,neutral
gen_02519,kak kemeja kotak2 navy brp kak? bergaya,price_inquiry,neutral
gen_02520,min celana cargo cream harganya berapa? outdoor,price_inquiry,neutral
gen_02521,kak sweater navy brp? hangat,price_inquiry,neutral
gen_02522,bang flannel abu2 brp harganya kak? cantik bgt,price_inquiry,neutral
gen_02523,kak tshirt item brp kak? basic,price_inquiry,neutral
gen_02524,min jogger hijau berapa? murah banget ini,price_inquiry,neutral
gen_02525,kak jeans coklat harganya brp? beda,price_inquiry,neutral
gen_02526,bang polo cream brp kak? wangi dikit wkwk,price_inquiry,neutral
gen_02527,kak hoodie navy berapa harganya? buat adek,price_inquiry,neutral
gen_02528,min kemeja flanel coklat brp? kalem,price_inquiry,neutral
gen_02529,kak celana chino item berapa harganya? formal,price_inquiry,neutral
gen_02530,bang sweater pink brp? cewekku suka,price_inquiry,neutral
gen_02531,kak tshirt abu2 berapa? netral,price_inquiry,positive
gen_02532,min jogger navy harganya brp kak? senada,price_inquiry,neutral
gen_02533,kak jeans hitam brp? klasik,price_inquiry,neutral
gen_02534,bang polo navy brp harganya? keren,price_inquiry,neutral
gen_02535,kak hoodie item berapa harganya? galak warnanya,price_inquiry,neutral
gen_02536,min kemeja denim abu2 brp? simpel,price_inquiry,neutral
gen_02537,kak celana cargo hijau berapa harganya? army look,price_inquiry,neutral
gen_02538,bang sweater cream brp? mewah,price_inquiry,neutral
gen_02539,kak tshirt navy berapa harganya? demen,price_inquiry,neutral
gen_02540,min jogger item harganya berapa? praktis,price_inquiry,neutral
gen_02541,kak jeans biru brp? populer,price_inquiry,neutral
gen_02542,bang polo hijau berapa harganya? segar,price_inquiry,neutral
gen_02543,kak hoodie coklat brp? hangat warnanya,price_inquiry,neutral
gen_02544,min kemeja flanel merah harganya berapa? flanel emang,price_inquiry,neutral
gen_02545,kak celana chino navy brp? elegan,price_inquiry,neutral
gen_02546,bang sweater abu2 harganya berapa? melow,price_inquiry,neutral
gen_02547,kak tshirt cream brp? polos,price_inquiry,positive
gen_02548,min jogger abu2 berapa harganya? sporty,price_inquiry,neutral
gen_02549,kak jeans item brp? serba cocok,price_inquiry,neutral
gen_02550,bang polo abu2 harganya brp? santai,price_inquiry,neutral
gen_02551,kak hoodie putih brp? bersih,price_inquiry,neutral
gen_02552,min kemeja kotak2 hijau berapa harganya? unik bgt,price_inquiry,neutral
gen_02553,kak celana cargo navy brp? buat hujan,price_inquiry,neutral
gen_02554,bang sweater item harganya brp? gelap,price_inquiry,neutral
gen_02555,kak tshirt pink brp? lucu,price_inquiry,neutral
gen_02556,min jogger cream berapa harganya? nyeni,price_inquiry,neutral
gen_02557,kak jeans cream brp? manis,price_inquiry,neutral
gen_02558,bang polo cream harganya brp? cewek suka,price_inquiry,neutral
gen_02559,kak hoodie navy berapa? netral,price_inquiry,neutral
gen_02560,min kemeja flanel abu2 harganya brp? kalem bgt,price_inquiry,positive
gen_02561,kak celana chino cream berapa? pantai,price_inquiry,neutral
gen_02562,bang sweater hijau brp? ngejreng,price_inquiry,neutral
gen_02563,kak tshirt item harganya brp? wajib punya,price_inquiry,neutral
gen_02564,min jogger navy berapa? lari sore,price_inquiry,neutral
gen_02565,kak jeans navy harganya brp? unik,price_inquiry,neutral
gen_02566,bang polo item brp? tegas,price_inquiry,neutral
gen_02567,kak hoodie cream berapa harganya? lembut,price_inquiry,neutral
gen_02568,min kemeja denim item brp? workwear,price_inquiry,neutral
gen_02569,kak celana cargo abu2 berapa harganya? tangguh,price_inquiry,neutral
gen_02570,bang sweater coklat brp? earthy,price_inquiry,neutral
gen_02571,kak tshirt navy harganya brp? klasik bgt,price_inquiry,neutral
gen_02572,min jogger item berapa? serba guna,price_inquiry,neutral
gen_02573,kak jeans hijau brp? militer,price_inquiry,neutral
gen_02574,bang polo navy harganya brp? formal,price_inquiry,neutral
gen_02575,kak hoodie abu2 berapa? cozy,price_inquiry,neutral
gen_02576,min kemeja flanel cream harganya brp? hangat,price_inquiry,neutral
gen_02577,kak celana chino item brp? rapi bgt,price_inquiry,neutral
gen_02578,bang sweater pink berapa harganya? gemas,price_inquiry,negative
gen_02579,kak tshirt cream brp? lembut,price_inquiry,neutral
gen_02580,min jogger abu2 harganya brp? santai bgt,price_inquiry,neutral
gen_02581,kak jeans cream brp? beda,price_inquiry,neutral
gen_02582,bang polo hijau berapa harganya? lincah,price_inquiry,neutral
gen_02583,kak hoodie item brp? street,price_inquiry,neutral
gen_02584,min kemeja kotak2 navy berapa? preppy,price_inquiry,neutral
gen_02585,kak celana cargo item harganya brp? tangguh bgt,price_inquiry,neutral
gen_02586,bang sweater abu2 berapa? netral bgt,price_inquiry,neutral
gen_02587,kak tshirt hijau brp? segar bgt,price_inquiry,neutral
gen_02588,min jogger navy harganya brp? olahraga,price_inquiry,neutral
gen_02589,kak jeans item berapa harganya? wajib,price_inquiry,neutral
gen_02590,bang polo cream brp? sopan,price_inquiry,neutral
gen_02591,kak hoodie navy berapa harganya? empuk,price_inquiry,neutral
gen_02592,min kemeja denim coklat brp? tua,price_inquiry,positive
gen_02593,kak celana chino hijau berapa? army,price_inquiry,neutral
gen_02594,bang sweater cream brp harganya? lembut bgt,price_inquiry,neutral
gen_02595,kak tshirt abu2 brp? simple,price_inquiry,neutral
gen_02596,min jogger item berapa harganya? nyaman,price_inquiry,neutral
gen_02597,kak jeans biru brp? awet,price_inquiry,neutral
gen_02598,bang polo item berapa harganya? dewasa,price_inquiry,neutral
gen_02599,kak hoodie coklat brp? autumn,price_inquiry,neutral
gen_02600,min kemeja flanel navy harganya brp? populer bgt,price_inquiry,neutral
gen_02601,kak celana cargo cream berapa? natural,price_inquiry,neutral
gen_02602,bang sweater item brp? misterius,price_inquiry,neutral
gen_02603,kak tshirt navy brp harganya? elegan bgt,price_inquiry,neutral
gen_02604,min jogger hijau berapa? outdoor,price_inquiry,neutral
gen_02605,kak jeans cream brp? pastel,price_inquiry,neutral
gen_02606,bang polo hijau berapa harganya? berani,price_inquiry,neutral
gen_02607,kak hoodie abu2 brp? tenang,price_inquiry,neutral
gen_02608,min kemeja kotak2 item harganya brp? bold,price_inquiry,neutral
gen_02609,kak celana chino navy berapa? gentleman,price_inquiry,neutral
gen_02610,bang sweater coklat berapa harganya? hangat bgt,price_inquiry,neutral
gen_02611,kak tshirt item brp? esensial,price_inquiry,neutral
gen_02612,min jogger navy berapa harganya? fleksibel,price_inquiry,neutral
gen_02613,kak jeans item brp? classic,price_inquiry,neutral
gen_02614,bang polo abu2 brp harganya? kalem,price_inquiry,neutral
gen_02615,kak hoodie cream berapa? manis bgt,price_inquiry,neutral
gen_02616,min kemeja flanel item berapa? rustic,price_inquiry,neutral
gen_02617,kak celana cargo abu2 harganya brp? lapang,price_inquiry,neutral
gen_02618,bang sweater navy brp? elegan,price_inquiry,negative
gen_02619,kak tshirt cream berapa harganya? minimalis,price_inquiry,neutral
gen_02620,min jogger item brp? gesit,price_inquiry,neutral
gen_02621,kak jeans hijau harganya brp? kuat,price_inquiry,neutral
gen_02622,bang polo cream brp harganya? santai bgt,price_inquiry,neutral
gen_02623,kak hoodie navy berapa? hangat,price_inquiry,neutral
gen_02624,min kemeja denim abu2 berapa harganya? industrial,price_inquiry,neutral
gen_02625,kak celana chino item brp? presisi,price_inquiry,negative
gen_02626,bang sweater pink brp? playful,price_inquiry,positive
gen_02627,kak tshirt hijau berapa harganya? segar,price_inquiry,neutral
gen_02628,min jogger abu2 brp? santai,price_inquiry,neutral
gen_02629,kak jeans biru harganya brp? trendi,price_inquiry,neutral
gen_02630,bang polo item berapa? keren bgt,price_inquiry,neutral
gen_02631,kak hoodie item berapa harganya? perkasa,price_inquiry,neutral
gen_02632,min kemeja flanel cream brp? cozy bgt,price_inquiry,neutral
gen_02633,kak celana cargo navy berapa harganya? praktis,price_inquiry,neutral
gen_02634,bang sweater abu2 brp? dewasa,price_inquiry,neutral
gen_02635,kak tshirt navy brp? fokus,price_inquiry,neutral
gen_02636,min jogger navy brp harganya? performa,price_inquiry,neutral
gen_02637,kak jeans cream brp? unik bgt,price_inquiry,neutral
gen_02638,bang polo hijau berapa harganya? energik,price_inquiry,neutral
gen_02639,kak hoodie coklat brp? hangat,price_inquiry,neutral
gen_02640,min kemeja kotak2 navy harganya brp? dinamis,price_inquiry,neutral
gen_02641,kak celana chino cream berapa? luwes,price_inquiry,neutral
gen_02642,bang sweater item berapa harganya? berkelas,price_inquiry,neutral
gen_02643,kak tshirt item brp? inti,price_inquiry,neutral
gen_02644,min jogger hijau brp harganya? mantap,price_inquiry,neutral
gen_02645,kak jeans item berapa? timeless,price_inquiry,neutral
gen_02646,bang polo navy brp harganya? bersahaja,price_inquiry,neutral
gen_02647,kak hoodie abu2 berapa? santuy,price_inquiry,neutral
gen_02648,min kemeja flanel item harganya brp? pedesaan,price_inquiry,neutral
gen_02649,kak celana cargo item berapa? gagah,price_inquiry,neutral
gen_02650,bang sweater cream brp? anggun,price_inquiry,neutral
gen_02651,kak tshirt abu2 berapa harganya? netral bgt,price_inquiry,neutral
gen_02652,min jogger item brp? fleksibel bgt,price_inquiry,neutral
gen_02653,kak jeans biru berapa? favoritku,price_inquiry,neutral
gen_02654,bang polo item harganya brp kak? buat kondangan,price_inquiry,neutral
gen_02655,kak hoodie navy berapa min? buat dirumah,price_inquiry,neutral
gen_02656,min kemeja denim coklat harganya berapa? buat liburan,price_inquiry,neutral
gen_02657,kak celana chino hijau brp? buat jalan2,price_inquiry,neutral
gen_02658,bang sweater pink berapa harganya? buat hadiah,price_inquiry,neutral
gen_02659,kak tshirt cream brp kak? buat kerja kantor,price_inquiry,neutral
gen_02660,min jogger abu2 brp? buat gym,price_inquiry,neutral
gen_02661,kak jeans 31 harganya brp min? buat tongkrongan,price_inquiry,neutral
gen_02662,bang polo abu2 berapa? buat reuni,price_inquiry,neutral
gen_02663,kak hoodie item harganya brp kak? buat musim ujan,price_inquiry,neutral
gen_02664,min kemeja flanel navy berapa? buat picnic,price_inquiry,neutral
gen_02665,kak celana cargo cream brp harganya? buat camping,price_inquiry,neutral
gen_02666,bang sweater navy berapa kak? buat malem2,price_inquiry,neutral
gen_02667,kak tshirt item brp? buat sehari2,price_inquiry,neutral
gen_02668,min jogger navy berapa harganya kak? buat jalan pagi,price_inquiry,neutral
gen_02669,kak jeans 33 brp? buat acara santai,price_inquiry,neutral
gen_02670,bang polo cream berapa harganya? buat pertemuan,price_inquiry,neutral
gen_02671,kak hoodie cream brp kak? buat santai,price_inquiry,neutral
gen_02672,min kemeja kotak2 item berapa? buat hangout,price_inquiry,neutral
gen_02673,kak celana chino navy harganya brp kak? buat lamaran,price_inquiry,neutral
gen_02674,bang sweater item brp? buat meeting,price_inquiry,positive
gen_02675,kak tshirt hijau brp harganya kak? buat futsal,price_inquiry,neutral
gen_02676,min jogger item brp? buat belanja,price_inquiry,neutral
gen_02677,kak jeans 35 berapa harganya? buat kondangan jg,price_inquiry,neutral
gen_02678,bang polo hijau brp kak? buat maen,price_inquiry,neutral
gen_02679,kak hoodie abu2 harganya berapa? buat tidur,price_inquiry,neutral
gen_02680,min kemeja flanel abu2 brp? buat kerja lapangan,price_inquiry,neutral
gen_02681,kak celana cargo item berapa harganya? buat tour,price_inquiry,neutral
gen_02682,bang sweater coklat brp? buat hiking,price_inquiry,neutral
gen_02683,kak tshirt navy berapa harganya? buat santuy,price_inquiry,neutral
gen_02684,min jogger abu2 brp kak? buat sprint,price_inquiry,neutral
gen_02685,kak jeans item berapa? buat segala acara,price_inquiry,neutral
gen_02686,﻿kak diskonnya masih ada gak untuk item ini?,price_inquiry,neutral
gen_02687,min ada potongan harga buat yang hitam?,price_inquiry,neutral
gen_02688,bang promo bulan ini masih berlaku kak?,price_inquiry,neutral
gen_02689,kak kalo beli 2 ada harga khusus gak?,price_inquiry,positive
gen_02690,min harga nego gak kalau ambil banyak?,price_inquiry,neutral
gen_02691,kak etalase ini lagi promo gak?,price_inquiry,neutral
gen_02692,bang harga asli sebelum diskon berapa kak?,price_inquiry,neutral
gen_02693,kak kalo bayar di tempat beda harga gak?,price_inquiry,neutral
gen_02694,min harga yang di live sama dengan di etalase?,price_inquiry,neutral
gen_02695,kak ada harga member gak?,price_inquiry,neutral
gen_02696,bang ada paket hemat buat beli 3 gak?,price_inquiry,neutral
gen_02697,kak harga stok lama sama gak dengan yang baru?,price_inquiry,neutral
gen_02698,min kapan terakhir naik harganya?,price_inquiry,neutral
gen_02699,kak ini harga eceran atau grosir?,price_inquiry,neutral
gen_02700,bang kalo ambil 5 dapat harga apa?,price_inquiry,neutral
gen_02701,kak harga di tokopedia sama gak?,price_inquiry,neutral
gen_02702,min di shopee ada gak etalase ini?,price_inquiry,neutral
gen_02703,kak harga udah termasuk ongkir belum?,price_inquiry,neutral
gen_02704,bang kalo COD ada biaya tambahan gak?,price_inquiry,neutral
gen_02705,kak kapan ada flash sale lagi?,price_inquiry,neutral
gen_02706,min harga gajian dobel berapa nih?,price_inquiry,neutral
gen_02707,kak harga paling murah pernah berapa?,price_inquiry,neutral
gen_02708,bang ada kupon diskon gak untuk pemula?,price_inquiry,neutral
gen_02709,kak harga normalnya berapa sih?,price_inquiry,neutral
gen_02710,min kalo voucher live dapet berapa?,price_inquiry,neutral
gen_02711,kak harga bisa kurang dikit gak?,price_inquiry,neutral
gen_02712,bang beli dua warna beda bisa diskon gak?,price_inquiry,neutral
gen_02713,kak harga reseller berapa?,price_inquiry,neutral
gen_02714,min ada bonus buat beli sekarang gak?,price_inquiry,neutral
gen_02715,kak harga sebelum naik berapa?,price_inquiry,neutral
gen_02716,bang promo besok masih ada gak?,price_inquiry,neutral
gen_02717,kak harga bundling sama kaos berapa?,price_inquiry,neutral
gen_02718,min kalo ngambil 10 harga jadi berapa?,price_inquiry,neutral
gen_02719,kak harga di video ini beda gak?,price_inquiry,neutral
gen_02720,bang ada garansi harga murah gak?,price_inquiry,neutral
gen_02721,kak harga tetangga etalase beda nggak?,price_inquiry,neutral
gen_02722,min harga 100an gak kak?,price_inquiry,neutral
gen_02723,kak kalo transfer ada diskon gak?,price_inquiry,neutral
gen_02724,bang harga pas live tadi berapa?,price_inquiry,neutral
gen_02725,kak harga beda size beda gak?,price_inquiry,neutral
gen_02726,min harga terbaru berapa nih?,price_inquiry,neutral
gen_02727,kak harganya masih segitu gak?,price_inquiry,neutral
gen_02728,bang kapan harga naiknya?,price_inquiry,neutral
gen_02729,kak ada harga spesial tiap minggu gak?,price_inquiry,neutral
gen_02730,min harga paling update di mana?,price_inquiry,neutral
gen_02731,kak harga grosir dari berapa?,price_inquiry,neutral
gen_02732,bang harga di reels sama gak?,price_inquiry,neutral
gen_02733,kak kalo ambil 2 lebih murah gak?,price_inquiry,neutral
gen_02734,min harga pas puasa turun gak?,price_inquiry,neutral
gen_02735,kak harga now berapa?,price_inquiry,neutral
gen_02736,bang ada cicilan buat harga ini gak?,price_inquiry,neutral
gen_02737,kak harga pas hari raya naik gak?,price_inquiry,neutral
gen_02738,min harga end user berapa?,price_inquiry,neutral
gen_02739,kak harga katalog terbaru dong,price_inquiry,neutral
gen_02740,bang harga bisa beda tiap hari gak?,price_inquiry,negative
gen_02741,kak harga ready stock berapa?,price_inquiry,neutral
gen_02742,min harga pre-order lebih murah gak?,price_inquiry,neutral
gen_02743,kak harga satuannya berapa?,price_inquiry,neutral
gen_02744,bang kalo beli banyak makin murah gak?,price_inquiry,neutral
gen_02745,kak harga udah update belum?,price_inquiry,neutral
gen_02746,min harga segitu masih ada gak?,price_inquiry,neutral
gen_02747,kak harga diskon 50% kapan kak?,price_inquiry,neutral
gen_02748,bang harga setelah kupon berapa?,price_inquiry,neutral
gen_02749,kak harga buat partner berapa?,price_inquiry,neutral
gen_02750,min harga di etalase 5 berapa?,price_inquiry,neutral
gen_02751,kak harga set lengkap berapa?,price_inquiry,neutral
gen_02752,bang harga per pcs berapa?,price_inquiry,positive
gen_02753,kak harga promo awal bulan berapa?,price_inquiry,neutral
gen_02754,min harga paling update tiap jam gak?,price_inquiry,neutral
gen_02755,kak harga pas live serba 20rb ya?,price_inquiry,neutral
gen_02756,bang harga beli 1 lusin berapa?,price_inquiry,neutral
gen_02757,kak harga akhirnya berapa?,price_inquiry,neutral
gen_02758,min harga tertera di etalase 7 berapa?,price_inquiry,positive
gen_02759,kak harga dah turun belum?,price_inquiry,neutral
gen_02760,bang harga best offer berapa?,price_inquiry,neutral
gen_02761,kak harga pas checkout berubah gak?,price_inquiry,neutral
gen_02762,min harga bisa diusahain murah gak?,price_inquiry,neutral
gen_02763,kak harga kotor berapa?,price_inquiry,neutral
gen_02764,bang harga pas payday berapa?,price_inquiry,positive
gen_02765,kak harga di aplikasi lain beda gak?,price_inquiry,neutral
gen_02766,min harga termurah kuota bulan ini?,price_inquiry,neutral
gen_02767,kak harga pas launching berapa?,price_inquiry,neutral
gen_02768,bang harga lama berapa sih?,price_inquiry,neutral
gen_02769,kak harga sekarang udah naik belum?,price_inquiry,negative
gen_02770,min harga miring kapan lagi?,price_inquiry,neutral
gen_02771,kak harga pas 9.9 kemarin berapa?,price_inquiry,neutral
gen_02772,bang harga 12.12 gak kak?,price_inquiry,neutral
gen_02773,kak harga diskonnya beneran gak?,price_inquiry,neutral
gen_02774,min harga pas tanggal tua berapa?,price_inquiry,neutral
gen_02775,kak harga setara mall gak?,price_inquiry,neutral
gen_02776,bang harga pas live jam 8 berapa?,price_inquiry,neutral
gen_02777,kak harga normal sebelum promo berapa?,price_inquiry,neutral
gen_02778,min harga lewat WA beda gak?,price_inquiry,neutral
gen_02779,kak harga buat affiliate berapa?,price_inquiry,neutral
gen_02780,bang harga bisa follow up gak?,price_inquiry,neutral
gen_02781,kak harga pas 11.11 kemarin berapa?,price_inquiry,neutral
gen_02782,min harga pas tanggal 17 berapa?,price_inquiry,neutral
gen_02783,kak harga pas ultah toko berapa?,price_inquiry,neutral
gen_02784,bang harga pas live spesial berapa?,price_inquiry,neutral
gen_02785,kak harga pas tengah malam berapa?,price_inquiry,neutral
gen_02786,min harga bisa nego sampai berapa?,price_inquiry,neutral
gen_02787,kak harga pas tanggal 25 berapa?,price_inquiry,neutral
gen_02788,bang harga udah termurah belum?,price_inquiry,neutral
gen_02789,kak harga pas akhir bulan berapa?,price_inquiry,neutral
gen_02790,min harga follow instagram beda gak?,price_inquiry,neutral
gen_02791,kak harga pas live kemarin berapa?,price_inquiry,neutral
gen_02792,bang harga pas launch abis live berapa?,price_inquiry,neutral
gen_02793,kak harga pas restock kemarin berapa?,price_inquiry,neutral
gen_02794,min harga pas pertama muncul berapa?,price_inquiry,neutral
gen_02795,kak harga pas viral berapa?,price_inquiry,neutral
gen_02796,bang harga pas rame berapa?,price_inquiry,neutral
gen_02797,kak harga pas sepi berapa?,price_inquiry,neutral
gen_02798,min harga pas dini hari berapa?,price_inquiry,neutral
gen_02799,kak harga pas pagi berapa?,price_inquiry,neutral
gen_02800,bang harga pas sore berapa?,price_inquiry,neutral
gen_02801,kak harga pas malem berapa?,price_inquiry,neutral
gen_02802,min harga pas besok berapa?,price_inquiry,neutral
gen_02803,kak harga pas lusa berapa?,price_inquiry,neutral
gen_02804,bang harga pas minggu depan berapa?,price_inquiry,neutral
gen_02805,kak harga pas bulan depan berapa?,price_inquiry,positive
gen_02806,min harga pas tahun depan berapa?,price_inquiry,neutral
gen_02807,kak harga pas lebaran berapa?,price_inquiry,neutral
gen_02808,bang harga pas natal berapa?,price_inquiry,neutral
gen_02809,kak harga pas tahun baru berapa?,price_inquiry,neutral
gen_02810,min harga pas 17an berapa?,price_inquiry,positive
gen_02811,kak harga pas nyepi berapa?,price_inquiry,neutral
gen_02812,bang harga pas imlek berapa?,price_inquiry,neutral
gen_02813,kak harga pas puasa berapa?,price_inquiry,neutral
gen_02814,min harga pas ramadan berapa?,price_inquiry,neutral
gen_02815,kak harga pas idul fitri berapa?,price_inquiry,neutral
gen_02816,bang harga pas idul adha berapa?,price_inquiry,neutral
gen_02817,kak harga pas tahun baru imlek berapa?,price_inquiry,neutral
gen_02818,min harga pas valentine berapa?,price_inquiry,neutral
gen_02819,kak harga pas women day berapa?,price_inquiry,neutral
gen_02820,bang harga pas kartini berapa?,price_inquiry,neutral
gen_02821,kak harga pas pahlawan berapa?,price_inquiry,neutral
gen_02822,min harga pas kemerdekaan berapa?,price_inquiry,neutral
gen_02823,kak harga pas bumdes berapa?,price_inquiry,neutral
gen_02824,bang harga pas ramadhan berapa?,price_inquiry,neutral
gen_02825,kak harga pas lebaran h-7 berapa?,price_inquiry,neutral
gen_02826,min harga pas h-1 berapa?,price_inquiry,neutral
gen_02827,kak harga pas h+1 berapa?,price_inquiry,neutral
gen_02828,bang harga pas h+7 berapa?,price_inquiry,neutral
gen_02829,kak harga pas ultahku berapa?,price_inquiry,positive
gen_02830,min harga pas ultahmu berapa?,price_inquiry,neutral
gen_02831,kak harga pas 3 bulan lagi berapa?,price_inquiry,neutral
gen_02832,bang harga pas 6 bulan lagi berapa?,price_inquiry,neutral
gen_02833,kak harga pas 1 tahun lagi berapa?,price_inquiry,neutral
gen_02834,min harga pas 2 tahun lagi berapa?,price_inquiry,neutral
gen_02835,kak harga pas 5 tahun lagi berapa?,price_inquiry,neutral
gen_02836,bang harga pas 10 tahun lagi berapa?,price_inquiry,neutral
gen_02837,kak harga pas pensiun berapa?,price_inquiry,neutral
gen_02838,min harga pas lulus berapa?,price_inquiry,neutral
gen_02839,kak harga pas wisuda berapa?,price_inquiry,neutral
gen_02840,bang harga pas nikah berapa?,price_inquiry,neutral
gen_02841,kak harga pas punya anak berapa?,price_inquiry,neutral
gen_02842,min harga pas tua berapa?,price_inquiry,neutral
gen_02843,kak harga pas muda berapa?,price_inquiry,neutral
gen_02844,bang harga pas SMA berapa?,price_inquiry,neutral
gen_02845,kak harga pas kuliah berapa?,price_inquiry,neutral
gen_02846,min harga pas kerja berapa?,price_inquiry,neutral
gen_02847,kak harga pas freelance berapa?,price_inquiry,neutral
gen_02848,bang harga pas kantoran berapa?,price_inquiry,neutral
gen_02849,kak harga pas wirausaha berapa?,price_inquiry,neutral
gen_02850,min harga pas pensiunan berapa?,price_inquiry,neutral
gen_02851,kak harga pas nganggur berapa?,price_inquiry,neutral
gen_02852,bang harga pas jualan berapa?,price_inquiry,neutral
gen_02853,kak harga pas cuan berapa?,price_inquiry,neutral
gen_02854,min harga pas boncos berapa?,price_inquiry,neutral
gen_02855,kak harga pas sukses berapa?,price_inquiry,neutral
gen_02856,bang harga pas jatuh berapa?,price_inquiry,neutral
gen_02857,kak harga pas bangkit berapa?,price_inquiry,neutral
gen_02858,min harga pas semangat berapa?,price_inquiry,neutral
gen_02859,kak harga pas males berapa?,price_inquiry,neutral
gen_02860,bang harga pas hoki berapa?,price_inquiry,neutral
gen_02861,kak harga pas sial berapa?,price_inquiry,neutral
gen_02862,min harga pas gede berapa?,price_inquiry,neutral
gen_02863,kak harga pas kecil berapa?,price_inquiry,negative
gen_02864,bang harga pas besar berapa?,price_inquiry,neutral
gen_02865,kak harga pas lebat berapa?,price_inquiry,neutral
gen_02866,min harga pas ringan berapa?,price_inquiry,neutral
gen_02867,kak harga pas berat berapa?,price_inquiry,neutral
gen_02868,bang harga pas tebal berapa?,price_inquiry,neutral
gen_02869,kak harga pas tipis berapa?,price_inquiry,neutral
gen_02870,min harga pas kering berapa?,price_inquiry,neutral
gen_02871,kak harga pas basah berapa?,price_inquiry,neutral
gen_02872,bang harga pas dingin berapa?,price_inquiry,neutral
gen_02873,kak harga pas panas berapa?,price_inquiry,neutral
gen_02874,min harga pas gerah berapa?,price_inquiry,neutral
gen_02875,kak harga pas hujan berapa?,price_inquiry,neutral
gen_02876,bang harga pas panas2 berapa?,price_inquiry,neutral
gen_02877,kak harga pas badai berapa?,price_inquiry,neutral
gen_02878,min harga pas angin kencang berapa?,price_inquiry,neutral
gen_02879,kak harga pas musim ujan berapa?,price_inquiry,neutral
gen_02880,bang harga pas musim kemarau berapa?,price_inquiry,neutral
gen_02881,kak harga pas musim semi berapa?,price_inquiry,neutral
gen_02882,min harga pas musim panas berapa?,price_inquiry,neutral
gen_02883,kak harga pas musim gugur berapa?,price_inquiry,neutral
gen_02884,bang harga pas musim dingin berapa?,price_inquiry,neutral
gen_02885,kak harga pas cuaca jelek berapa?,price_inquiry,neutral
gen_02886,min harga pas cuaca bagus berapa?,price_inquiry,neutral
gen_02887,kak harga pas cuaca mendung berapa?,price_inquiry,neutral
gen_02888,bang harga pas cuaca cerah berapa?,price_inquiry,neutral
gen_02889,kak harga pas cuaca berawan berapa?,price_inquiry,neutral
gen_02890,min harga pas cuaca ekstrem berapa?,price_inquiry,neutral
gen_02891,kak harga pas esok hari berapa?,price_inquiry,negative
gen_02892,bang harga pas lusa sore berapa?,price_inquiry,neutral
gen_02893,kak harga pas senin pagi berapa?,price_inquiry,neutral
gen_02894,min harga pas selasa siang berapa?,price_inquiry,neutral
gen_02895,kak harga pas rabu sore berapa?,price_inquiry,negative
gen_02896,bang harga pas kamis malam berapa?,price_inquiry,neutral
gen_02897,kak harga pas jumat subuh berapa?,price_inquiry,neutral
gen_02898,min harga pas sabtu dini hari berapa?,price_inquiry,neutral
gen_02899,kak harga pas minggu siang berapa?,price_inquiry,neutral
gen_02900,bang harga pas minggu pagi berapa?,price_inquiry,neutral
gen_02901,kak harga pas senin malam berapa?,price_inquiry,neutral
gen_02902,min harga pas selasa pagi berapa?,price_inquiry,neutral
gen_02903,kak harga pas rabu siang berapa?,price_inquiry,neutral
gen_02904,bang harga pas kamis sore berapa?,price_inquiry,neutral
gen_02905,kak harga pas jumat malam berapa?,price_inquiry,negative
gen_02906,min harga pas sabtu pagi berapa?,price_inquiry,neutral
gen_02907,kak harga pas minggu sore berapa?,price_inquiry,neutral
gen_02908,bang harga pas senin siang berapa?,price_inquiry,neutral
gen_02909,kak harga pas selasa sore berapa?,price_inquiry,neutral
gen_02910,min harga pas rabu malam berapa?,price_inquiry,neutral
gen_02911,kak harga pas kamis pagi berapa?,price_inquiry,neutral
gen_02912,bang harga pas jumat siang berapa?,price_inquiry,neutral
gen_02913,kak harga pas sabtu sore berapa?,price_inquiry,neutral
gen_02914,min harga pas minggu malam berapa?,price_inquiry,neutral
gen_02915,kak harga pas senin sore berapa?,price_inquiry,neutral
gen_02916,bang harga pas selasa malam berapa?,price_inquiry,neutral
gen_02917,kak harga pas rabu pagi berapa?,price_inquiry,neutral
gen_02918,min harga pas kamis siang berapa?,price_inquiry,neutral
gen_02919,kak harga pas jumat sore berapa?,price_inquiry,neutral
gen_02920,bang harga pas sabtu malam berapa?,price_inquiry,neutral
gen_02921,kak harga pas minggu dini hari berapa?,price_inquiry,neutral
gen_02922,min harga pas senin subuh berapa?,price_inquiry,neutral
gen_02923,kak harga pas selasa dini hari berapa?,price_inquiry,neutral
gen_02924,bang harga pas rabu dini hari berapa?,price_inquiry,neutral
gen_02925,kak harga pas kamis dini hari berapa?,price_inquiry,neutral
gen_02926,min harga pas jumat dini hari berapa?,price_inquiry,neutral
gen_02927,kak harga pas sabtu subuh berapa?,price_inquiry,neutral
gen_02928,bang harga pas minggu subuh berapa?,price_inquiry,neutral
gen_02929,kak harga pas senin dini hari berapa?,price_inquiry,neutral
gen_02930,min harga pas selasa subuh berapa?,price_inquiry,neutral
gen_02931,kak harga pas rabu subuh berapa?,price_inquiry,neutral
gen_02932,bang harga pas kamis subuh berapa?,price_inquiry,neutral
gen_02933,kak harga pas minggu subuh berapa?,price_inquiry,neutral
gen_02934,bang harga pas senin subuh berapa?,price_inquiry,neutral
gen_02935,kak harga pas selasa subuh berapa?,price_inquiry,neutral
gen_02936,min harga pas rabu dini hari berapa?,price_inquiry,neutral
gen_02937,﻿kak yang item brp harganya? ada potongan gak?,price_inquiry,neutral
gen_02938,bang tshirt hitamnya berapa? dah lama cari,price_inquiry,neutral
gen_02939,kak kemeja flanel abu2 brp? teman rekomen,price_inquiry,neutral
gen_02940,min jeans item harganya berapa? lagi butuh celana,price_inquiry,neutral
gen_02941,kak hoodie coklat brp? buat pas ujan,price_inquiry,neutral
gen_02942,bang sweater cream harganya berapa? buat kondangan,price_inquiry,neutral
gen_02943,kak polo navy brp? cakep buat kerja,price_inquiry,neutral
gen_02944,min jogger abu2 berapa harganya? buat lari,price_inquiry,neutral
gen_02945,kak flannel merah brp? buat piknik,price_inquiry,neutral
gen_02946,bang celana chino item harganya brp? buat rapat,price_inquiry,neutral
gen_02947,kak kemeja kotak2 brp? lg suka motif ini,price_inquiry,neutral
gen_02948,min cargo hijau berapa? buat camping,price_inquiry,neutral
gen_02949,kak sweater item harganya berapa? hangat kayaknya,price_inquiry,neutral
gen_02950,bang hoodie abu2 brp? buat tidur,price_inquiry,neutral
gen_02951,kak tshirt putih brp? basic banget,price_inquiry,neutral
gen_02952,min jeans biru harganya brp? awet gak?,price_inquiry,neutral
gen_02953,kak polo cream berapa? buat acara keluarga,price_inquiry,neutral
gen_02954,bang jogger navy brp harganya? buat hangout,price_inquiry,neutral
gen_02955,kak kemeja denim brp? bahan tebel gak?,price_inquiry,neutral
gen_02956,min flannel navy berapa? buat kado adek,price_inquiry,neutral
gen_02957,kak celana chino cream harganya brp? buat jalan2,price_inquiry,neutral
gen_02958,bang sweater hijau brp? seger,price_inquiry,neutral
gen_02959,kak tshirt navy berapa harganya? buat buka puasa,price_inquiry,neutral
gen_02960,min hoodie item brp? buat naik gunung,price_inquiry,neutral
gen_02961,kak polo abu2 harganya berapa? buat reuni,price_inquiry,neutral
gen_02962,bang jogger cream brp? buat belanja,price_inquiry,neutral
gen_02963,kak jeans hitam brp? ukuran 32 ada?,price_inquiry,positive
gen_02964,min flannel coklat harganya brp? buat musim hujan,price_inquiry,neutral
gen_02965,kak kemeja flanel item brp? lg ngehits,price_inquiry,neutral
gen_02966,bang celana cargo abu2 berapa? buat touring,price_inquiry,neutral
gen_02967,kak sweater navy harganya brp? buat kerja,price_inquiry,neutral
gen_02968,min polo hijau brp? buat futsal,price_inquiry,neutral
gen_02969,kak tshirt abu2 berapa harganya? buat sehari2,price_inquiry,neutral
gen_02970,bang hoodie cream brp? buat santai,price_inquiry,neutral
gen_02971,kak jogger item harganya berapa? buat gym,price_inquiry,neutral
gen_02972,min kemeja kotak2 navy brp? buat lamaran,price_inquiry,neutral
gen_02973,kak jeans 30 berapa harganya? buat kondangan,price_inquiry,neutral
gen_02974,bang polo item brp? buat interview,price_inquiry,neutral
gen_02975,kak flannel abu2 berapa? buat pantai,price_inquiry,neutral
gen_02976,min celana chino hijau harganya brp? buat kuliah,price_inquiry,neutral
gen_02977,kak sweater cream brp? buat liburan,price_inquiry,neutral
gen_02978,bang tshirt item berapa harganya? buat olahraga,price_inquiry,neutral
gen_02979,kak hoodie navy brp? buat nonton,price_inquiry,positive
gen_02980,min jogger hijau harganya brp? buat pacaran,price_inquiry,neutral
gen_02981,kak kemeja flanel merah berapa? buat date,price_inquiry,neutral
gen_02982,bang jeans 34 brp harganya? buat kerja lapangan,price_inquiry,neutral
gen_02983,kak polo cream berapa? buat nikahan,price_inquiry,neutral
gen_02984,min cargo item harganya brp? buat motoran,price_inquiry,neutral
gen_02985,kak sweater abu2 brp? buat acara malam,price_inquiry,neutral
gen_02986,bang hoodie item berapa harganya? buat begadang,price_inquiry,neutral
gen_02987,kak tshirt cream brp? buat pameran,price_inquiry,neutral
gen_02988,min kemeja denim abu2 berapa? buat foto,price_inquiry,neutral
gen_02989,kak flannel item harganya brp? buat camping,price_inquiry,neutral
gen_02990,bang celana chino navy brp? buat dinner,price_inquiry,neutral
gen_02991,kak jogger abu2 berapa harganya? buat olahraga pagi,price_inquiry,neutral
gen_02992,min polo navy brp? buat arisan,price_inquiry,neutral
gen_02993,kak jeans biru brp harganya? buat tongkrongan,price_inquiry,neutral
gen_02994,bang sweater coklat brp? buat musim dingin,price_inquiry,neutral
gen_02995,kak hoodie hijau harganya berapa? buat musim hujan,price_inquiry,neutral
gen_02996,min flannel cream brp? buat winter,price_inquiry,neutral
gen_02997,kak kemeja kotak2 item berapa? buat pesta,price_inquiry,neutral
gen_02998,bang cargo cream harganya brp? buat hujan2an,price_inquiry,neutral
gen_02999,kak tshirt hijau brp? buat futsal,price_inquiry,neutral
gen_03000,min jogger navy berapa harganya? buat lari sore,price_inquiry,neutral
gen_03001,kak polo abu2 brp? buat main golf,price_inquiry,neutral
gen_03002,bang jeans 33 berapa? buat lebaran,price_inquiry,neutral
gen_03003,kak sweater item harganya brp? buat meeting,price_inquiry,neutral
gen_03004,min kemeja flanel abu2 berapa? buat kerja santai,price_inquiry,neutral
gen_03005,kak hoodie navy brp harganya? buat wisuda,price_inquiry,neutral
gen_03006,bang celana chino item brp? buat lamaran,price_inquiry,neutral
gen_03007,kak flannel merah brp? buat valentine,price_inquiry,neutral
gen_03008,min polo cream berapa harganya? buat arisan,price_inquiry,neutral
gen_03009,kak jogger item brp? buat zumba,price_inquiry,neutral
gen_03010,bang jeans hitam brp harganya? buat gala,price_inquiry,neutral
gen_03011,kak kemeja kotak2 navy berapa? buat ulang tahun,price_inquiry,negative
gen_03012,min sweater hijau brp? buat bukber,price_inquiry,neutral
gen_03013,kak cargo navy harganya berapa? buat pendakian,price_inquiry,neutral
gen_03014,bang hoodie cream brp? buat camping,price_inquiry,neutral
gen_03015,kak tshirt navy brp harganya? buat tidur,price_inquiry,negative
gen_03016,min polo item brp? buat kondangan,price_inquiry,neutral
gen_03017,kak flannel abu2 berapa? buat berkuda,price_inquiry,neutral
gen_03018,bang celana chino hijau harganya brp? buat trekking,price_inquiry,neutral
gen_03019,kak jogger navy brp? buat senam,price_inquiry,neutral
gen_03020,min kemeja denim item berapa? buat dinas,price_inquiry,neutral
gen_03021,kak sweater navy harganya berapa? buat kerja bakti,price_inquiry,neutral
gen_03022,bang hoodie abu2 brp? buat healing,price_inquiry,neutral
gen_03023,kak jeans 32 brp harganya? buat cuci gudang,price_inquiry,neutral
gen_03024,min tshirt item brp? buat belanja,price_inquiry,neutral
gen_03025,kak polo navy berapa? buat kuliah,price_inquiry,neutral
gen_03026,bang cargo abu2 brp harganya? buat kerja bangunan,price_inquiry,neutral
gen_03027,kak kemeja flanel item brp? buat pesta,price_inquiry,neutral
gen_03028,min celana chino cream berapa? buat nonton,price_inquiry,neutral
gen_03029,kak jogger hijau harganya berapa? buat bola,price_inquiry,neutral
gen_03030,bang sweater pink brp? buat pacar,price_inquiry,neutral
gen_03031,kak flannel navy berapa? buat duduk santai,price_inquiry,neutral
gen_03032,min hoodie item harganya brp? buat jalan malam,price_inquiry,neutral
gen_03033,kak tshirt cream brp? buat ngopi,price_inquiry,neutral
gen_03034,bang jeans biru berapa harganya? buat lebaran,price_inquiry,neutral
gen_03035,kak polo hijau brp? buat komunitas,price_inquiry,neutral
gen_03036,min kemeja kotak2 cream berapa? buat reuni,price_inquiry,neutral
gen_03037,kak cargo hijau harganya brp? buat riset,price_inquiry,neutral
gen_03038,bang sweater abu2 brp? buat ngaji,price_inquiry,neutral
gen_03039,kak hoodie coklat brp harganya? buat musim ujan,price_inquiry,neutral
gen_03040,min celana chino navy brp? buat seminar,price_inquiry,neutral
gen_03041,kak flannel item brp harganya? buat syuting,price_inquiry,neutral
gen_03042,bang jogger navy brp? buat joging,price_inquiry,neutral
gen_03043,kak jeans 36 berapa? buat kondangan,price_inquiry,neutral
gen_03044,min polo abu2 brp harganya? buat interview,price_inquiry,neutral
gen_03045,kak kemeja denim navy brp? buat rapat,price_inquiry,neutral
gen_03046,bang cargo item berapa? buat ekspedisi,price_inquiry,positive
gen_03047,kak sweater cream brp harganya? buat cafe,price_inquiry,neutral
gen_03048,min tshirt abu2 brp? buat olahraga,price_inquiry,neutral
gen_03049,kak hoodie hijau brp? buat berkemah,price_inquiry,neutral
gen_03050,bang polo cream harganya brp? buat ultah,price_inquiry,neutral
gen_03051,kak celana chino item brp? buat tunangan,price_inquiry,neutral
gen_03052,min flannel cream berapa harganya? buat piknik,price_inquiry,neutral
gen_03053,kak jogger item brp? buat nyanyi,price_inquiry,neutral
gen_03054,bang jeans 29 berapa? buat acara,price_inquiry,neutral
gen_03055,kak kemeja flanel hijau brp harganya? buat sekolah,price_inquiry,neutral
gen_03056,min sweater item brp? buat cafe,price_inquiry,neutral
gen_03057,kak cargo cream berapa? buat outbound,price_inquiry,neutral
gen_03058,bang hoodie navy harganya brp? buat deep talk,price_inquiry,neutral
gen_03059,kak tshirt item brp? buat jalan2,price_inquiry,neutral
gen_03060,min polo hijau brp harganya? buat kegiatan,price_inquiry,neutral
gen_03061,kak flannel abu2 brp? buat acara keluarga,price_inquiry,neutral
gen_03062,bang celana chino abu2 berapa harganya? buat wisuda,price_inquiry,neutral
gen_03063,kak jeans 31 brp? buat tanggal tua,price_inquiry,neutral
gen_03064,min jogger cream brp harganya? buat weekend,price_inquiry,neutral
gen_03065,kak kemeja kotak2 item berapa? buat hangout,price_inquiry,neutral
gen_03066,bang cargo navy berapa? buat hiking,price_inquiry,neutral
gen_03067,kak sweater coklat harganya brp? buat musim gugur,price_inquiry,neutral
gen_03068,min hoodie item brp harganya? buat malem minggu,price_inquiry,neutral
gen_03069,kak polo item brp? buat meeting online,price_inquiry,neutral
gen_03070,bang tshirt hijau berapa? buat main,price_inquiry,neutral
gen_03071,kak flannel navy harganya brp? buat belajar,price_inquiry,neutral
gen_03072,min celana chino cream brp? buat jalan2 sore,price_inquiry,neutral
gen_03073,kak jogger abu2 brp harganya? buat lari,price_inquiry,neutral
gen_03074,bang jeans 28 brp? buat belanja online,price_inquiry,neutral
gen_03075,kak kemeja denim item berapa? buat tanggal gajian,price_inquiry,neutral
gen_03076,min sweater navy brp harganya? buat upacara,price_inquiry,neutral
gen_03077,kak hoodie abu2 brp? buat tidur siang,price_inquiry,neutral
gen_03078,bang polo navy berapa? buat rapat dinas,price_inquiry,neutral
gen_03079,kak cargo item harganya brp? buat motoran,price_inquiry,neutral
gen_03080,min flannel merah brp? buat maen game,price_inquiry,positive
gen_03081,kak celana chino navy brp harganya? buat kerja lembur,price_inquiry,neutral
gen_03082,bang tshirt navy brp? buat ngantor,price_inquiry,neutral
gen_03083,kak jeans hitam brp harganya? buat acara formal,price_inquiry,neutral
gen_03084,min polo cream brp? buat piket,price_inquiry,neutral
gen_03085,kak jogger item harganya berapa? buat kelas,price_inquiry,neutral
gen_03086,bang hoodie cream brp? buat santai aja,price_inquiry,neutral
gen_03087,kak kemeja flanel cream brp harganya? buat kencan,price_inquiry,neutral
gen_03088,min sweater hijau brp? buat belanja bulanan,price_inquiry,neutral
gen_03089,kak cargo abu2 brp harganya? buat touring,price_inquiry,neutral
gen_03090,bang jeans 35 berapa? buat kondangan,price_inquiry,neutral
gen_03091,kak flannel item brp? buat berfoto,price_inquiry,neutral
gen_03092,min celana chino item brp harganya? buat meeting,price_inquiry,neutral
gen_03093,kak tshirt cream brp? buat ngopi santai,price_inquiry,neutral
gen_03094,bang polo abu2 brp harganya? buat seminar,price_inquiry,neutral
gen_03095,kak hoodie item brp? buat kemping,price_inquiry,neutral
gen_03096,min jogger navy brp? buat olahraga sore,price_inquiry,neutral
gen_03097,kak jeans 33 berapa harganya? buat kerja,price_inquiry,neutral
gen_03098,bang kemeja kotak2 navy brp? buat interview,price_inquiry,neutral
gen_03099,kak flannel navy brp? buat pesta kecil,price_inquiry,neutral
gen_03100,min cargo hijau brp harganya? buat event,price_inquiry,neutral
gen_03101,kak sweater abu2 brp? buat kelas malam,price_inquiry,neutral
gen_03102,bang hoodie coklat brp harganya? buat musim hujan,price_inquiry,neutral
gen_03103,kak tshirt hijau brp? buat jalan sehat,price_inquiry,neutral
gen_03104,min polo item berapa harganya? buat acara resmi,price_inquiry,neutral
gen_03105,kak celana chino hijau brp? buat hangout malam,price_inquiry,neutral
gen_03106,bang jeans 30 berapa harganya? buat cafe,price_inquiry,neutral
gen_03107,kak flannel abu2 brp? buat perpustakaan,price_inquiry,neutral
gen_03108,min kemeja denim abu2 brp harganya? buat pameran,price_inquiry,negative
gen_03109,kak jogger cream brp? buat belanja pasar,price_inquiry,neutral
gen_03110,bang polo hijau berapa? buat komunitas motor,price_inquiry,neutral
gen_03111,kak sweater cream harganya brp? buat wisata,price_inquiry,neutral
gen_03112,min cargo item brp? buat traveling,price_inquiry,neutral
gen_03113,kak hoodie navy brp harganya? buat libur panjang,price_inquiry,neutral
gen_03114,bang jeans 32 brp? buat kerja pabrik,price_inquiry,neutral
gen_03115,kak tshirt abu2 brp? buat rumah,price_inquiry,neutral
gen_03116,min flannel coklat brp harganya? buat musim dingin,price_inquiry,neutral
gen_03117,kak kemeja flanel item berapa? buat gathering,price_inquiry,neutral
gen_03118,bang celana chino navy brp? buat silaturahmi,price_inquiry,neutral
gen_03119,kak polo navy brp harganya? buat nonton bola,price_inquiry,neutral
gen_03120,min jogger abu2 brp? buat senam pagi,price_inquiry,neutral
gen_03121,kak jeans 34 berapa? buat acara sekolah,price_inquiry,neutral
gen_03122,bang sweater navy brp harganya? buat pameran,price_inquiry,neutral
gen_03123,kak hoodie item brp? buat kopdar,price_inquiry,positive
gen_03124,min flannel cream brp harganya? buat rekreasi,price_inquiry,neutral
gen_03125,kak celana chino cream brp? buat liburan akhir tahun,price_inquiry,neutral
gen_03126,bang cargo navy berapa? buat kerja lapangan,price_inquiry,neutral
gen_03127,kak tshirt item brp harganya? buat event kampus,price_inquiry,neutral
gen_03128,min polo cream brp? buat pengajian,price_inquiry,neutral
gen_03129,kak jeans 31 brp? buat karaoke,price_inquiry,neutral
gen_03130,bang flannel item berapa? buat hangout,price_inquiry,neutral
gen_03131,kak kemeja kotak2 abu2 brp harganya? buat ulang tahun,price_inquiry,neutral
gen_03132,min hoodie cream brp? buat acara kantor,price_inquiry,neutral
gen_03133,kak jogger hijau brp harganya? buat senam,price_inquiry,neutral
gen_03134,bang polo abu2 brp? buat acara keluarga,price_inquiry,positive
gen_03135,kak celana chino item brp? buat wisuda,price_inquiry,neutral
gen_03136,min sweater item brp harganya? buat kondangan,price_inquiry,positive
gen_03137,kak flannel navy brp? buat nongkrong,price_inquiry,neutral
gen_03138,bang cargo item brp? buat traveling jauh,price_inquiry,negative
gen_03139,kak tshirt navy berapa harganya? buat bukber,price_inquiry,neutral
gen_03140,min polo hijau brp? buat futsal tmn2,price_inquiry,neutral
gen_03141,kak jeans 35 brp? buat acara formal,price_inquiry,neutral
gen_03142,bang kemeja flanel cream brp harganya? buat kuliah,price_inquiry,neutral
gen_03143,kak hoodie abu2 brp? buat tidur malem,price_inquiry,neutral
gen_03144,min celana chino abu2 brp? buat kerja shift,price_inquiry,neutral
gen_03145,kak jogger item brp harganya? buat olahraga,price_inquiry,neutral
gen_03146,bang flannel merah brp? buat belanja,price_inquiry,neutral
gen_03147,kak sweater cream brp harganya? buat wawancara,price_inquiry,neutral
gen_03148,min polo navy brp? buat rapat,price_inquiry,neutral
gen_03149,kak jeans 28 brp? buat lebaran kedua,price_inquiry,neutral
gen_03150,bang cargo cream brp? buat weekend,price_inquiry,neutral
gen_03151,kak kemeja kotak2 navy brp harganya? buat piket,price_inquiry,neutral
gen_03152,min hoodie hijau brp? buat main hujan,price_inquiry,neutral
gen_03153,kak flannel item brp? buat musim semu,price_inquiry,neutral
gen_03154,bang tshirt cream brp harganya? buat kuliah,price_inquiry,neutral
gen_03155,kak jogger navy brp? buat jalan santai,price_inquiry,neutral
gen_03156,min polo item brp? buat acara bapak,price_inquiry,neutral
gen_03157,kak jeans 36 brp harganya? buat kondangan,price_inquiry,neutral
gen_03158,bang celana chino cream brp? buat makan malam,price_inquiry,neutral
gen_03159,kak sweater hijau brp harganya? buat ngantor,price_inquiry,neutral
gen_03160,min hoodie navy brp? buat ngabuburit,price_inquiry,neutral
gen_03161,kak flannel coklat brp? buat liburan,price_inquiry,neutral
gen_03162,bang kemeja flanel item berapa harganya? buat gathering,price_inquiry,negative
gen_03163,kak tshirt hijau brp? buat ngaji,price_inquiry,neutral
gen_03164,min cargo abu2 brp harganya? buat touring motor,price_inquiry,negative
gen_03165,kak jeans 29 brp? buat senam,price_inquiry,neutral
gen_03166,bang polo cream brp? buat tanggal tua,price_inquiry,neutral
gen_03167,kak hoodie item berapa? buat kemping bareng,price_inquiry,neutral
gen_03168,min celana chino hijau brp? buat pameran,price_inquiry,neutral
gen_03169,kak jogger cream brp harganya? buat jalan pagi,price_inquiry,neutral
gen_03170,bang flannel abu2 brp? buat kado,price_inquiry,neutral
gen_03171,kak kemeja kotak2 item berapa? buat syukuran,price_inquiry,neutral
gen_03172,min sweater abu2 brp harganya? buat cafe,price_inquiry,neutral
gen_03173,kak jeans 30 brp? buat kerja santai,price_inquiry,neutral
gen_03174,bang polo navy brp? buat reuni SMA,price_inquiry,neutral
gen_03175,kak hoodie cream brp harganya? buat nonton bareng,price_inquiry,neutral
gen_03176,min flannel navy brp? buat staycation,price_inquiry,neutral
gen_03177,kak celana chino item brp? buat foto prewed,price_inquiry,neutral
gen_03178,bang cargo hijau brp harganya? buat ekspedisi,price_inquiry,neutral
gen_03179,kak tshirt abu2 brp? buat arisan,price_inquiry,neutral
gen_03180,min polo item brp harganya? buat baksos,price_inquiry,neutral
gen_03181,kak jeans 32 brp? buat khitanan,price_inquiry,neutral
gen_03182,bang kemeja denim navy brp? buat seminar kerja,price_inquiry,neutral
gen_03183,kak jogger item brp? buat badminton,price_inquiry,neutral
gen_03184,min flannel cream brp? buat maen air,price_inquiry,neutral
gen_03185,kak hoodie navy berapa? buat winter,price_inquiry,neutral
gen_03186,bang celana chino navy brp harganya? buat rapat bos,price_inquiry,neutral
gen_03187,kak sweater item brp? buat ke pasar,price_inquiry,neutral
gen_03188,min polo hijau brp harganya? buat lomba,price_inquiry,neutral
gen_03189,kak jeans 34 brp? buat acara desa,price_inquiry,neutral
gen_03190,bang flannel item brp harganya? buat nyebrang,price_inquiry,neutral
gen_03191,kak tshirt navy brp? buat kerja sampingan,price_inquiry,neutral
gen_03192,min cargo item brp? buat mendaki gunung,price_inquiry,neutral
gen_03193,kak hoodie abu2 brp harganya? buat ngampus,price_inquiry,neutral
gen_03194,bang kemeja kotak2 item brp? buat panggung,price_inquiry,neutral
gen_03195,kak celana chino cream brp? buat upacara,price_inquiry,neutral
gen_03196,min polo cream brp harganya? buat kerja,price_inquiry,neutral
gen_03197,kak jeans 31 brp? buat event,price_inquiry,neutral
gen_03198,bang flannel coklat brp? buat arisan keluarga,price_inquiry,neutral
gen_03199,kak jogger abu2 brp harganya? buat puasa,price_inquiry,neutral
gen_03200,min sweater navy brp? buat jam kantor,price_inquiry,neutral
gen_03201,kak hoodie item brp? buat late night,price_inquiry,neutral
gen_03202,bang cargo abu2 brp? buat kerja keras,price_inquiry,neutral
gen_03203,kak tshirt item brp harganya? buat gabut,price_inquiry,neutral
gen_03204,min polo navy brp? buat acara penting,price_inquiry,neutral
gen_03205,kak jeans 33 brp? buat syawalan,price_inquiry,neutral
gen_03206,bang kemeja flanel hijau berapa? buat pantai,price_inquiry,neutral
gen_03207,kak kaos item berapa bang?,price_inquiry,neutral
gen_03208,bang kaos polos putih harganya?,price_inquiry,neutral
gen_03209,min harga hoodie navy?,price_inquiry,neutral
gen_03210,kak kemeja coklat brp bang?,price_inquiry,neutral
gen_03211,bang sweater cream berapa min?,price_inquiry,neutral
gen_03212,kak jogger army harga berapa?,price_inquiry,neutral
gen_03213,min celana hitam berapa kak?,price_inquiry,neutral
gen_03214,kak tshirt kuning harganya brp?,price_inquiry,neutral
gen_03215,bang dress pink berapa min?,price_inquiry,neutral
gen_03216,kak koko item brp bang?,price_inquiry,neutral
gen_03217,min gamis abu abu harganya berapa?,price_inquiry,neutral
gen_03218,kak mukena putih berapa kak?,price_inquiry,neutral
gen_03219,bang hijab navy berapa min?,price_inquiry,neutral
gen_03220,kak kerudung coklat harganya brp?,price_inquiry,neutral
gen_03221,min celana jeans biru berapa?,price_inquiry,neutral
gen_03222,kak celana chino krem brp bang?,price_inquiry,neutral
gen_03223,min celana pendek item berapa?,price_inquiry,neutral
gen_03224,kak rok dusta harganya berapa?,price_inquiry,neutral
gen_03225,min legging hitam berapa kak?,price_inquiry,neutral
gen_03226,kak kaos kaki putih brp bang?,price_inquiry,neutral
gen_03227,min topi cap berapa kak?,price_inquiry,neutral
gen_03228,kak tas selempang harganya berapa?,price_inquiry,neutral
gen_03229,bang tas ransel item berapa min?,price_inquiry,neutral
gen_03230,kak sepatu white berapa bang?,price_inquiry,neutral
gen_03231,min sandal jepit harganya berapa?,price_inquiry,neutral
gen_03232,kak ikat pinggang coklat brp kak?,price_inquiry,neutral
gen_03233,min dompet item berapa min?,price_inquiry,neutral
gen_03234,kak jam tangan silver harganya berapa?,price_inquiry,neutral
gen_03235,bang kacamata hitam brp kak?,price_inquiry,neutral
gen_03236,kak masker putih berapa min?,price_inquiry,neutral
gen_03237,bang scarf cream harganya brp?,price_inquiry,neutral
gen_03238,kak syal coklat berapa min?,price_inquiry,neutral
gen_03239,kak sarung baru harganya berapa?,price_inquiry,neutral
gen_03240,bang peci item brp kak?,price_inquiry,neutral
gen_03241,min baju koko putih berapa min?,price_inquiry,neutral
gen_03242,kak baju kaos murah berapa?,price_inquiry,neutral
gen_03243,bang celana jogger murah harganya?,price_inquiry,neutral
gen_03244,min hoodie murah brp kak?,price_inquiry,neutral
gen_03245,kak jaket termurah berapa?,price_inquiry,neutral
gen_03246,bang tshirt termurah brp min?,price_inquiry,neutral
gen_03247,kak dress termurah berapa kak?,price_inquiry,neutral
gen_03248,min celana termurah harganya berapa?,price_inquiry,neutral
gen_03249,kak kaos paling murah berapa?,price_inquiry,neutral
gen_03250,bang kemeja paling murah brp min?,price_inquiry,neutral
gen_03251,kak sweater paling murah harganya berapa?,price_inquiry,negative
gen_03252,min jogger paling murah berapa kak?,price_inquiry,neutral
gen_03253,kak item paling murah brp bang?,price_inquiry,neutral
gen_03254,min navy paling murah berapa?,price_inquiry,neutral
gen_03255,kak abu2 paling murah harganya?,price_inquiry,positive
gen_03256,bang coklat paling murah brp min?,price_inquiry,neutral
gen_03257,kak putih paling murah berapa min?,price_inquiry,neutral
gen_03258,bang biru paling murah harganya?,price_inquiry,neutral
gen_03259,kak cream paling murah brp kak?,price_inquiry,neutral
gen_03260,min pink paling murah berapa min?,price_inquiry,neutral
gen_03261,kak kaos distro berapa bang?,price_inquiry,neutral
gen_03262,﻿kak ini produknya apa namanya?,product_inquiry,neutral
gen_03263,bang nama barangnya apa min?,product_inquiry,neutral
gen_03264,min ini barang yang mana kak?,product_inquiry,neutral
gen_03265,kak ini yang dipake admin apa?,product_inquiry,neutral
gen_03266,bang produk ini apa namanya?,product_inquiry,positive
gen_03267,min ini barangnya apa kak?,product_inquiry,neutral
gen_03268,kak nama produk ini apa bang?,product_inquiry,neutral
gen_03269,bang ini produk apa sih min?,product_inquiry,neutral
gen_03270,min ini barang apa kak?,product_inquiry,neutral
gen_03271,kak ini yang dijual apa aja?,product_inquiry,neutral
gen_03272,bang ini barangnya apa namanya bang?,product_inquiry,neutral
gen_03273,min produk ini namanya apa kak?,product_inquiry,neutral
gen_03274,kak ini yang admin pake apa?,product_inquiry,neutral
gen_03275,bang ini yang ditawarin apa min?,product_inquiry,neutral
gen_03276,min barang ini apa namanya kak?,product_inquiry,neutral
gen_03277,kak nama produk yang ini apa bang?,product_inquiry,neutral
gen_03278,bang produk yang ini apa min?,product_inquiry,neutral
gen_03279,min ini barang yang ini namanya apa?,product_inquiry,neutral
gen_03280,kak ini produknya apa bang?,product_inquiry,neutral
gen_03281,bang ini barang yang admin tunjuk apa?,product_inquiry,neutral
gen_03282,min ini yang dijual namanya apa kak?,product_inquiry,neutral
gen_03283,kak barang yang ini apa namanya min?,product_inquiry,neutral
gen_03284,bang produk di video ini apa?,product_inquiry,neutral
gen_03285,min ini produk yang dijual apa kak?,product_inquiry,neutral
gen_03286,kak ini barangnya siapa punya?,product_inquiry,neutral
gen_03287,bang ini produknya original apa?,product_inquiry,neutral
gen_03288,min ini produk lokal apa import?,product_inquiry,neutral
gen_03289,kak ini barangnya baru apa?,product_inquiry,neutral
gen_03290,bang ini stok baru apa existing?,product_inquiry,neutral
gen_03291,min ini produk terbaru apa kak?,product_inquiry,neutral
gen_03292,kak ini barang limited ga?,product_inquiry,neutral
gen_03293,bang ini produk collab apa?,product_inquiry,neutral
gen_03294,min ini barang edisi apa?,product_inquiry,neutral
gen_03295,kak ini produk musiman apa?,product_inquiry,neutral
gen_03296,bang ini barang pre order apa?,product_inquiry,neutral
gen_03297,min ini produk ready stock apa?,product_inquiry,neutral
gen_03298,kak ini barangnya ada katalognya?,product_inquiry,neutral
gen_03299,bang ini produk ada variasi apa?,product_inquiry,neutral
gen_03300,min ini barangnya apa warnanya?,product_inquiry,neutral
gen_03301,kak ini produknya ada gambar apa?,product_inquiry,neutral
gen_03302,bang ini barangnya tebal ga?,product_inquiry,neutral
gen_03303,min ini produknya ada lapisannya ga?,product_inquiry,neutral
gen_03304,kak ini barangnya bahan apa?,product_inquiry,neutral
gen_03305,bang ini produknya bahan katun apa?,product_inquiry,neutral
gen_03306,min ini barangnya bahan tebal apa?,product_inquiry,neutral
gen_03307,kak ini produknya berbahan apa?,product_inquiry,neutral
gen_03308,bang ini barang motifnya apa?,product_inquiry,neutral
gen_03309,min ini produknya polos apa?,product_inquiry,neutral
gen_03310,kak ini barangnya ada bordirnya ga?,product_inquiry,neutral
gen_03311,bang ini produknya ada sablonnya ga?,product_inquiry,neutral
gen_03312,min ini barangnya ada jahitannya apa?,product_inquiry,neutral
gen_03313,kak ini produknya model apa?,product_inquiry,neutral
gen_03314,bang ini barangnya potongan apa?,product_inquiry,neutral
gen_03315,min ini produknya cutting apa?,product_inquiry,neutral
gen_03316,kak ini barangnya kerahnya apa?,product_inquiry,neutral
gen_03317,bang ini produknya lengan apa?,product_inquiry,neutral
gen_03318,min ini barangnya ada hoodies ga?,product_inquiry,neutral
gen_03319,kak ini produknya kaos apa kemeja?,product_inquiry,neutral
gen_03320,bang ini barangnya celana apa?,product_inquiry,neutral
gen_03321,min ini produknya baju apa?,product_inquiry,neutral
gen_03322,kak ini barangnya buat cwo apa cwe?,product_inquiry,neutral
gen_03323,bang ini produknya unisex apa?,product_inquiry,neutral
gen_03324,min ini barangnya buat dewasa apa?,product_inquiry,neutral
gen_03325,kak ini produknya ada ukuran anak ga?,product_inquiry,neutral
gen_03326,bang ini barangnya ada size chart ga?,product_inquiry,neutral
gen_03327,min ini produknya detailnya apa?,product_inquiry,neutral
gen_03328,kak ini barangnya di etalase mana?,product_inquiry,neutral
gen_03329,bang ini produknya di katalog mana?,product_inquiry,neutral
gen_03330,min ini barangnya linknya mana kak?,product_inquiry,neutral
gen_03331,kak ini produknya bisa diorder?,product_inquiry,neutral
gen_03332,bang ini barangnya bisa request?,product_inquiry,negative
gen_03333,min ini produknya bisa cod ga?,product_inquiry,neutral
gen_03334,kak ini barangnya bisa langsung checkout?,product_inquiry,neutral
gen_03335,bang ini produknya cara pesannya gimana?,product_inquiry,neutral
gen_03336,min ini barangnya harga di deskripsi ya?,product_inquiry,neutral
gen_03337,kak ini produknya yang ada di depan apa?,product_inquiry,neutral
gen_03338,bang ini barang di belakang admin apa?,product_inquiry,neutral
gen_03339,min ini produk di rak kanan apa?,product_inquiry,positive
gen_03340,kak ini barang yang di gantung apa?,product_inquiry,neutral
gen_03341,bang ini produk yang di meja apa?,product_inquiry,neutral
gen_03342,min ini barang yang admin pegang apa?,product_inquiry,neutral
gen_03343,kak ini produk yang di video ini apa?,product_inquiry,neutral
gen_03344,bang ini barang yang di reels ini apa?,product_inquiry,neutral
gen_03345,min ini produk yang di foto ini apa?,product_inquiry,neutral
gen_03346,kak ini barang yang di story apa?,product_inquiry,neutral
gen_03347,bang ini produk yang di highlight apa?,product_inquiry,neutral
gen_03348,min ini barang yang di blog apa?,product_inquiry,neutral
gen_03349,kak ini produk yang di katalog ini apa?,product_inquiry,neutral
gen_03350,bang ini barang yang di etalase ini apa?,product_inquiry,neutral
gen_03351,min ini produk yang warna ini apa?,product_inquiry,neutral
gen_03352,kak ini barang yang motif ini apa?,product_inquiry,neutral
gen_03353,bang ini produk yang model ini apa?,product_inquiry,neutral
gen_03354,min ini barang yang jahitan ini apa?,product_inquiry,negative
gen_03355,kak ini produk yang bahan ini apa?,product_inquiry,neutral
gen_03356,bang ini barang yang cutting ini apa?,product_inquiry,neutral
gen_03357,min ini produk yang kerah ini apa?,product_inquiry,neutral
gen_03358,kak ini barang yang lengan ini apa?,product_inquiry,neutral
gen_03359,bang ini produk yang hoodie ini apa?,product_inquiry,neutral
gen_03360,min ini barang yang celana ini apa?,product_inquiry,neutral
gen_03361,kak ini produk yang kaos ini apa?,product_inquiry,neutral
gen_03362,bang ini barang yang kemeja ini apa?,product_inquiry,neutral
gen_03363,min ini produk yang sweater ini apa?,product_inquiry,neutral
gen_03364,kak ini barang yang jogger ini apa?,product_inquiry,neutral
gen_03365,bang ini produk yang dress ini apa?,product_inquiry,neutral
gen_03366,min ini barang yang jaket ini apa?,product_inquiry,neutral
gen_03367,kak ini produk yang blouse ini apa?,product_inquiry,neutral
gen_03368,bang ini barang yang cardigan ini apa?,product_inquiry,negative
gen_03369,min ini produk yang koko ini apa?,product_inquiry,neutral
gen_03370,kak ini barang yang gamis ini apa?,product_inquiry,neutral
gen_03371,bang ini produk yang mukena ini apa?,product_inquiry,neutral
gen_03372,min ini barang yang hijab ini apa?,product_inquiry,neutral
gen_03373,kak ini produk yang kerudung ini apa?,product_inquiry,neutral
gen_03374,bang ini barang yang celana jeans ini apa?,product_inquiry,neutral
gen_03375,min ini produk yang celana chino ini apa?,product_inquiry,neutral
gen_03376,kak ini barang yang celana pendek ini apa?,product_inquiry,neutral
gen_03377,bang ini produk yang rok ini apa?,product_inquiry,neutral
gen_03378,min ini barang yang legging ini apa?,product_inquiry,neutral
gen_03379,kak ini produk yang kaos kaki ini apa?,product_inquiry,neutral
gen_03380,bang ini barang yang topi ini apa?,product_inquiry,neutral
gen_03381,min ini produk yang tas ini apa?,product_inquiry,neutral
gen_03382,kak ini barang yang sepatu ini apa?,product_inquiry,neutral
gen_03383,bang ini produk yang sandal ini apa?,product_inquiry,neutral
gen_03384,min ini barang yang ikat pinggang ini apa?,product_inquiry,neutral
gen_03385,kak ini produk yang dompet ini apa?,product_inquiry,neutral
gen_03386,bang ini barang yang jam tangan ini apa?,product_inquiry,neutral
gen_03387,min ini produk yang kacamata ini apa?,product_inquiry,negative
gen_03388,kak ini barang yang masker ini apa?,product_inquiry,neutral
gen_03389,bang ini produk yang scarf ini apa?,product_inquiry,neutral
gen_03390,min ini barang yang syal ini apa?,product_inquiry,neutral
gen_03391,kak ini produk yang sarung ini apa?,product_inquiry,neutral
gen_03392,bang ini barang yang peci ini apa?,product_inquiry,neutral
gen_03393,min ini produk yang songkok ini apa?,product_inquiry,neutral
gen_03394,kak ini barang yang jilbab ini apa?,product_inquiry,neutral
gen_03395,bang ini produk yang cadar ini apa?,product_inquiry,neutral
gen_03396,min ini barang yang mukena anak ini apa?,product_inquiry,neutral
gen_03397,kak ini produk yang baju anak ini apa?,product_inquiry,neutral
gen_03398,bang ini barang yang celana anak ini apa?,product_inquiry,neutral
gen_03399,min ini produk yang kaos anak ini apa?,product_inquiry,neutral
gen_03400,kak ini barang yang kemeja anak ini apa?,product_inquiry,neutral
gen_03401,bang ini produk yang dress anak ini apa?,product_inquiry,neutral
gen_03402,min ini barang yang jaket anak ini apa?,product_inquiry,neutral
gen_03403,kak ini produk yang sepatu anak ini apa?,product_inquiry,neutral
gen_03404,bang ini barang yang topi anak ini apa?,product_inquiry,neutral
gen_03405,min ini produk yang tas anak ini apa?,product_inquiry,neutral
gen_03406,kak ini barang yang baju bayi ini apa?,product_inquiry,neutral
gen_03407,bang ini produk yang celana bayi ini apa?,product_inquiry,neutral
gen_03408,min ini barang yang kaos bayi ini apa?,product_inquiry,neutral
gen_03409,kak ini produk yang onesies ini apa?,product_inquiry,positive
gen_03410,bang ini barang yang mittens ini apa?,product_inquiry,neutral
gen_03411,min ini produk yang footsie ini apa?,product_inquiry,neutral
gen_03412,kak ini barang yang blanket ini apa?,product_inquiry,neutral
gen_03413,bang ini produk yang bedong ini apa?,product_inquiry,positive
gen_03414,min ini barang yang gurita ini apa?,product_inquiry,neutral
gen_03415,kak ini produk yang celemek ini apa?,product_inquiry,neutral
gen_03416,bang ini barang yang popok ini apa?,product_inquiry,neutral
gen_03417,min ini produk yang gendongan ini apa?,product_inquiry,neutral
gen_03418,kak ini barang yang kursi bayi ini apa?,product_inquiry,neutral
gen_03419,bang ini produk yang stroller ini apa?,product_inquiry,neutral
gen_03420,min ini barang yang playmat ini apa?,product_inquiry,neutral
gen_03421,kak ini produk yang bouncer ini apa?,product_inquiry,neutral
gen_03422,bang ini barang yang baby walker ini apa?,product_inquiry,neutral
gen_03423,min ini produk yang feeding set ini apa?,product_inquiry,neutral
gen_03424,kak ini barang yang botol susu ini apa?,product_inquiry,neutral
gen_03425,bang ini produk yang sterilizer ini apa?,product_inquiry,neutral
gen_03426,min ini barang yang breast pump ini apa?,product_inquiry,positive
gen_03427,kak ini produk yang nursing cover ini apa?,product_inquiry,neutral
gen_03428,bang ini barang yang diaper bag ini apa?,product_inquiry,neutral
gen_03429,min ini produk yang baby oil ini apa?,product_inquiry,neutral
gen_03430,kak ini barang yang baby lotion ini apa?,product_inquiry,neutral
gen_03431,bang ini produk yang baby soap ini apa?,product_inquiry,neutral
gen_03432,min ini barang yang baby shampoo ini apa?,product_inquiry,neutral
gen_03433,﻿kak yang keliatan di belakang itu apa?,product_inquiry,neutral
gen_03434,bang yang ada di hanger itu barang apa?,product_inquiry,neutral
gen_03435,min yang digantung samping itu apa?,product_inquiry,neutral
gen_03436,kak yang di rak atas itu produk apa?,product_inquiry,neutral
gen_03437,bang yang di etalase kiri itu apa?,product_inquiry,neutral
gen_03438,min yang di depan kamera itu apa?,product_inquiry,neutral
gen_03439,kak yang admin pegang itu apa bang?,product_inquiry,neutral
gen_03440,bang yang di tangan admin itu barang apa?,product_inquiry,neutral
gen_03441,min yang di samping admin itu produk apa?,product_inquiry,neutral
gen_03442,kak yang dipakai admin itu apa min?,product_inquiry,neutral
gen_03443,bang yang ada di meja itu apa kak?,product_inquiry,neutral
gen_03444,min yang di gantungan baju itu apa?,product_inquiry,neutral
gen_03445,kak yang warna biru di belakang itu apa?,product_inquiry,neutral
gen_03446,bang yang warna item itu barang apa?,product_inquiry,neutral
gen_03447,min yang motif kotak itu apa?,product_inquiry,neutral
gen_03448,kak yang polos itu produk apa?,product_inquiry,neutral
gen_03449,bang yang di belakang admin itu apa?,product_inquiry,neutral
gen_03450,min yang di belakang meja itu apa?,product_inquiry,neutral
gen_03451,kak yang ada di display itu apa?,product_inquiry,neutral
gen_03452,bang yang dipajang itu barang apa?,product_inquiry,neutral
gen_03453,min yang di pajangan itu produk apa?,product_inquiry,neutral
gen_03454,kak yang di rak itu barang apa?,product_inquiry,neutral
gen_03455,bang yang di susun rapi itu apa?,product_inquiry,neutral
gen_03456,min yang di tumpuk itu apa?,product_inquiry,neutral
gen_03457,kak yang gantung itu produk apa?,product_inquiry,neutral
gen_03458,bang yang di lemari itu apa?,product_inquiry,neutral
gen_03459,min yang di dalam keranjang itu apa?,product_inquiry,negative
gen_03460,kak yang di dalam box itu barang apa?,product_inquiry,neutral
gen_03461,bang yang di dalam kantong itu apa?,product_inquiry,neutral
gen_03462,min yang di dalam plastik itu apa?,product_inquiry,neutral
gen_03463,kak yang di dalam kardus itu apa?,product_inquiry,neutral
gen_03464,bang yang di dalam tas itu barang apa?,product_inquiry,neutral
gen_03465,min yang di dalam troli itu apa?,product_inquiry,neutral
gen_03466,kak yang di gerobak itu apa?,product_inquiry,neutral
gen_03467,bang yang di rak sepatu itu apa?,product_inquiry,neutral
gen_03468,min yang di rak tas itu apa?,product_inquiry,neutral
gen_03469,kak yang di rak topi itu apa?,product_inquiry,neutral
gen_03470,bang yang di rak jam itu apa?,product_inquiry,neutral
gen_03471,min yang di etalase kaca itu apa?,product_inquiry,neutral
gen_03472,kak yang di display kaca itu barang apa?,product_inquiry,negative
gen_03473,bang yang di manekin itu apa?,product_inquiry,neutral
gen_03474,min yang di patung peraga itu apa?,product_inquiry,neutral
gen_03475,kak yang di body form itu apa?,product_inquiry,neutral
gen_03476,bang yang di manekin cwo itu apa?,product_inquiry,neutral
gen_03477,min yang di manekin cwe itu apa?,product_inquiry,neutral
gen_03478,kak yang dipajang di depan itu apa?,product_inquiry,neutral
gen_03479,bang yang di pintu masuk itu barang apa?,product_inquiry,neutral
gen_03480,min yang di etalase depan itu apa?,product_inquiry,neutral
gen_03481,kak yang di jendela itu produk apa?,product_inquiry,neutral
gen_03482,bang yang di kaca depan itu apa?,product_inquiry,neutral
gen_03483,min yang di rolling rack itu apa?,product_inquiry,neutral
gen_03484,kak yang di garizont itu apa?,product_inquiry,neutral
gen_03485,bang yang di hanger gantung itu apa?,product_inquiry,neutral
gen_03486,min yang di sekitaran itu apa?,product_inquiry,neutral
gen_03487,kak yang di sekitar admin itu apa?,product_inquiry,neutral
gen_03488,bang yang di background itu apa?,product_inquiry,neutral
gen_03489,min yang di frame itu apa?,product_inquiry,neutral
gen_03490,kak yang di video belakang itu apa?,product_inquiry,neutral
gen_03491,bang yang di scene itu barang apa?,product_inquiry,neutral
gen_03492,min yang di set ini apa?,product_inquiry,neutral
gen_03493,kak yang di backdrop itu apa?,product_inquiry,neutral
gen_03494,bang yang di props itu apa?,product_inquiry,neutral
gen_03495,min yang di properti itu apa?,product_inquiry,neutral
gen_03496,kak yang di papan itu apa?,product_inquiry,neutral
gen_03497,bang yang di standing itu apa?,product_inquiry,neutral
gen_03498,min yang di poster itu apa?,product_inquiry,neutral
gen_03499,kak yang di brosur itu apa?,product_inquiry,neutral
gen_03500,bang yang di buku itu apa?,product_inquiry,neutral
gen_03501,min yang di majalah itu apa?,product_inquiry,neutral
gen_03502,kak yang di katalog itu barang apa?,product_inquiry,neutral
gen_03503,bang yang di katalog cetak itu apa?,product_inquiry,neutral
gen_03504,min yang di katalog digital itu apa?,product_inquiry,neutral
gen_03505,kak yang di website itu barang apa?,product_inquiry,neutral
gen_03506,bang yang di marketplace itu apa?,product_inquiry,neutral
gen_03507,min yang di shopee itu barang apa?,product_inquiry,neutral
gen_03508,kak yang di tokopedia itu apa?,product_inquiry,neutral
gen_03509,bang yang di lazada itu apa?,product_inquiry,neutral
gen_03510,min yang di tiktok shop itu apa?,product_inquiry,neutral
gen_03511,kak yang di instagram itu barang apa?,product_inquiry,neutral
gen_03512,bang yang di facebook itu apa?,product_inquiry,neutral
gen_03513,min yang di twitter itu barang apa?,product_inquiry,neutral
gen_03514,kak yang di youtube itu apa?,product_inquiry,neutral
gen_03515,bang yang di pinterest itu apa?,product_inquiry,neutral
gen_03516,min yang di blog itu apa?,product_inquiry,positive
gen_03517,kak yang di foto produk itu apa?,product_inquiry,neutral
gen_03518,bang yang di product picture itu apa?,product_inquiry,neutral
gen_03519,min yang di gambar itu barang apa?,product_inquiry,neutral
gen_03520,kak yang di thumbnail itu apa?,product_inquiry,neutral
gen_03521,bang yang di cover itu apa?,product_inquiry,neutral
gen_03522,min yang di banner itu barang apa?,product_inquiry,neutral
gen_03523,kak yang di iklan itu apa?,product_inquiry,positive
gen_03524,bang yang di spanduk itu barang apa?,product_inquiry,neutral
gen_03525,min yang di billboard itu apa?,product_inquiry,negative
gen_03526,kak yang di videotron itu apa?,product_inquiry,neutral
gen_03527,bang yang di tv itu barang apa?,product_inquiry,neutral
gen_03528,min yang di iklan tv itu apa?,product_inquiry,neutral
gen_03529,kak yang di live itu produk apa?,product_inquiry,neutral
gen_03530,bang yang di live streaming itu apa?,product_inquiry,neutral
gen_03531,min yang di sesi live itu barang apa?,product_inquiry,neutral
gen_03532,kak yang di segmen live itu apa?,product_inquiry,neutral
gen_03533,bang yang di showcase itu apa?,product_inquiry,neutral
gen_03534,min yang di unboxing itu barang apa?,product_inquiry,neutral
gen_03535,kak yang di review itu produk apa?,product_inquiry,positive
gen_03536,bang yang di testi itu apa?,product_inquiry,neutral
gen_03537,min yang di testimoni itu barang apa?,product_inquiry,neutral
gen_03538,kak yang di repost itu produk apa?,product_inquiry,neutral
gen_03539,bang yang di share ulang itu apa?,product_inquiry,neutral
gen_03540,min yang di rekomendasi itu apa?,product_inquiry,neutral
gen_03541,kak yang di rekomendasi admin itu apa?,product_inquiry,neutral
gen_03542,bang yang admin rekomendasiin itu apa?,product_inquiry,neutral
gen_03543,min yang admin sarankan itu barang apa?,product_inquiry,neutral
gen_03544,kak yang admin sebutkan itu apa?,product_inquiry,neutral
gen_03545,bang yang admin jelasin itu barang apa?,product_inquiry,neutral
gen_03546,min yang admin demo itu apa?,product_inquiry,neutral
gen_03547,kak yang admin demo-in itu barang apa?,product_inquiry,neutral
gen_03548,bang yang admin peragakan itu apa?,product_inquiry,neutral
gen_03549,min yang admin pakai itu barang apa?,product_inquiry,neutral
gen_03550,kak yang admin coba itu apa?,product_inquiry,negative
gen_03551,bang yang admin ukur itu barang apa?,product_inquiry,neutral
gen_03552,min yang admin bandingin itu apa?,product_inquiry,neutral
gen_03553,kak yang admin jual itu apa?,product_inquiry,neutral
gen_03554,bang yang dijual di live ini apa?,product_inquiry,neutral
gen_03555,min yang dijual di video ini apa?,product_inquiry,neutral
gen_03556,kak yang dijual di foto ini apa?,product_inquiry,neutral
gen_03557,bang yang dijual di story ini apa?,product_inquiry,neutral
gen_03558,min yang dijual di reels ini apa?,product_inquiry,neutral
gen_03559,kak yang dijual di highlight ini apa?,product_inquiry,neutral
gen_03560,bang yang dijual di katalog ini apa?,product_inquiry,neutral
gen_03561,min yang dijual di etalase ini apa?,product_inquiry,positive
gen_03562,kak yang dijual di toko ini apa?,product_inquiry,neutral
gen_03563,bang yang dijual di marketplace ini apa?,product_inquiry,neutral
gen_03564,min yang dijual di website ini apa?,product_inquiry,neutral
gen_03565,kak yang dijual di shop ini apa?,product_inquiry,neutral
gen_03566,bang yang dijual di outlet ini apa?,product_inquiry,neutral
gen_03567,min yang dijual di cabang ini apa?,product_inquiry,neutral
gen_03568,kak yang dijual di online shop ini apa?,product_inquiry,neutral
gen_03569,bang yang dijual di offline store ini apa?,product_inquiry,neutral
gen_03570,min yang dijual di gerai ini apa?,product_inquiry,neutral
gen_03571,kak yang dijual di counter ini apa?,product_inquiry,neutral
gen_03572,bang yang dijual di booth ini apa?,product_inquiry,neutral
gen_03573,min yang dijual di stand ini apa?,product_inquiry,neutral
gen_03574,kak yang dijual di kios ini apa?,product_inquiry,neutral
gen_03575,bang yang dijual di warung ini apa?,product_inquiry,neutral
gen_03576,min yang dijual di pasar ini apa?,product_inquiry,neutral
gen_03577,kak yang dijual di bazaar ini apa?,product_inquiry,neutral
gen_03578,bang yang dijual di expo ini apa?,product_inquiry,neutral
gen_03579,min yang dijual di pameran ini apa?,product_inquiry,neutral
gen_03580,kak yang dijual di showcase ini apa?,product_inquiry,neutral
gen_03581,bang yang dipamerkan di expo itu apa?,product_inquiry,neutral
gen_03582,min yang ditampilkan di pameran itu apa?,product_inquiry,neutral
gen_03583,kak yang disediakan di stand itu apa?,product_inquiry,neutral
gen_03584,bang yang disiapkan di booth itu apa?,product_inquiry,neutral
gen_03585,min yang tersedia di counter itu apa?,product_inquiry,neutral
gen_03586,kak yang ada di gerai itu apa?,product_inquiry,neutral
gen_03587,bang yang tersedia di outlet itu apa?,product_inquiry,neutral
gen_03588,min yang ready di store itu apa?,product_inquiry,neutral
gen_03589,kak yang stok di gudang itu apa?,product_inquiry,neutral
gen_03590,bang yang ada di gudang itu barang apa?,product_inquiry,neutral
gen_03591,min yang di stockroom itu apa?,product_inquiry,neutral
gen_03592,kak yang di warehouse itu barang apa?,product_inquiry,neutral
gen_03593,bang yang di gudang penyimpanan itu apa?,product_inquiry,neutral
gen_03594,min yang di penyimpanan itu barang apa?,product_inquiry,neutral
gen_03595,kak yang di storage itu apa?,product_inquiry,neutral
gen_03596,bang yang di brankas itu barang apa?,product_inquiry,neutral
gen_03597,min yang di locker itu apa?,product_inquiry,neutral
gen_03598,kak yang di loker itu barang apa?,product_inquiry,neutral
gen_03599,bang yang di lemari kaca itu apa?,product_inquiry,neutral
gen_03600,min yang di showcase kaca itu barang apa?,product_inquiry,neutral
gen_03601,kak yang di etalase kulkas itu apa?,product_inquiry,neutral
gen_03602,bang yang di display chiller itu apa?,product_inquiry,neutral
gen_03603,min yang di freezer itu barang apa?,product_inquiry,positive
gen_03604,kak yang di refrigerator itu apa?,product_inquiry,neutral
gen_03605,bang yang di cold storage itu apa?,product_inquiry,neutral
gen_03606,min yang di ruang pendingin itu apa?,product_inquiry,neutral
gen_03607,﻿kak spill dong nama barangnya,product_inquiry,neutral
gen_03608,bang spill produknya dong min,product_inquiry,neutral
gen_03609,kak spill dong yang dipake admin,product_inquiry,neutral
gen_03610,min spill barang yang di live ini,product_inquiry,neutral
gen_03611,kak spill nama barangnya bang,product_inquiry,neutral
gen_03612,bang spill produk yang ini kak,product_inquiry,neutral
gen_03613,kak spill dong yang belakang itu,product_inquiry,neutral
gen_03614,min spill etalase yang warna itu,product_inquiry,neutral
gen_03615,kak spill link produknya dong,product_inquiry,neutral
gen_03616,bang linknya mana kak?,product_inquiry,neutral
gen_03617,min link barangnya mana ya?,product_inquiry,neutral
gen_03618,kak link produk ini mana dong,product_inquiry,neutral
gen_03619,bang link etalasenya mana?,product_inquiry,neutral
gen_03620,min link katalognya mana kak?,product_inquiry,neutral
gen_03621,kak link shop kita mana bang?,product_inquiry,neutral
gen_03622,bang link tiktokshopnya mana min?,product_inquiry,neutral
gen_03623,kak link marketplace mana dong?,product_inquiry,neutral
gen_03624,bang link toko online mana kak?,product_inquiry,neutral
gen_03625,min link store mana ya?,product_inquiry,neutral
gen_03626,kak link checkout mana dong?,product_inquiry,neutral
gen_03627,bang link pembelian mana kak?,product_inquiry,neutral
gen_03628,min link pembayaran mana ya?,product_inquiry,neutral
gen_03629,kak link order mana dong?,product_inquiry,neutral
gen_03630,bang link pesan mana kak?,product_inquiry,neutral
gen_03631,min link dm mana ya?,product_inquiry,positive
gen_03632,kak link wa mana dong?,product_inquiry,neutral
gen_03633,bang link whatsapp mana min?,product_inquiry,neutral
gen_03634,kak link ig mana dong?,product_inquiry,neutral
gen_03635,bang link instagram mana kak?,product_inquiry,neutral
gen_03636,min link sosmed mana ya?,product_inquiry,neutral
gen_03637,kak link fb mana dong?,product_inquiry,neutral
gen_03638,bang link youtube mana min?,product_inquiry,neutral
gen_03639,kak link channel mana dong?,product_inquiry,positive
gen_03640,bang link group mana kak?,product_inquiry,neutral
gen_03641,min link grup mana ya?,product_inquiry,neutral
gen_03642,kak link komunitas mana dong?,product_inquiry,neutral
gen_03643,bang katalognya mana kak?,product_inquiry,neutral
gen_03644,min katalog produknya mana?,product_inquiry,neutral
gen_03645,kak katalognya mana dong bang?,product_inquiry,neutral
gen_03646,bang katalog ini mana min?,product_inquiry,neutral
gen_03647,min katalog warna mana kak?,product_inquiry,neutral
gen_03648,kak katalog bentuk mana dong?,product_inquiry,neutral
gen_03649,bang katalog model mana min?,product_inquiry,neutral
gen_03650,kak etalase ini mana dong?,product_inquiry,neutral
gen_03651,bang etalase produknya mana?,product_inquiry,neutral
gen_03652,min etalase lengkap mana kak?,product_inquiry,neutral
gen_03653,kak etalase barang mana dong?,product_inquiry,neutral
gen_03654,bang etalase warna mana min?,product_inquiry,neutral
gen_03655,min etalase ini di mana kak?,product_inquiry,neutral
gen_03656,kak etalase produk yang mana bang?,product_inquiry,neutral
gen_03657,bang etalase resmi mana min?,product_inquiry,neutral
gen_03658,kak etalase bisa diakses mana dong?,product_inquiry,neutral
gen_03659,bang etalase online mana kak?,product_inquiry,neutral
gen_03660,min etalase digital mana ya?,product_inquiry,neutral
gen_03661,kak etalase virtual mana dong?,product_inquiry,neutral
gen_03662,bang etalase toko mana kak?,product_inquiry,neutral
gen_03663,min toko ini namanya apa?,product_inquiry,neutral
gen_03664,kak nama toko ini apa bang?,product_inquiry,neutral
gen_03665,bang nama store ini apa min?,product_inquiry,neutral
gen_03666,kak nama shop ini apa dong?,product_inquiry,neutral
gen_03667,bang nama brand ini apa kak?,product_inquiry,neutral
gen_03668,min nama merek ini apa ya?,product_inquiry,neutral
gen_03669,kak nama produk ini apa dong?,product_inquiry,neutral
gen_03670,bang nama barang ini apa min?,product_inquiry,neutral
gen_03671,kak ini barang apa namanya bang?,product_inquiry,neutral
gen_03672,bang ini produk apa namanya min?,product_inquiry,neutral
gen_03673,kak ini barang branded apa dong?,product_inquiry,neutral
gen_03674,bang ini produk branded apa min?,product_inquiry,neutral
gen_03675,kak ini lokal brand apa dong?,product_inquiry,neutral
gen_03676,bang ini imported brand apa min?,product_inquiry,neutral
gen_03677,kak ini private label apa dong?,product_inquiry,neutral
gen_03678,bang ini official store apa min?,product_inquiry,neutral
gen_03679,kak ini resmi apa dong?,product_inquiry,neutral
gen_03680,bang ini ori apa kw min?,product_inquiry,neutral
gen_03681,kak ini grosir apa dong?,product_inquiry,neutral
gen_03682,bang ini retail apa min?,product_inquiry,neutral
gen_03683,kak ini partai apa dong?,product_inquiry,neutral
gen_03684,bang ini satuan apa min?,product_inquiry,neutral
gen_03685,kak ini boleh partai dong?,product_inquiry,neutral
gen_03686,bang ini minimal beli berapa min?,product_inquiry,neutral
gen_03687,kak ini bisa diambil banyak dong?,product_inquiry,neutral
gen_03688,bang ini bisa borongan min?,product_inquiry,neutral
gen_03689,kak ini bisa grosiran dong?,product_inquiry,neutral
gen_03690,bang ini bisa reseller min?,product_inquiry,neutral
gen_03691,kak ini bisa dropship dong?,product_inquiry,neutral
gen_03692,bang ini bisa sub agen min?,product_inquiry,neutral
gen_03693,kak ini bisa agen dong?,product_inquiry,neutral
gen_03694,bang ini bisa distributor min?,product_inquiry,neutral
gen_03695,kak ini bisa franchise dong?,product_inquiry,neutral
gen_03696,bang ini bisa kemitraan min?,product_inquiry,neutral
gen_03697,kak ini bisa partnership dong?,product_inquiry,neutral
gen_03698,bang ini bisa kolaborasi min?,product_inquiry,neutral
gen_03699,kak ini bisa endorse dong?,product_inquiry,negative
gen_03700,bang ini bisa paid promote min?,product_inquiry,neutral
gen_03701,kak ini bisa review dong?,product_inquiry,neutral
gen_03702,bang ini bisa affiliate min?,product_inquiry,neutral
gen_03703,kak ini bisa marketing dong?,product_inquiry,neutral
gen_03704,bang ini bisa promosi min?,product_inquiry,neutral
gen_03705,kak ini bisa share profit dong?,product_inquiry,neutral
gen_03706,bang ini bisa bagi hasil min?,product_inquiry,neutral
gen_03707,kak ini bisa komisi dong?,product_inquiry,neutral
gen_03708,bang ini bisa bonus min?,product_inquiry,neutral
gen_03709,kak ini bisa hadiah dong?,product_inquiry,positive
gen_03710,bang ini bisa kuis min?,product_inquiry,neutral
gen_03711,kak ini bisa giveaway dong?,product_inquiry,neutral
gen_03712,bang ini bisa undian min?,product_inquiry,neutral
gen_03713,kak ini bisa tebak tebakan dong?,product_inquiry,neutral
gen_03714,bang ini bisa challenge min?,product_inquiry,neutral
gen_03715,kak ini bisa lomba dong?,product_inquiry,neutral
gen_03716,bang ini bisa event min?,product_inquiry,neutral
gen_03717,kak ini bisa batch dong?,product_inquiry,neutral
gen_03718,bang ini bisa PO min?,product_inquiry,negative
gen_03719,kak ini bisa pre order dong?,product_inquiry,neutral
gen_03720,bang ini bisa custom min?,product_inquiry,neutral
gen_03721,kak ini bisa request dong?,product_inquiry,neutral
gen_03722,bang ini bisa made to order min?,product_inquiry,neutral
gen_03723,kak ini bisa tailor dong?,product_inquiry,neutral
gen_03724,bang ini bisa jahit custom min?,product_inquiry,neutral
gen_03725,kak ini bisa sulam dong?,product_inquiry,neutral
gen_03726,bang ini bisa bordir min?,product_inquiry,neutral
gen_03727,kak ini bisa sablon dong?,product_inquiry,neutral
gen_03728,bang ini bisa print min?,product_inquiry,neutral
gen_03729,kak ini bisa engrave dong?,product_inquiry,negative
gen_03730,bang ini bisa laser min?,product_inquiry,neutral
gen_03731,kak ini bisa emboss dong?,product_inquiry,neutral
gen_03732,bang ini bisa patch min?,product_inquiry,neutral
gen_03733,kak ini bisa aplikasi dong?,product_inquiry,neutral
gen_03734,bang ini bisa payet min?,product_inquiry,neutral
gen_03735,kak ini bisa renda dong?,product_inquiry,neutral
gen_03736,bang ini bisa pita min?,product_inquiry,positive
gen_03737,kak ini bisa kancing dong?,product_inquiry,neutral
gen_03738,bang ini bisa ritsleting min?,product_inquiry,neutral
gen_03739,kak ini bisa mengganti aksesoris dong?,product_inquiry,neutral
gen_03740,bang ini bisa modify min?,product_inquiry,neutral
gen_03741,kak ini bisa modif dong?,product_inquiry,neutral
gen_03742,bang ini bisa custom size min?,product_inquiry,neutral
gen_03743,kak ini bisa custom warna dong?,product_inquiry,neutral
gen_03744,bang ini bisa custom bahan min?,product_inquiry,neutral
gen_03745,kak ini bisa custom model dong?,product_inquiry,neutral
gen_03746,bang ini bisa custom design min?,product_inquiry,neutral
gen_03747,kak ini bisa custom jahit dong?,product_inquiry,neutral
gen_03748,bang ini bisa tailor size min?,product_inquiry,neutral
gen_03749,kak ini bisa jahit sesuai ukuran dong?,product_inquiry,neutral
gen_03750,bang ini bisa bahan pilihan min?,product_inquiry,negative
gen_03751,kak ini bisa warna pilihan dong?,product_inquiry,neutral
gen_03752,bang ini bisa model pilihan min?,product_inquiry,neutral
gen_03753,kak ini bisa ukuran pilihan dong?,product_inquiry,neutral
gen_03754,bang ini bisa motif pilihan min?,product_inquiry,neutral
gen_03755,kak ini bisa corak pilihan dong?,product_inquiry,neutral
gen_03756,bang ini bisa desain pilihan min?,product_inquiry,neutral
gen_03757,kak ini bisa print pilihan dong?,product_inquiry,neutral
gen_03758,bang ini bisa sablon pilihan min?,product_inquiry,neutral
gen_03759,kak ini bisa bordir pilihan dong?,product_inquiry,neutral
gen_03760,bang ini bisa patch pilihan min?,product_inquiry,neutral
gen_03761,kak ini bisa aksen pilihan dong?,product_inquiry,neutral
gen_03762,bang ini bisa detail pilihan min?,product_inquiry,neutral
gen_03763,kak ini bisa finishing pilihan dong?,product_inquiry,neutral
gen_03764,bang ini bisa hasil akhir pilihan min?,product_inquiry,neutral
gen_03765,kak ini bisa hasil jadi pilihan dong?,product_inquiry,neutral
gen_03766,﻿kak ini barangnya tebal ga?,product_inquiry,neutral
gen_03767,bang produknya bahan apa min?,product_inquiry,neutral
gen_03768,kak ini bahan katun apa dong?,product_inquiry,neutral
gen_03769,bang bahan ini adem ga min?,product_inquiry,neutral
gen_03770,kak ini bahan tebal apa tipis dong?,product_inquiry,neutral
gen_03771,bang ini bahan fleece apa min?,product_inquiry,neutral
gen_03772,kak ini bahan cotton combed dong?,product_inquiry,neutral
gen_03773,bang ini bahan polyester apa min?,product_inquiry,neutral
gen_03774,kak ini bahan nylon apa dong?,product_inquiry,positive
gen_03775,bang ini bahan denim apa min?,product_inquiry,neutral
gen_03776,kak ini bahan jeans apa dong?,product_inquiry,neutral
gen_03777,bang ini bahan corduroy min?,product_inquiry,neutral
gen_03778,kak ini bahan fleece empuk dong?,product_inquiry,neutral
gen_03779,bang ini bahan flanel min?,product_inquiry,neutral
gen_03780,kak ini bahan wol dong?,product_inquiry,neutral
gen_03781,bang ini bahan rajut min?,product_inquiry,neutral
gen_03782,kak ini bahan kasmir dong?,product_inquiry,neutral
gen_03783,bang ini bahan sutra min?,product_inquiry,neutral
gen_03784,kak ini bahan satin dong?,product_inquiry,neutral
gen_03785,kak ini bahan silk apa dong?,product_inquiry,neutral
gen_03786,bang ini bahan taffeta min?,product_inquiry,neutral
gen_03787,kak ini bahan organza dong?,product_inquiry,neutral
gen_03788,bang ini bahan chiffon min?,product_inquiry,neutral
gen_03789,kak ini bahan georgette dong?,product_inquiry,neutral
gen_03790,bang ini bahan linen min?,product_inquiry,neutral
gen_03791,kak ini bahan katun jepang dong?,product_inquiry,neutral
gen_03792,bang ini bahan katun amerika min?,product_inquiry,neutral
gen_03793,kak ini bahan katun cina dong?,product_inquiry,neutral
gen_03794,bang ini bahan katun lokal min?,product_inquiry,neutral
gen_03795,kak ini bahan bandung dong?,product_inquiry,neutral
gen_03796,bang ini bahan bali min?,product_inquiry,neutral
gen_03797,kak ini bahan tidung dong?,product_inquiry,neutral
gen_03798,bang ini bahan dri fit min?,product_inquiry,neutral
gen_03799,kak ini bahan jersey dong?,product_inquiry,neutral
gen_03800,bang ini bahan spandex min?,product_inquiry,neutral
gen_03801,kak ini bahan lycra dong?,product_inquiry,neutral
gen_03802,bang ini bahan elastis min?,product_inquiry,neutral
gen_03803,kak ini bahan stretch dong?,product_inquiry,neutral
gen_03804,bang ini bahan reglan min?,product_inquiry,neutral
gen_03805,kak ini bahan rib dong?,product_inquiry,neutral
gen_03806,bang ini bahan oxford min?,product_inquiry,neutral
gen_03807,kak ini bahan twill dong?,product_inquiry,neutral
gen_03808,bang ini bahan gabardine min?,product_inquiry,neutral
gen_03809,kak ini bahan canvas dong?,product_inquiry,neutral
gen_03810,bang ini bahan drill min?,product_inquiry,neutral
gen_03811,kak ini bahan duck dong?,product_inquiry,neutral
gen_03812,bang ini bahan worsted min?,product_inquiry,neutral
gen_03813,kak ini bahan wool blend dong?,product_inquiry,neutral
gen_03814,bang ini bahan pyjama min?,product_inquiry,neutral
gen_03815,kak ini bahan bonding dong?,product_inquiry,neutral
gen_03816,bang ini bahan scuba min?,product_inquiry,neutral
gen_03817,kak ini bahan mesh dong?,product_inquiry,neutral
gen_03818,bang ini bahan sheer min?,product_inquiry,neutral
gen_03819,kak ini bahan semi sheer dong?,product_inquiry,neutral
gen_03820,bang ini bahan transparan min?,product_inquiry,neutral
gen_03821,kak ini bahan opaque dong?,product_inquiry,neutral
gen_03822,bang ini bahan tebal banget min?,product_inquiry,neutral
gen_03823,kak ini bahan tipis banget dong?,product_inquiry,neutral
gen_03824,bang ini bahan super tebal min?,product_inquiry,neutral
gen_03825,kak ini bahan super tipis dong?,product_inquiry,neutral
gen_03826,bang ini bahan setengah tebal min?,product_inquiry,neutral
gen_03827,kak ini bahan setengah tipis dong?,product_inquiry,negative
gen_03828,bang ini bahan pas di badan min?,product_inquiry,neutral
gen_03829,kak ini bahan longgar dong?,product_inquiry,neutral
gen_03830,bang ini bahan loose fit min?,product_inquiry,neutral
gen_03831,kak ini bahan regular fit dong?,product_inquiry,neutral
gen_03832,bang ini bahan slim fit min?,product_inquiry,neutral
gen_03833,kak ini bahan skinny fit dong?,product_inquiry,neutral
gen_03834,bang ini bahan relax fit min?,product_inquiry,neutral
gen_03835,kak ini bahan oversized dong?,product_inquiry,neutral
gen_03836,bang ini bahan boxy fit min?,product_inquiry,neutral
gen_03837,kak ini bahan crop dong?,product_inquiry,neutral
gen_03838,bang ini bahan cropped min?,product_inquiry,neutral
gen_03839,kak ini bahan short crop dong?,product_inquiry,neutral
gen_03840,bang ini bahan medium crop min?,product_inquiry,neutral
gen_03841,kak ini bahan long crop dong?,product_inquiry,neutral
gen_03842,bang ini bahan oversized crop min?,product_inquiry,neutral
gen_03843,kak ini bahan drop shoulder dong?,product_inquiry,neutral
gen_03844,bang ini bahan raglan sleeve min?,product_inquiry,neutral
gen_03845,kak ini bahan kimono sleeve dong?,product_inquiry,neutral
gen_03846,bang ini bahan bell sleeve min?,product_inquiry,neutral
gen_03847,kak ini bahan puff sleeve dong?,product_inquiry,neutral
gen_03848,bang ini bahan balloon sleeve min?,product_inquiry,neutral
gen_03849,kak ini bahan dolman sleeve dong?,product_inquiry,neutral
gen_03850,bang ini bahan cap sleeve min?,product_inquiry,neutral
gen_03851,kak ini bahan short sleeve dong?,product_inquiry,neutral
gen_03852,bang ini bahan long sleeve min?,product_inquiry,neutral
gen_03853,kak ini bahan 3 4 sleeve dong?,product_inquiry,neutral
gen_03854,bang ini bahan 7 8 sleeve min?,product_inquiry,neutral
gen_03855,kak ini bahan tanpa lengan dong?,product_inquiry,neutral
gen_03856,bang ini bahan sleeveless min?,product_inquiry,neutral
gen_03857,kak ini bahan kerah apa dong?,product_inquiry,neutral
gen_03858,bang ini bahan crew neck min?,product_inquiry,neutral
gen_03859,kak ini bahan v neck dong?,product_inquiry,neutral
gen_03860,bang ini bahan scoop neck min?,product_inquiry,neutral
gen_03861,kak ini bahan boat neck dong?,product_inquiry,neutral
gen_03862,bang ini bahan turtle neck min?,product_inquiry,neutral
gen_03863,kak ini bahan tall neck dong?,product_inquiry,neutral
gen_03864,bang ini bahan mandarin collar min?,product_inquiry,neutral
gen_03865,kak ini bahan chinese collar dong?,product_inquiry,neutral
gen_03866,bang ini bahan band collar min?,product_inquiry,neutral
gen_03867,kak ini bahan shirt collar dong?,product_inquiry,neutral
gen_03868,bang ini bahan tie collar min?,product_inquiry,neutral
gen_03869,kak ini bahan peter pan dong?,product_inquiry,neutral
gen_03870,bang ini bahan notched collar min?,product_inquiry,neutral
gen_03871,kak ini bahan lapel dong?,product_inquiry,neutral
gen_03872,bang ini bahan shawl collar min?,product_inquiry,neutral
gen_03873,kak ini bahan hood dong?,product_inquiry,neutral
gen_03874,bang ini bahan hoodie min?,product_inquiry,neutral
gen_03875,kak ini bahan hooded dong?,product_inquiry,neutral
gen_03876,bang ini bahan full zip min?,product_inquiry,neutral
gen_03877,kak ini bahan half zip dong?,product_inquiry,neutral
gen_03878,bang ini bahan zipper min?,product_inquiry,neutral
gen_03879,kak ini bahan button dong?,product_inquiry,neutral
gen_03880,bang ini bahan snap min?,product_inquiry,neutral
gen_03881,kak ini bahan magnet dong?,product_inquiry,positive
gen_03882,bang ini bahan buckle min?,product_inquiry,neutral
gen_03883,kak ini bahan belt dong?,product_inquiry,neutral
gen_03884,bang ini bahan drawstring min?,product_inquiry,neutral
gen_03885,kak ini bahan tali serut dong?,product_inquiry,neutral
gen_03886,bang ini bahan karet min?,product_inquiry,neutral
gen_03887,kak ini bahan elastic band dong?,product_inquiry,neutral
gen_03888,bang ini bahan waistband min?,product_inquiry,neutral
gen_03889,kak ini bahan hemming dong?,product_inquiry,neutral
gen_03890,bang ini bahan jahitan rapi min?,product_inquiry,neutral
gen_03891,kak ini bahan jahitan dobel dong?,product_inquiry,negative
gen_03892,bang ini bahan jahitan kunci min?,product_inquiry,neutral
gen_03893,kak ini bahan jahitan rantai dong?,product_inquiry,neutral
gen_03894,bang ini bahan overlock min?,product_inquiry,neutral
gen_03895,kak ini bahan flat lock dong?,product_inquiry,neutral
gen_03896,bang ini bahan bartack min?,product_inquiry,neutral
gen_03897,kak ini bahan reinforcement dong?,product_inquiry,neutral
gen_03898,bang ini bahan lining min?,product_inquiry,neutral
gen_03899,kak ini bahan fusing dong?,product_inquiry,neutral
gen_03900,bang ini bahan interlining min?,product_inquiry,neutral
gen_03901,kak ini bahan interlining tebal dong?,product_inquiry,neutral
gen_03902,bang ini bahan interlining tipis min?,product_inquiry,positive
gen_03903,kak ini bahan interlining rajut dong?,product_inquiry,neutral
gen_03904,bang ini bahan menunjukkan motif min?,product_inquiry,neutral
gen_03905,kak ini bahan polos dong?,product_inquiry,neutral
gen_03906,bang ini bahan motif kotak min?,product_inquiry,neutral
gen_03907,kak ini bahan motif garis dong?,product_inquiry,neutral
gen_03908,bang ini bahan motif bunga min?,product_inquiry,neutral
gen_03909,kak ini bahan motif paisley dong?,product_inquiry,neutral
gen_03910,bang ini bahan motif polkadot min?,product_inquiry,neutral
gen_03911,kak ini bahan motif abstrak dong?,product_inquiry,neutral
gen_03912,bang ini bahan motif batik min?,product_inquiry,neutral
gen_03913,kak ini bahan motif tenun dong?,product_inquiry,neutral
gen_03914,bang ini bahan motif songket min?,product_inquiry,negative
gen_03915,kak ini bahan motif ikat dong?,product_inquiry,positive
gen_03916,bang ini bahan motif jumputan min?,product_inquiry,neutral
gen_03917,kak ini bahan motif shibori dong?,product_inquiry,neutral
gen_03918,bang ini bahan motif tie dye min?,product_inquiry,neutral
gen_03919,kak ini bahan motif camo dong?,product_inquiry,neutral
gen_03920,bang ini bahan motif army min?,product_inquiry,neutral
gen_03921,kak ini bahan motif loreng dong?,product_inquiry,neutral
gen_03922,bang ini bahan motif floral min?,product_inquiry,neutral
gen_03923,kak ini bahan motif geometric dong?,product_inquiry,neutral
gen_03924,bang ini bahan motif stripe min?,product_inquiry,neutral
gen_03925,kak ini bahan motif check dong?,product_inquiry,neutral
gen_03926,bang ini bahan motif plaid min?,product_inquiry,neutral
gen_03927,kak ini bahan motif tartan dong?,product_inquiry,neutral
gen_03928,bang ini bahan motif houndstooth min?,product_inquiry,neutral
gen_03929,kak ini bahan motif argyle dong?,product_inquiry,neutral
gen_03930,bang ini bahan motif herringbone min?,product_inquiry,neutral
gen_03931,kak ini bahan motif diagonal dong?,product_inquiry,neutral
gen_03932,bang ini bahan motif wavy min?,product_inquiry,neutral
gen_03933,kak ini bahan motif scallop dong?,product_inquiry,neutral
gen_03934,bang ini bahan motif ruffle min?,product_inquiry,neutral
gen_03935,kak ini bahan motif tiered dong?,product_inquiry,neutral
gen_03936,bang ini bahan motif layered min?,product_inquiry,negative
gen_03937,kak ini bahan motif panel dong?,product_inquiry,neutral
gen_03938,bang ini bahan motif insert min?,product_inquiry,neutral
gen_03939,kak ini bahan motif patchwork dong?,product_inquiry,neutral
gen_03940,bang ini bahan motif print min?,product_inquiry,neutral
gen_03941,kak ini bahan motif digital print dong?,product_inquiry,neutral
gen_03942,bang ini bahan motif sublimation min?,product_inquiry,positive
gen_03943,﻿kak beli yang mana ya?,product_inquiry,neutral
gen_03944,bang yang mana yang recommend min?,product_inquiry,neutral
gen_03945,kak antara kaos dan kemeja mending mana?,product_inquiry,neutral
gen_03946,bang antara hoodie dan sweater pilih apa?,product_inquiry,neutral
gen_03947,min antara jogger dan jeans mending apa?,product_inquiry,neutral
gen_03948,kak antara hitam dan navy mana yang bagus?,product_inquiry,neutral
gen_03949,bang antara polos dan motif mending mana?,product_inquiry,neutral
gen_03950,min yang mana yang paling banyak dibeli?,product_inquiry,neutral
gen_03951,kak yang mana stok paling banyak?,product_inquiry,negative
gen_03952,bang yang mana best seller?,product_inquiry,neutral
gen_03953,min yang mana termurah?,product_inquiry,neutral
gen_03954,kak yang mana paling laris?,product_inquiry,neutral
gen_03955,bang yang mana paling rame?,product_inquiry,neutral
gen_03956,min yang mana paling diburu?,product_inquiry,negative
gen_03957,kak yang mana paling dicari?,product_inquiry,neutral
gen_03958,bang yang mana paling viral?,product_inquiry,neutral
gen_03959,min yang mana paling hits?,product_inquiry,neutral
gen_03960,kak yang mana paling favorit?,product_inquiry,neutral
gen_03961,bang yang mana paling diminati?,product_inquiry,neutral
gen_03962,min yang mana paling direkomendasi?,product_inquiry,neutral
gen_03963,kak yang mana paling worth it?,product_inquiry,neutral
gen_03964,bang yang mana paling worth?,product_inquiry,neutral
gen_03965,min yang mana paling gacor?,product_inquiry,neutral
gen_03966,kak yang mana paling oke?,product_inquiry,neutral
gen_03967,bang yang mana paling mantap?,product_inquiry,neutral
gen_03968,min yang mana paling juara?,product_inquiry,neutral
gen_03969,kak yang mana paling juara banget?,product_inquiry,neutral
gen_03970,bang yang mana paling top?,product_inquiry,neutral
gen_03971,min yang mana paling populer?,product_inquiry,neutral
gen_03972,kak yang mana paling terkenal?,product_inquiry,neutral
gen_03973,bang yang mana paling dikenal?,product_inquiry,neutral
gen_03974,min yang mana paling banyak review?,product_inquiry,neutral
gen_03975,kak yang mana paling banyak bintang?,product_inquiry,neutral
gen_03976,bang yang mana ratingnya paling tinggi?,product_inquiry,neutral
gen_03977,min yang mana ratingnya bagus?,product_inquiry,neutral
gen_03978,kak yang mana rating bintang 5?,product_inquiry,neutral
gen_03979,bang yang mana 5 bintang?,product_inquiry,neutral
gen_03980,min yang mana yang paling murah meriah?,product_inquiry,neutral
gen_03981,kak yang mana yang paling hemat?,product_inquiry,neutral
gen_03982,bang yang mana yang paling terjangkau?,product_inquiry,neutral
gen_03983,min yang mana yang paling ramah kantong?,product_inquiry,neutral
gen_03984,kak yang mana yang paling terjangkau harganya?,product_inquiry,neutral
gen_03985,bang yang mana paling worth beli?,product_inquiry,neutral
gen_03986,min yang mana paling layak dibeli?,product_inquiry,neutral
gen_03987,kak yang mana paling layak dicoba?,product_inquiry,neutral
gen_03988,bang yang mana paling layak dimiliki?,product_inquiry,neutral
gen_03989,min yang mana paling pantas dibeli?,product_inquiry,neutral
gen_03990,kak yang mana paling pantas dipilih?,product_inquiry,neutral
gen_03991,bang yang mana paling pas dibeli?,product_inquiry,neutral
gen_03992,min yang mana paling pas dipakai?,product_inquiry,neutral
gen_03993,kak yang mana paling cocok dipakai?,product_inquiry,neutral
gen_03994,bang yang mana paling cocok buat kerja?,product_inquiry,neutral
gen_03995,min yang mana paling cocok buat kuliah?,product_inquiry,neutral
gen_03996,kak yang mana paling cocok buat kondangan?,product_inquiry,neutral
gen_03997,bang yang mana paling cocok buat puasa?,product_inquiry,neutral
gen_03998,min yang mana paling cocok buat lebaran?,product_inquiry,neutral
gen_03999,kak yang mana paling cocok buat ultah?,product_inquiry,neutral
gen_04000,bang yang mana paling cocok buat wisuda?,product_inquiry,neutral
gen_04001,min yang mana paling cocok buat interview?,product_inquiry,neutral
gen_04002,kak yang mana paling cocok buat meeting?,product_inquiry,neutral
gen_04003,bang yang mana paling cocok buat gathering?,product_inquiry,neutral
gen_04004,min yang mana paling cocok buat hangout?,product_inquiry,neutral
gen_04005,kak yang mana paling cocok buat main?,product_inquiry,neutral
gen_04006,bang yang mana paling cocok buat olahraga?,product_inquiry,neutral
gen_04007,min yang mana paling cocok buat jalan?,product_inquiry,neutral
gen_04008,kak yang mana paling cocok buat travel?,product_inquiry,neutral
gen_04009,bang yang mana paling cocok buat liburan?,product_inquiry,neutral
gen_04010,min yang mana paling cocok buat pantai?,product_inquiry,neutral
gen_04011,kak yang mana paling cocok buat gunung?,product_inquiry,neutral
gen_04012,bang yang mana paling cocok buat dingin?,product_inquiry,neutral
gen_04013,min yang mana paling cocok buat panas?,product_inquiry,neutral
gen_04014,kak yang mana paling cocok buat hujan?,product_inquiry,neutral
gen_04015,bang yang mana paling cocok buat malam?,product_inquiry,neutral
gen_04016,min yang mana paling cocok buat siang?,product_inquiry,neutral
gen_04017,kak yang mana paling cocok buat pagi?,product_inquiry,neutral
gen_04018,bang yang mana paling cocok buat tidur?,product_inquiry,neutral
gen_04019,min yang mana paling cocok buat hadiah?,product_inquiry,negative
gen_04020,kak yang mana paling cocok buat kado?,product_inquiry,neutral
gen_04021,bang yang mana paling cocok buat surprise?,product_inquiry,neutral
gen_04022,min yang mana paling cocok buat pasangan?,product_inquiry,neutral
gen_04023,kak yang mana paling cocok buat suami?,product_inquiry,neutral
gen_04024,bang yang mana paling cocok buat istri?,product_inquiry,neutral
gen_04025,min yang mana paling cocok buat ortu?,product_inquiry,neutral
gen_04026,kak yang mana paling cocok buat adek?,product_inquiry,neutral
gen_04027,bang yang mana paling cocok buat kakak?,product_inquiry,neutral
gen_04028,min yang mana paling cocok buat keponakan?,product_inquiry,neutral
gen_04029,kak yang mana paling cocok buat om?,product_inquiry,neutral
gen_04030,bang yang mana paling cocok buat tante?,product_inquiry,neutral
gen_04031,min yang mana paling cocok buat paman?,product_inquiry,neutral
gen_04032,kak yang mana paling cocok buat bibi?,product_inquiry,neutral
gen_04033,bang yang mana paling cocok buat nenek?,product_inquiry,neutral
gen_04034,min yang mana paling cocok buat kakek?,product_inquiry,neutral
gen_04035,kak yang mana paling cocok buat anak?,product_inquiry,neutral
gen_04036,bang yang mana paling cocok buat cucu?,product_inquiry,neutral
gen_04037,min yang mana paling cocok buat saudara?,product_inquiry,neutral
gen_04038,kak yang mana paling cocok buat sahabat?,product_inquiry,neutral
gen_04039,bang yang mana paling cocok buat temen?,product_inquiry,neutral
gen_04040,min yang mana paling cocok buat gebetan?,product_inquiry,neutral
gen_04041,kak yang mana paling cocok buat pacar?,product_inquiry,neutral
gen_04042,bang yang mana paling cocok buat crush?,product_inquiry,neutral
gen_04043,min yang mana paling cocok buat mantan? wkwk,product_inquiry,neutral
gen_04044,"kak jangan yang itu, yang ini apa?",product_inquiry,neutral
gen_04045,bang yang ditunjuk tadi apa namanya?,product_inquiry,neutral
gen_04046,min yang disebelah itu apa?,product_inquiry,neutral
gen_04047,kak yang dibawah itu produk apa?,product_inquiry,neutral
gen_04048,bang yang diatasnya itu barang apa?,product_inquiry,neutral
gen_04049,min yang paling depan itu apa?,product_inquiry,neutral
gen_04050,kak yang paling belakang itu apa?,product_inquiry,positive
gen_04051,bang yang paling kiri itu apa?,product_inquiry,neutral
gen_04052,min yang paling kanan itu apa?,product_inquiry,neutral
gen_04053,kak yang paling atas itu apa?,product_inquiry,neutral
gen_04054,bang yang paling bawah itu apa?,product_inquiry,positive
gen_04055,min yang paling tengah itu apa?,product_inquiry,neutral
gen_04056,kak yang paling pojok itu apa?,product_inquiry,neutral
gen_04057,bang yang paling ujung itu apa?,product_inquiry,neutral
gen_04058,min yang paling dalam itu apa?,product_inquiry,neutral
gen_04059,kak yang paling luar itu apa?,product_inquiry,positive
gen_04060,bang yang paling dekat itu apa?,product_inquiry,neutral
gen_04061,"﻿kak aku mau ambil yang item, eta 1",purchase_intent,neutral
gen_04062,"bang beli dong yang abu2, langsung chat",purchase_intent,neutral
gen_04063,"kak order yang navy ya, size m",purchase_intent,neutral
gen_04064,"min mau nitip yang putih, sekalian",purchase_intent,neutral
gen_04065,kak yang coklat aku mau beli,purchase_intent,neutral
gen_04066,"bang sy mau ambil yang biru, kode berapa?",purchase_intent,neutral
gen_04067,"kak pesen yang cream, dua biji",purchase_intent,neutral
gen_04068,"min mau beli yang hijau nih, ready kan?",purchase_intent,neutral
gen_04069,kak aku ambil yang pink ya kak,purchase_intent,neutral
gen_04070,"bang gue mau beli yang item, ukuran 30",purchase_intent,neutral
gen_04071,"kak mau pesen yang abu2, size l",purchase_intent,neutral
gen_04072,"min beli yang navy dong, dua",purchase_intent,neutral
gen_04073,kak yang hitam mau ambil bang,purchase_intent,neutral
gen_04074,"bang aku order yang putih ya, xl",purchase_intent,neutral
gen_04075,"kak nitip yang cream, satu aja",purchase_intent,neutral
gen_04076,"min mau beli yang biru, ukuran 32",purchase_intent,neutral
gen_04077,"kak aku ambil yang coklat, s",purchase_intent,neutral
gen_04078,"bang mau pesan yang hijau, 3",purchase_intent,neutral
gen_04079,"kak beli yang item kak, size 2xl",purchase_intent,neutral
gen_04080,"min ambil yang navy, ukuran 34",purchase_intent,neutral
gen_04081,"kak pesen yang abu2 dong, dua",purchase_intent,neutral
gen_04082,"bang mau beli yang pink, m",purchase_intent,neutral
gen_04083,"kak nitip yang putih kak, l",purchase_intent,neutral
gen_04084,"min aku ambil yang cream, xl",purchase_intent,neutral
gen_04085,"kak beli yang biru, ukuran 28",purchase_intent,neutral
gen_04086,"bang pesan yang navy, dua biji",purchase_intent,neutral
gen_04087,"kak mau ambil yang hijau, m",purchase_intent,neutral
gen_04088,"min order yang coklat kak, satu",purchase_intent,neutral
gen_04089,"kak beli yang item, ukuran 36",purchase_intent,neutral
gen_04090,"bang nitip yang abu2, size s",purchase_intent,negative
gen_04091,"kak pesen yang cream, 2",purchase_intent,neutral
gen_04092,"min ambil yang navy, xl",purchase_intent,neutral
gen_04093,"kak mau beli yang putih kak, size 3xl",purchase_intent,neutral
gen_04094,"bang order yang biru, ukuran 30",purchase_intent,neutral
gen_04095,"kak nitip yang coklat, l",purchase_intent,neutral
gen_04096,"min beli yang hijau, size 2xl",purchase_intent,neutral
gen_04097,"kak ambil yang item, ukuran 40",purchase_intent,neutral
gen_04098,"bang pesan yang cream kak, tiga",purchase_intent,neutral
gen_04099,"kak mau nitip yang navy, m",purchase_intent,neutral
gen_04100,"min order yang abu2, ukuran 32",purchase_intent,neutral
gen_04101,"kak beli yang biru kak, size m",purchase_intent,neutral
gen_04102,"bang aku ambil yang putih, 2",purchase_intent,neutral
gen_04103,"kak pesan yang hijau, ukuran 29",purchase_intent,neutral
gen_04104,"min mau beli yang coklat kak, xl",purchase_intent,neutral
gen_04105,"kak order yang item, size l",purchase_intent,neutral
gen_04106,"bang nitip yang cream, ukuran 33",purchase_intent,neutral
gen_04107,"kak beli yang navy, satu",purchase_intent,neutral
gen_04108,"min ambil yang pink, size s",purchase_intent,positive
gen_04109,"kak pesen yang abu2 kak, 3",purchase_intent,neutral
gen_04110,"bang mau order yang putih, ukuran 35",purchase_intent,neutral
gen_04111,"kak nitip yang biru, size xl",purchase_intent,neutral
gen_04112,"min beli yang coklat, 2",purchase_intent,neutral
gen_04113,"kak ambil yang hijau, ukuran 28",purchase_intent,neutral
gen_04114,"bang pesan yang item kak, size 3xl",purchase_intent,neutral
gen_04115,"kak mau beli yang cream, ukuran 34",purchase_intent,positive
gen_04116,"min order yang navy, size m",purchase_intent,neutral
gen_04117,"kak beli yang abu2, 2",purchase_intent,neutral
gen_04118,"bang nitip yang biru kak, ukuran 31",purchase_intent,neutral
gen_04119,"kak pesen yang putih, size 2xl",purchase_intent,neutral
gen_04120,"min ambil yang coklat, ukuran 30",purchase_intent,neutral
gen_04121,"kak mau nitip yang hijau, size l",purchase_intent,neutral
gen_04122,"bang order yang item, 3",purchase_intent,neutral
gen_04123,"kak beli yang navy kak, ukuran 29",purchase_intent,neutral
gen_04124,"min pesan yang cream, size s",purchase_intent,neutral
gen_04125,"kak ambil yang abu2, ukuran 32",purchase_intent,neutral
gen_04126,"bang mau beli yang putih, 2",purchase_intent,neutral
gen_04127,"kak nitip yang biru, size 36",purchase_intent,neutral
gen_04128,"min beli yang coklat kak, ukuran 33",purchase_intent,neutral
gen_04129,"kak order yang hijau, size 2xl",purchase_intent,negative
gen_04130,"bang pesan yang item, ukuran 35",purchase_intent,neutral
gen_04131,"kak mau ambil yang cream, xl",purchase_intent,neutral
gen_04132,"min nitip yang navy, ukuran 34",purchase_intent,neutral
gen_04133,"kak beli yang abu2 kak, size m",purchase_intent,neutral
gen_04134,"bang order yang putih, 3",purchase_intent,neutral
gen_04135,"kak pesen yang coklat, ukuran 30",purchase_intent,neutral
gen_04136,"min ambil yang biru, ukuran 31",purchase_intent,neutral
gen_04137,"kak nitip yang hijau kak, size l",purchase_intent,neutral
gen_04138,"bang mau pesan yang item, ukuran 32",purchase_intent,neutral
gen_04139,"kak beli yang cream, size s",purchase_intent,neutral
gen_04140,"min order yang navy kak, 2",purchase_intent,neutral
gen_04141,"kak ambil yang putih, ukuran 36",purchase_intent,neutral
gen_04142,"bang nitip yang abu2, size 2xl",purchase_intent,neutral
gen_04143,"kak pesen yang biru, ukuran 29",purchase_intent,neutral
gen_04144,"min mau beli yang coklat, size 3xl",purchase_intent,neutral
gen_04145,"kak order yang hijau kak, ukuran 33",purchase_intent,neutral
gen_04146,"bang beli yang item, 3",purchase_intent,neutral
gen_04147,"kak nitip yang cream, ukuran 31",purchase_intent,neutral
gen_04148,"min pesan yang navy, size xl",purchase_intent,neutral
gen_04149,"kak ambil yang abu2 kak, ukuran 35",purchase_intent,neutral
gen_04150,"bang pesen yang putih, m",purchase_intent,neutral
gen_04151,"kak mau beli yang biru, ukuran 30",purchase_intent,neutral
gen_04152,"min nitip yang coklat kak, 2",purchase_intent,neutral
gen_04153,"kak beli yang hijau, ukuran 28",purchase_intent,neutral
gen_04154,"bang order yang cream, size l",purchase_intent,neutral
gen_04155,"kak pesan yang item kak, ukuran 34",purchase_intent,neutral
gen_04156,"min ambil yang navy, 3",purchase_intent,neutral
gen_04157,"kak nitip yang putih, size 3xl",purchase_intent,neutral
gen_04158,"bang mau pesan yang abu2, ukuran 32",purchase_intent,neutral
gen_04159,"kak beli yang biru kak, size 2xl",purchase_intent,neutral
gen_04160,"min order yang coklat, ukuran 31",purchase_intent,negative
gen_04161,"kak ambil yang hijau, size m",purchase_intent,neutral
gen_04162,"bang pesen yang item, ukuran 36",purchase_intent,neutral
gen_04163,"kak mau nitip yang cream, 2",purchase_intent,neutral
gen_04164,"min beli yang navy kak, ukuran 29",purchase_intent,neutral
gen_04165,"kak pesan yang abu2, size s",purchase_intent,neutral
gen_04166,"bang order yang putih, ukuran 33",purchase_intent,neutral
gen_04167,"kak nitip yang biru, ukuran 35",purchase_intent,neutral
gen_04168,"min ambil yang coklat kak, size l",purchase_intent,neutral
gen_04169,"kak beli yang hijau, 3",purchase_intent,neutral
gen_04170,"bang pesen yang cream kak, ukuran 30",purchase_intent,neutral
gen_04171,"kak order yang item, size xl",purchase_intent,neutral
gen_04172,"min nitip yang navy, ukuran 28",purchase_intent,neutral
gen_04173,"kak ambil yang putih, 2",purchase_intent,neutral
gen_04174,"bang mau beli yang abu2 kak, ukuran 34",purchase_intent,neutral
gen_04175,"kak pesan yang biru, size 2xl",purchase_intent,neutral
gen_04176,"min beli yang coklat, ukuran 31",purchase_intent,neutral
gen_04177,"kak mau order yang hijau kak, size m",purchase_intent,neutral
gen_04178,"bang nitip yang item, 3",purchase_intent,neutral
gen_04179,"kak pesen yang cream, ukuran 35",purchase_intent,neutral
gen_04180,"min ambil yang navy kak, size l",purchase_intent,neutral
gen_04181,"kak beli yang putih, ukuran 29",purchase_intent,neutral
gen_04182,"bang order yang abu2, size s",purchase_intent,neutral
gen_04183,"kak nitip yang biru kak, ukuran 32",purchase_intent,neutral
gen_04184,"min mau pesen yang coklat, 2",purchase_intent,neutral
gen_04185,"kak ambil yang hijau, ukuran 33",purchase_intent,neutral
gen_04186,"bang beli yang item kak, size 3xl",purchase_intent,neutral
gen_04187,"kak pesan yang cream, ukuran 36",purchase_intent,positive
gen_04188,"min order yang navy, size 2xl",purchase_intent,neutral
gen_04189,"kak beli yang abu2 kak, 3",purchase_intent,neutral
gen_04190,"bang nitip yang putih, ukuran 30",purchase_intent,neutral
gen_04191,"kak mau ambil yang biru kak, size m",purchase_intent,neutral
gen_04192,"min pesen yang coklat, ukuran 34",purchase_intent,neutral
gen_04193,"kak order yang hijau, size l",purchase_intent,neutral
gen_04194,"bang ambil yang item, ukuran 28",purchase_intent,neutral
gen_04195,"kak nitip yang cream kak, 2",purchase_intent,neutral
gen_04196,"min beli yang navy, ukuran 31",purchase_intent,negative
gen_04197,"kak pesan yang abu2, size xl",purchase_intent,neutral
gen_04198,"bang mau order yang putih kak, ukuran 36",purchase_intent,negative
gen_04199,"kak beli yang biru, 3",purchase_intent,neutral
gen_04200,"min nitip yang coklat kak, size 2xl",purchase_intent,neutral
gen_04201,"kak ambil yang hijau, ukuran 29",purchase_intent,neutral
gen_04202,"bang pesen yang item, ukuran 33",purchase_intent,neutral
gen_04203,"kak mau beli yang cream, size s",purchase_intent,neutral
gen_04204,"kak pesan yang abu2, ukuran 32",purchase_intent,neutral
gen_04205,"bang nitip yang biru, ukuran 30",purchase_intent,neutral
gen_04206,"kak beli yang coklat kak, size 3xl",purchase_intent,neutral
gen_04207,"min ambil yang putih, ukuran 35",purchase_intent,neutral
gen_04208,"kak order yang hijau kak, size m",purchase_intent,neutral
gen_04209,"bang pesen yang cream, 3",purchase_intent,neutral
gen_04210,"kak nitip yang item, ukuran 31",purchase_intent,neutral
gen_04211,"min mau pesan yang navy, size l",purchase_intent,neutral
gen_04212,"kak ambil yang abu2 kak, ukuran 28",purchase_intent,neutral
gen_04213,"bang beli yang biru, 2",purchase_intent,neutral
gen_04214,"kak pesan yang coklat, ukuran 34",purchase_intent,neutral
gen_04215,"min order yang hijau kak, size xl",purchase_intent,neutral
gen_04216,"kak mau beli yang item, ukuran 32",purchase_intent,neutral
gen_04217,"bang nitip yang cream, size 2xl",purchase_intent,neutral
gen_04218,"kak pesen yang abu2, 3",purchase_intent,neutral
gen_04219,"min ambil yang navy kak, ukuran 30",purchase_intent,neutral
gen_04220,"kak beli yang putih, size m",purchase_intent,neutral
gen_04221,"bang mau nitip yang coklat kak, ukuran 36",purchase_intent,neutral
gen_04222,"kak order yang biru, size l",purchase_intent,neutral
gen_04223,"min pesan yang hijau, ukuran 29",purchase_intent,neutral
gen_04224,"kak ambil yang item kak, 2",purchase_intent,neutral
gen_04225,"bang beli yang abu2, ukuran 33",purchase_intent,neutral
gen_04226,"kak nitip yang cream, size s",purchase_intent,neutral
gen_04227,"min mau beli yang navy kak, ukuran 35",purchase_intent,neutral
gen_04228,"kak pesan yang coklat, 3",purchase_intent,neutral
gen_04229,"bang order yang hijau kak, ukuran 28",purchase_intent,neutral
gen_04230,"kak beli yang item, size 3xl",purchase_intent,neutral
gen_04231,"min ambil yang abu2 kak, ukuran 31",purchase_intent,neutral
gen_04232,"kak nitip yang biru, 2",purchase_intent,neutral
gen_04233,"bang pesen yang coklat, ukuran 30",purchase_intent,neutral
gen_04234,"kak order yang cream kak, size m",purchase_intent,neutral
gen_04235,"min mau nitip yang navy, 3",purchase_intent,neutral
gen_04236,"kak beli yang hijau, ukuran 32",purchase_intent,neutral
gen_04237,"bang ambil yang item kak, size l",purchase_intent,neutral
gen_04238,"kak pesan yang abu2, ukuran 34",purchase_intent,neutral
gen_04239,"min order yang coklat, size xl",purchase_intent,positive
gen_04240,"kak nitip yang putih kak, 2",purchase_intent,neutral
gen_04241,"bang mau beli yang biru, ukuran 29",purchase_intent,neutral
gen_04242,"kak pesen yang cream kak, size 2xl",purchase_intent,neutral
gen_04243,"bang order yang abu2, size m",purchase_intent,neutral
gen_04244,"kak nitip yang coklat kak, ukuran 33",purchase_intent,neutral
gen_04245,"min pesan yang hijau, 2",purchase_intent,neutral
gen_04246,"kak mau ambil yang biru, ukuran 28",purchase_intent,neutral
gen_04247,"bang beli yang cream kak, size l",purchase_intent,neutral
gen_04248,"kak order yang putih, 3",purchase_intent,neutral
gen_04249,"min nitip yang item, ukuran 35",purchase_intent,neutral
gen_04250,"kak pesen yang abu2 kak, size s",purchase_intent,neutral
gen_04251,"bang ambil yang coklat, ukuran 31",purchase_intent,neutral
gen_04252,"kak beli yang hijau, 2",purchase_intent,positive
gen_04253,"min mau order yang navy kak, ukuran 30",purchase_intent,neutral
gen_04254,"kak nitip yang biru, size 3xl",purchase_intent,neutral
gen_04255,"bang pesen yang item kak, ukuran 34",purchase_intent,neutral
gen_04256,"kak order yang cream, 3",purchase_intent,neutral
gen_04257,"min ambil yang coklat, ukuran 29",purchase_intent,neutral
gen_04258,﻿kak aku mau beli yang navy itu ya,purchase_intent,neutral
gen_04259,"bang gue mau order yang item, size berapa aja",purchase_intent,neutral
gen_04260,min aku pesen yang abu2 dong,purchase_intent,neutral
gen_04261,"kak mau ambil yang cream, buat hadiah",purchase_intent,neutral
gen_04262,"bang beli yang biru, 2 dong kak",purchase_intent,neutral
gen_04263,kak aku nitip yang coklat ya,purchase_intent,neutral
gen_04264,"min pesan yang putih, ukuran 34",purchase_intent,neutral
gen_04265,kak gercep mau beli yang hijau nih,purchase_intent,neutral
gen_04266,"bang aku order yang item, xl",purchase_intent,neutral
gen_04267,"kak mau beli yang abu2, s",purchase_intent,positive
gen_04268,"min nitip yang cream, l",purchase_intent,neutral
gen_04269,"kak beli yang navy, 2",purchase_intent,neutral
gen_04270,"bang pesan yang putih, ukuran 36",purchase_intent,neutral
gen_04271,kak aku ambil yang coklat dong,purchase_intent,neutral
gen_04272,"min order yang biru, size m",purchase_intent,neutral
gen_04273,"kak mau pesen yang hijau, 3",purchase_intent,neutral
gen_04274,"bang beli yang item, ukuran 28",purchase_intent,neutral
gen_04275,kak nitip yang abu2 kak,purchase_intent,neutral
gen_04276,"min aku mau beli yang cream, 2",purchase_intent,neutral
gen_04277,"kak order yang navy, size 3xl",purchase_intent,neutral
gen_04278,"bang pesan yang coklat, ukuran 31",purchase_intent,neutral
gen_04279,"kak beli yang putih, m",purchase_intent,neutral
gen_04280,"min ambil yang biru, 3",purchase_intent,neutral
gen_04281,"kak pesen yang hijau kak, s",purchase_intent,neutral
gen_04282,"bang order yang item, ukuran 30",purchase_intent,neutral
gen_04283,"kak nitip yang cream, xl",purchase_intent,neutral
gen_04284,"min mau beli yang abu2, ukuran 32",purchase_intent,neutral
gen_04285,"kak beli yang navy, size 2xl",purchase_intent,neutral
gen_04286,"bang pesan yang coklat kak, 2",purchase_intent,neutral
gen_04287,"kak ambil yang putih, ukuran 29",purchase_intent,neutral
gen_04288,"min order yang biru, size l",purchase_intent,neutral
gen_04289,"kak mau pesen yang hijau, ukuran 35",purchase_intent,neutral
gen_04290,"bang beli yang item kak, 3",purchase_intent,neutral
gen_04291,"kak nitip yang abu2, ukuran 33",purchase_intent,neutral
gen_04292,"min pesan yang cream dong, m",purchase_intent,neutral
gen_04293,"kak beli yang navy, ukuran 36",purchase_intent,neutral
gen_04294,"bang order yang putih, 2",purchase_intent,neutral
gen_04295,"kak ambil yang coklat kak, size s",purchase_intent,neutral
gen_04296,"min mau nitip yang biru, ukuran 28",purchase_intent,neutral
gen_04297,"kak pesen yang hijau, xl",purchase_intent,neutral
gen_04298,"bang beli yang item, ukuran 31",purchase_intent,neutral
gen_04299,"kak order yang cream kak, 3",purchase_intent,neutral
gen_04300,"min nitip yang abu2, size m",purchase_intent,neutral
gen_04301,"kak mau beli yang navy, ukuran 30",purchase_intent,neutral
gen_04302,"bang pesan yang putih kak, 2",purchase_intent,neutral
gen_04303,"kak ambil yang coklat, ukuran 34",purchase_intent,neutral
gen_04304,"min beli yang biru, size 2xl",purchase_intent,neutral
gen_04305,"kak pesen yang hijau kak, 3",purchase_intent,neutral
gen_04306,"bang order yang item, ukuran 32",purchase_intent,neutral
gen_04307,"kak nitip yang cream, m",purchase_intent,neutral
gen_04308,"min mau pesan yang abu2 kak, xl",purchase_intent,neutral
gen_04309,"kak beli yang navy, ukuran 29",purchase_intent,neutral
gen_04310,"bang ambil yang putih, size l",purchase_intent,neutral
gen_04311,"kak order yang coklat, 2",purchase_intent,neutral
gen_04312,"min nitip yang biru kak, ukuran 35",purchase_intent,neutral
gen_04313,"kak pesen yang hijau, s",purchase_intent,neutral
gen_04314,"bang beli yang item kak, ukuran 33",purchase_intent,neutral
gen_04315,"kak mau beli yang cream, 3",purchase_intent,neutral
gen_04316,"min order yang abu2, ukuran 36",purchase_intent,neutral
gen_04317,"kak beli yang navy kak, size m",purchase_intent,neutral
gen_04318,"bang pesan yang coklat, ukuran 28",purchase_intent,neutral
gen_04319,"min mau pesar yang biru kak, ukuran 30",purchase_intent,negative
gen_04320,"kak pesen yang hijau, size 2xl",purchase_intent,neutral
gen_04321,"kak nitip yang cream, ukuran 34",purchase_intent,neutral
gen_04322,"min beli yang abu2 kak, m",purchase_intent,positive
gen_04323,"kak mau nitip yang navy, ukuran 31",purchase_intent,neutral
gen_04324,"bang pesan yang putih, s",purchase_intent,neutral
gen_04325,"kak ambil yang coklat kak, xl",purchase_intent,neutral
gen_04326,"min order yang biru, 2",purchase_intent,neutral
gen_04327,"kak pesen yang hijau, ukuran 35",purchase_intent,neutral
gen_04328,"bang beli yang item, ukuran 29",purchase_intent,neutral
gen_04329,"kak nitip yang cream kak, 3",purchase_intent,neutral
gen_04330,"min mau beli yang abu2, size l",purchase_intent,neutral
gen_04331,"kak beli yang navy, ukuran 33",purchase_intent,neutral
gen_04332,"bang ambil yang coklat kak, m",purchase_intent,neutral
gen_04333,"kak order yang putih, 2",purchase_intent,neutral
gen_04334,"min nitip yang biru, ukuran 36",purchase_intent,neutral
gen_04335,"kak pesen yang hijau kak, size s",purchase_intent,neutral
gen_04336,"kak mau nitip yang cream, ukuran 28",purchase_intent,neutral
gen_04337,"min pesan yang abu2 kak, xl",purchase_intent,neutral
gen_04338,"kak ambil yang navy, ukuran 32",purchase_intent,neutral
gen_04339,"bang order yang coklat, size 2xl",purchase_intent,neutral
gen_04340,"kak beli yang putih, 3",purchase_intent,neutral
gen_04341,"min nitip yang biru kak, m",purchase_intent,neutral
gen_04342,"kak pesen yang hijau, ukuran 30",purchase_intent,neutral
gen_04343,"bang mau beli yang item, s",purchase_intent,neutral
gen_04344,"min ambil yang abu2, l",purchase_intent,neutral
gen_04345,"kak beli yang navy kak, 2",purchase_intent,neutral
gen_04346,"kak order yang putih kak, 3",purchase_intent,neutral
gen_04347,"min nitip yang biru, size xl",purchase_intent,neutral
gen_04348,"kak pesen yang hijau, ukuran 36",purchase_intent,neutral
gen_04349,"bang beli yang item kak, m",purchase_intent,neutral
gen_04350,"kak mau ambil yang cream, 2",purchase_intent,negative
gen_04351,"min order yang abu2, ukuran 29",purchase_intent,neutral
gen_04352,"kak nitip yang navy kak, size s",purchase_intent,negative
gen_04353,"bang pesan yang coklat, 3",purchase_intent,neutral
gen_04354,"kak ambil yang putih, ukuran 33",purchase_intent,neutral
gen_04355,"min beli yang biru kak, 2",purchase_intent,neutral
gen_04356,"kak pesen yang hijau, size m",purchase_intent,neutral
gen_04357,"bang order yang item, ukuran 35",purchase_intent,neutral
gen_04358,"kak nitip yang cream, l",purchase_intent,neutral
gen_04359,"bang ambil yang coklat kak, ukuran 28",purchase_intent,neutral
gen_04360,"min nitip yang biru, ukuran 32",purchase_intent,neutral
gen_04361,"bang beli yang item, ukuran 30",purchase_intent,neutral
gen_04362,"kak mau beli yang cream, 2",purchase_intent,neutral
gen_04363,"min order yang abu2 kak, size 2xl",purchase_intent,neutral
gen_04364,"kak nitip yang navy, ukuran 34",purchase_intent,neutral
gen_04365,"kak ambil yang putih kak, m",purchase_intent,neutral
gen_04366,"min beli yang biru, ukuran 31",purchase_intent,neutral
gen_04367,"kak pesen yang hijau, l",purchase_intent,neutral
gen_04368,"bang order yang item kak, 2",purchase_intent,neutral
gen_04369,"kak nitip yang cream, ukuran 36",purchase_intent,neutral
gen_04370,"min mau nitip yang abu2, size s",purchase_intent,neutral
gen_04371,"bang ambil yang coklat, 3",purchase_intent,neutral
gen_04372,"kak order yang putih kak, xl",purchase_intent,neutral
gen_04373,"min pesen yang biru, ukuran 33",purchase_intent,neutral
gen_04374,"kak pesen yang hijau kak, 2",purchase_intent,neutral
gen_04375,"bang beli yang item, ukuran 35",purchase_intent,neutral
gen_04376,"min mau pesan yang abu2, ukuran 28",purchase_intent,neutral
gen_04377,"kak beli yang navy kak, size l",purchase_intent,neutral
gen_04378,"bang order yang coklat, 3",purchase_intent,neutral
gen_04379,"kak ambil yang putih, ukuran 32",purchase_intent,neutral
gen_04380,"min nitip yang biru kak, 2",purchase_intent,neutral
gen_04381,"kak pesen yang hijau, size s",purchase_intent,neutral
gen_04382,"kak mau nitip yang cream kak, 3",purchase_intent,positive
gen_04383,"min order yang abu2, m",purchase_intent,neutral
gen_04384,"kak beli yang navy, ukuran 34",purchase_intent,neutral
gen_04385,"kak ambil yang putih, xl",purchase_intent,neutral
gen_04386,"bang order yang item, ukuran 36",purchase_intent,neutral
gen_04387,"kak nitip yang cream, 2",purchase_intent,neutral
gen_04388,"min mau beli yang abu2 kak, s",purchase_intent,negative
gen_04389,"bang ambil yang coklat, size l",purchase_intent,neutral
gen_04390,"min nitip yang biru, ukuran 33",purchase_intent,neutral
gen_04391,"kak pesen yang hijau, 2",purchase_intent,neutral
gen_04392,"kak nitip yang cream, ukuran 35",purchase_intent,neutral
gen_04393,"min order yang abu2 kak, 3",purchase_intent,neutral
gen_04394,"kak beli yang navy, xl",purchase_intent,neutral
gen_04395,"bang pesan yang coklat kak, ukuran 28",purchase_intent,neutral
gen_04396,"min beli yang abu2, size 2xl",purchase_intent,neutral
gen_04397,"kak pesan yang navy kak, ukuran 34",purchase_intent,neutral
gen_04398,"bang ambil yang coklat, m",purchase_intent,neutral
gen_04399,"min nitip yang biru, ukuran 31",purchase_intent,neutral
gen_04400,"bang beli yang item, 2",purchase_intent,neutral
gen_04401,"kak nitip yang cream kak, ukuran 36",purchase_intent,neutral
gen_04402,"min mau nitip yang abu2, s",purchase_intent,neutral
gen_04403,"bang order yang coklat kak, 3",purchase_intent,neutral
gen_04404,"min pesan yang biru kak, ukuran 33",purchase_intent,neutral
gen_04405,"bang beli yang item kak, ukuran 35",purchase_intent,positive
gen_04406,"kak mau pesan yang navy, ukuran 28",purchase_intent,neutral
gen_04407,"bang ambil yang coklat, 2",purchase_intent,neutral
gen_04408,"kak order yang putih kak, s",purchase_intent,neutral
gen_04409,"min beli yang abu2, l",purchase_intent,neutral
gen_04410,"kak pesan yang navy kak, m",purchase_intent,neutral
gen_04411,"bang order yang coklat, ukuran 34",purchase_intent,neutral
gen_04412,"kak ambil yang putih, 3",purchase_intent,neutral
gen_04413,"min nitip yang biru kak, size xl",purchase_intent,neutral
gen_04414,"kak pesen yang hijau, ukuran 31",purchase_intent,neutral
gen_04415,"bang beli yang item kak, 2",purchase_intent,neutral
gen_04416,"﻿kak aku mau beli yang abu2, chat dong",purchase_intent,neutral
gen_04417,"bang beli yang navy nih, kode berapa kak?",purchase_intent,neutral
gen_04418,"kak mau pesen yang item, di dm ya",purchase_intent,neutral
gen_04419,"min aku pesan yang cream, langsung chat",purchase_intent,neutral
gen_04420,"kak beli yang biru kak, bisa wa?",purchase_intent,neutral
gen_04421,"bang order yang coklat, voucher apa?",purchase_intent,neutral
gen_04422,"kak mau beli yang putih, chat admin",purchase_intent,neutral
gen_04423,"min ambil yang hijau, kode 5",purchase_intent,neutral
gen_04424,"kak pesen yang item, cek dm",purchase_intent,neutral
gen_04425,"bang nitip yang navy, udah chat",purchase_intent,neutral
gen_04426,"kak beli yang abu2 kak, dm bentar",purchase_intent,neutral
gen_04427,"min mau order yang cream, chat ya",purchase_intent,neutral
gen_04428,"kak ambil yang biru, malem chat",purchase_intent,neutral
gen_04429,"bang pesan yang coklat, kode 8",purchase_intent,neutral
gen_04430,"kak mau beli yang putih, lgsg wa",purchase_intent,neutral
gen_04431,"min nitip yang hijau, chat disini",purchase_intent,neutral
gen_04432,"kak order yang item kak, dm aja",purchase_intent,neutral
gen_04433,"bang beli yang navy, kode 3",purchase_intent,neutral
gen_04434,"kak pesan yang abu2, chat dong kak",purchase_intent,negative
gen_04435,"min mau beli yang cream, DM kak",purchase_intent,neutral
gen_04436,"kak ambil yang biru kak, udah chat",purchase_intent,neutral
gen_04437,"bang pesen yang coklat, wa aja",purchase_intent,neutral
gen_04438,"kak beli yang putih, kode 7",purchase_intent,neutral
gen_04439,"min order yang hijau, chat admin ya",purchase_intent,neutral
gen_04440,"kak nitip yang item, dm bentar lagi",purchase_intent,neutral
gen_04441,"bang mau pesan yang navy, lgsg chat",purchase_intent,neutral
gen_04442,"kak ambil yang abu2 kak, chat disini",purchase_intent,neutral
gen_04443,"min beli yang cream, kode 9",purchase_intent,neutral
gen_04444,"kak pesan yang biru, udah dm kak",purchase_intent,neutral
gen_04445,"bang order yang coklat, wa dong",purchase_intent,neutral
gen_04446,"kak mau beli yang putih kak, chat",purchase_intent,negative
gen_04447,"min nitip yang hijau, dm ya",purchase_intent,neutral
gen_04448,"kak beli yang item, kode 11",purchase_intent,neutral
gen_04449,"bang pesan yang abu2, lgsg wa",purchase_intent,neutral
gen_04450,"kak order yang cream kak, chat admin",purchase_intent,positive
gen_04451,"min ambil yang biru, dm aja",purchase_intent,neutral
gen_04452,"kak mau nitip yang coklat, kode 12",purchase_intent,neutral
gen_04453,"bang beli yang putih, udah chat",purchase_intent,neutral
gen_04454,"kak pesen yang hijau, wa bentar",purchase_intent,neutral
gen_04455,"min order yang item kak, dm",purchase_intent,neutral
gen_04456,"kak ambil yang navy, kode 13",purchase_intent,neutral
gen_04457,"bang pesan yang abu2 kak, chat",purchase_intent,neutral
gen_04458,"kak beli yang cream, lgsg dm",purchase_intent,neutral
gen_04459,"min mau pesen yang biru, kode 14",purchase_intent,neutral
gen_04460,"kak nitip yang coklat, udah wa",purchase_intent,neutral
gen_04461,"bang order yang putih, dm dong",purchase_intent,neutral
gen_04462,"kak ambil yang hijau kak, chat admin",purchase_intent,positive
gen_04463,"min beli yang item, kode 15",purchase_intent,neutral
gen_04464,"kak pesan yang navy kak, lgsg chat",purchase_intent,neutral
gen_04465,"bang ambil yang abu2, dm ya",purchase_intent,neutral
gen_04466,"kak mau beli yang cream, kode 16",purchase_intent,neutral
gen_04467,"min order yang biru, udah dm",purchase_intent,neutral
gen_04468,"kak pesen yang coklat kak, chat dong",purchase_intent,neutral
gen_04469,"bang beli yang putih, wa bentar",purchase_intent,neutral
gen_04470,"kak ambil yang hijau, dm aja",purchase_intent,neutral
gen_04471,"min nitip yang item kak, kode 17",purchase_intent,neutral
gen_04472,"kak order yang navy, chat admin ya",purchase_intent,neutral
gen_04473,"bang pesan yang abu2, lgsg dm",purchase_intent,neutral
gen_04474,"kak beli yang cream kak, kode 18",purchase_intent,neutral
gen_04475,"min mau nitip yang biru, udah chat",purchase_intent,neutral
gen_04476,"kak pesen yang coklat, dm bentar",purchase_intent,neutral
gen_04477,"bang order yang putih kak, wa dong",purchase_intent,neutral
gen_04478,"kak ambil yang hijau, chat anak kios",purchase_intent,negative
gen_04479,"min beli yang item, kode 19",purchase_intent,neutral
gen_04480,"kak pesan yang navy kak, lgsg wa",purchase_intent,neutral
gen_04481,"bang mau ambil yang abu2, dm",purchase_intent,neutral
gen_04482,"kak order yang cream, kode 20",purchase_intent,neutral
gen_04483,"min nitip yang biru kak, udah dm",purchase_intent,neutral
gen_04484,"kak pesen yang coklat, chat",purchase_intent,neutral
gen_04485,"bang beli yang putih kak, wa",purchase_intent,neutral
gen_04486,"kak ambil yang hijau, lgsg dm",purchase_intent,neutral
gen_04487,"min noble yang item, kode 21",purchase_intent,neutral
gen_04488,"kak pesan yang navy, chat admin",purchase_intent,neutral
gen_04489,"bang order yang abu2 kak, dm ya",purchase_intent,neutral
gen_04490,"kak beli yang cream, kode 22",purchase_intent,neutral
gen_04491,"min mau nitip yang biru, udah wa",purchase_intent,neutral
gen_04492,"kak pesen yang coklat kak, dm dong",purchase_intent,neutral
gen_04493,"bang ambil yang putih, chat bentar",purchase_intent,neutral
gen_04494,"kak order yang hijau, lgsg wa",purchase_intent,neutral
gen_04495,"min nitip yang item, kode 23",purchase_intent,neutral
gen_04496,"kak pesan yang navy kak, dm",purchase_intent,neutral
gen_04497,"bang beli yang abu2, udah chat kak",purchase_intent,neutral
gen_04498,"kak ambil yang cream kak, wa dong",purchase_intent,positive
gen_04499,"min order yang biru, kode 24",purchase_intent,neutral
gen_04500,"kak pesen yang coklat, chat admin",purchase_intent,neutral
gen_04501,"bang nitip yang putih kak, dm ya",purchase_intent,neutral
gen_04502,"kak beli yang hijau, lgsg dm",purchase_intent,neutral
gen_04503,"min order yang item kak, kode 25",purchase_intent,neutral
gen_04504,"kak ambil yang navy, wa",purchase_intent,neutral
gen_04505,"bang pesan yang abu2 kak, dm bentar",purchase_intent,neutral
gen_04506,"kak beli yang cream, chat",purchase_intent,neutral
gen_04507,"min pesen yang biru kak, kode 26",purchase_intent,neutral
gen_04508,"kak nitip yang coklat, udah dm",purchase_intent,neutral
gen_04509,"bang order yang putih, wa aja kak",purchase_intent,neutral
gen_04510,"kak ambil yang hijau kak, dm",purchase_intent,neutral
gen_04511,"min beli yang item, kode 27",purchase_intent,neutral
gen_04512,"bang mau nitip yang abu2, lgsg wa",purchase_intent,neutral
gen_04513,"kak order yang cream kak, dm ya",purchase_intent,neutral
gen_04514,"min pesen yang biru, kode 28",purchase_intent,neutral
gen_04515,"kak beli yang coklat, udah chat",purchase_intent,neutral
gen_04516,"bang nitip yang putih, dm dong",purchase_intent,neutral
gen_04517,"kak ambil yang hijau kak, wa",purchase_intent,neutral
gen_04518,"min order yang item, kode 29",purchase_intent,neutral
gen_04519,"kak pesan yang navy kak, chat bentar",purchase_intent,neutral
gen_04520,"bang beli yang abu2, dm",purchase_intent,neutral
gen_04521,"kak nitip yang cream kak, kode 30",purchase_intent,neutral
gen_04522,"kak pesen yang coklat, wa aja",purchase_intent,neutral
gen_04523,"bang ambil yang putih, chat admin",purchase_intent,neutral
gen_04524,"kak beli yang hijau kak, lgsg dm",purchase_intent,neutral
gen_04525,"min nitip yang item, kode 31",purchase_intent,neutral
gen_04526,"kak pesan yang navy, udah wa",purchase_intent,neutral
gen_04527,"bang order yang abu2 kak, dm bentar",purchase_intent,neutral
gen_04528,"kak ambil yang cream, chat",purchase_intent,neutral
gen_04529,"min beli yang biru kak, kode 32",purchase_intent,neutral
gen_04530,"kak pesen yang coklat, dm dong",purchase_intent,neutral
gen_04531,"bang nitip yang putih, lgsg wa",purchase_intent,neutral
gen_04532,"kak order yang hijau kak, udah dm",purchase_intent,neutral
gen_04533,"min ambil yang item, kode 33",purchase_intent,neutral
gen_04534,"kak pesan yang navy kak, chat admin",purchase_intent,neutral
gen_04535,"bang beli yang abu2, wa",purchase_intent,neutral
gen_04536,"kak nitip yang cream, dm ya",purchase_intent,neutral
gen_04537,"min order yang biru kak, kode 34",purchase_intent,neutral
gen_04538,"kak pesen yang coklat, chat bentar",purchase_intent,neutral
gen_04539,"bang ambil yang putih kak, lgsg dm",purchase_intent,neutral
gen_04540,"kak beli yang hijau, kode 35",purchase_intent,neutral
gen_04541,"min nitip yang item kak, udah wa",purchase_intent,neutral
gen_04542,"kak pesan yang navy, dm",purchase_intent,neutral
gen_04543,"bang order yang abu2 kak, chat",purchase_intent,neutral
gen_04544,"kak ambil yang cream, kode 36",purchase_intent,neutral
gen_04545,"min beli yang biru kak, udah dm",purchase_intent,neutral
gen_04546,"kak pesen yang coklat, wa bentar",purchase_intent,neutral
gen_04547,"bang nitip yang putih kak, dm dong",purchase_intent,neutral
gen_04548,"min ambil yang item kak, kode 37",purchase_intent,neutral
gen_04549,"kak pesan yang navy, chat",purchase_intent,neutral
gen_04550,"bang beli yang abu2 kak, dm ya",purchase_intent,neutral
gen_04551,"kak nitip yang cream, kode 38",purchase_intent,neutral
gen_04552,"min order yang biru, udah wa",purchase_intent,neutral
gen_04553,"kak pesen yang coklat kak, dm",purchase_intent,neutral
gen_04554,"kak beli yang hijau kak, kode 39",purchase_intent,neutral
gen_04555,"min nitip yang item, lgsg dm",purchase_intent,positive
gen_04556,"kak pesan yang navy kak, wa",purchase_intent,neutral
gen_04557,"bang order yang abu2, chat bentar",purchase_intent,neutral
gen_04558,"kak ambil yang cream kak, kode 40",purchase_intent,neutral
gen_04559,"min beli yang biru, dm dong",purchase_intent,neutral
gen_04560,"kak pesen yang coklat kak, udah dm",purchase_intent,neutral
gen_04561,"bang nitip yang putih, wa aja",purchase_intent,neutral
gen_04562,"kak order yang hijau kak, kode 41",purchase_intent,neutral
gen_04563,"min ambil yang item, chat admin",purchase_intent,neutral
gen_04564,"kak pesan yang navy kak, dm ya",purchase_intent,neutral
gen_04565,"bang beli yang abu2 kak, udah wa",purchase_intent,neutral
gen_04566,"kak nitip yang cream, kode 42",purchase_intent,neutral
gen_04567,"min order yang biru kak, chat bentar",purchase_intent,neutral
gen_04568,"kak pesen yang coklat, dm",purchase_intent,neutral
gen_04569,"bang ambil yang putih kak, kode 43",purchase_intent,neutral
gen_04570,"kak beli yang hijau, wa",purchase_intent,neutral
gen_04571,"min nitip yang item kak, lgsg chat",purchase_intent,neutral
gen_04572,"kak pesan yang navy, kode 44",purchase_intent,neutral
gen_04573,"kak ambil yang cream, udah chat",purchase_intent,neutral
gen_04574,"min beli yang biru, kode 45",purchase_intent,neutral
gen_04575,"kak pesen yang coklat kak, dm ya",purchase_intent,neutral
gen_04576,"bang nitip yang putih, wa dong",purchase_intent,neutral
gen_04577,"kak order yang hijau, kode 46",purchase_intent,neutral
gen_04578,"min ambil yang item kak, chat admin",purchase_intent,neutral
gen_04579,"bang beli yang abu2, kode 47",purchase_intent,neutral
gen_04580,"kak nitip yang cream kak, dm",purchase_intent,neutral
gen_04581,"min order yang biru, chat bentar",purchase_intent,neutral
gen_04582,"kak pesen yang coklat, kode 48",purchase_intent,neutral
gen_04583,"bang ambil yang putih kak, wa aja",purchase_intent,neutral
gen_04584,"kak beli yang hijau, dm dong",purchase_intent,neutral
gen_04585,"min nitip yang item, kode 49",purchase_intent,neutral
gen_04586,"bang order yang abu2, udah dm",purchase_intent,neutral
gen_04587,"kak ambil yang cream kak, wa bentar",purchase_intent,positive
gen_04588,"min beli yang biru, kode 50",purchase_intent,neutral
gen_04589,"kak pesen yang coklat, udah wa",purchase_intent,neutral
gen_04590,"bang nitip yang putih, kode 51",purchase_intent,neutral
gen_04591,"kak order yang hijau kak, dm ya",purchase_intent,neutral
gen_04592,"min ambil yang item, chat",purchase_intent,neutral
gen_04593,"kak pesan yang navy, kode 52",purchase_intent,neutral
gen_04594,"bang beli yang abu2 kak, wa",purchase_intent,neutral
gen_04595,"kak nitip yang cream, udah chat",purchase_intent,negative
gen_04596,"min order yang biru kak, kode 53",purchase_intent,neutral
gen_04597,"bang ambil yang putih, wa aja",purchase_intent,neutral
gen_04598,"kak beli yang hijau, kode 54",purchase_intent,neutral
gen_04599,"min nitip yang item kak, chat admin",purchase_intent,neutral
gen_04600,"bang order yang abu2 kak, udah wa",purchase_intent,neutral
gen_04601,"kak ambil yang cream, kode 55",purchase_intent,neutral
gen_04602,"min beli yang biru kak, lgsg chat",purchase_intent,negative
gen_04603,"kak pesen yang coklat, udah dm",purchase_intent,neutral
gen_04604,"bang nitip yang putih, wa bentar",purchase_intent,neutral
gen_04605,"kak order yang hijau, kode 56",purchase_intent,neutral
gen_04606,"min ambil yang item kak, chat",purchase_intent,neutral
gen_04607,"bang beli yang abu2 kak, wa aja",purchase_intent,neutral
gen_04608,"kak nitip yang cream, kode 57",purchase_intent,neutral
gen_04609,"kak pesen yang coklat kak, chat admin",purchase_intent,neutral
gen_04610,"bang ambil yang putih, kode 58",purchase_intent,neutral
gen_04611,"kak beli yang hijau kak, dm dong",purchase_intent,neutral
gen_04612,"min nitip yang item, udah chat",purchase_intent,neutral
gen_04613,"kak pesan yang navy kak, kode 59",purchase_intent,neutral
gen_04614,"bang order yang abu2, dm",purchase_intent,neutral
gen_04615,"min beli yang biru, kode 60",purchase_intent,neutral
gen_04616,"bang nitip yang putih kak, udah dm",purchase_intent,neutral
gen_04617,"kak order yang hijau, kode 61",purchase_intent,neutral
gen_04618,"min ambil yang item kak, wa",purchase_intent,neutral
gen_04619,"kak pesan yang navy, dm dong",purchase_intent,neutral
gen_04620,"bang beli yang abu2 kak, chat admin",purchase_intent,neutral
gen_04621,"kak nitip yang cream, kode 62",purchase_intent,neutral
gen_04622,"min order yang biru kak, lgsg dm",purchase_intent,neutral
gen_04623,"bang ambil yang putih, kode 63",purchase_intent,neutral
gen_04624,"kak beli yang hijau kak, chat bentar",purchase_intent,neutral
gen_04625,"min nitip yang item, kode 64",purchase_intent,neutral
gen_04626,"kak pesan yang navy kak, wa aja",purchase_intent,neutral
gen_04627,"bang order yang abu2, dm ya",purchase_intent,positive
gen_04628,"kak ambil yang cream, kode 65",purchase_intent,neutral
gen_04629,﻿kak langsung aku checkout yang item ya,purchase_intent,neutral
gen_04630,"bang aku fix beli yang navy, jangan kehabisan",purchase_intent,neutral
gen_04631,"kak aku deal yang abu2, sekalian size 30",purchase_intent,neutral
gen_04632,"min aku booking yang cream, besok ambil",purchase_intent,neutral
gen_04633,"kak udah chat admin, mau bayar yang biru",purchase_intent,neutral
gen_04634,"bang aku ambil yang coklat, transfer ya",purchase_intent,neutral
gen_04635,"kak aku beli yang putih, 2, udah masuk keranjang",purchase_intent,neutral
gen_04636,"min aku order yang hijau, COD ya",purchase_intent,neutral
gen_04637,"kak aku pesen yang item, di chat tadi",purchase_intent,neutral
gen_04638,"bang aku beli yang navy, no. rek berapa",purchase_intent,neutral
gen_04639,"kak aku ambil yang abu2 kak, tarik duit dulu",purchase_intent,neutral
gen_04640,"min aku order yang cream, mie ayam dulu wkwk",purchase_intent,neutral
gen_04641,"kak aku checkout yang biru, voucher diskon",purchase_intent,neutral
gen_04642,"bang aku beli yang coklat, besok pagi transfer",purchase_intent,neutral
gen_04643,"kak aku nitip yang putih, kapan dikirim",purchase_intent,neutral
gen_04644,"min aku ambil yang hijau, tgl muda dulu",purchase_intent,neutral
gen_04645,"kak aku pesan yang item, udah transfer",purchase_intent,positive
gen_04646,"bang aku order yang navy, nitip temen",purchase_intent,neutral
gen_04647,"kak aku beli yang abu2, bayar belakangan ya?",purchase_intent,neutral
gen_04648,"min aku ambil yang cream, besok ke TKP",purchase_intent,neutral
gen_04649,"kak aku checkout yang biru kak, sms admin",purchase_intent,neutral
gen_04650,"bang aku nitip yang coklat, langsung chat",purchase_intent,neutral
gen_04651,"kak aku beli yang putih, kode pembayaran?",purchase_intent,neutral
gen_04652,"min aku order yang hijau, udah checkout",purchase_intent,neutral
gen_04653,"kak aku ambil yang item kak, dm admin",purchase_intent,neutral
gen_04654,"bang aku pesan yang navy, bayar sekarang",purchase_intent,neutral
gen_04655,"kak aku beli yang abu2 kak, sekalian ongkir",purchase_intent,neutral
gen_04656,"min aku order yang cream, chat admin bentar",purchase_intent,neutral
gen_04657,"kak aku nitip yang biru kak, transfer nanti",purchase_intent,neutral
gen_04658,"bang aku ambil yang coklat, tarik tunai",purchase_intent,neutral
gen_04659,"kak aku checkout yang putih, voucher lama",purchase_intent,neutral
gen_04660,"min aku pesen yang hijau kak, udah bayar",purchase_intent,neutral
gen_04661,"kak aku ambil yang item, nitip sama bapak",purchase_intent,neutral
gen_04662,"bang aku order yang navy kak, hari ini",purchase_intent,neutral
gen_04663,"kak aku beli yang abu2, udah chat tadi",purchase_intent,neutral
gen_04664,"min aku ambil yang cream kak, sampe hari minggu",purchase_intent,neutral
gen_04665,"kak aku pesan yang biru, senin transfer",purchase_intent,neutral
gen_04666,"bang aku nitip yang coklat kak, besok",purchase_intent,neutral
gen_04667,"kak aku order yang putih, minggu depan",purchase_intent,neutral
gen_04668,"min aku beli yang hijau, jam 2 siang",purchase_intent,neutral
gen_04669,"kak aku checkout yang item kak, malem",purchase_intent,neutral
gen_04670,"bang aku ambil yang navy, pagi besok",purchase_intent,neutral
gen_04671,"kak aku pesen yang abu2 kak, sore",purchase_intent,neutral
gen_04672,"min aku nitip yang cream, siang",purchase_intent,neutral
gen_04673,"kak aku beli yang biru kak, malam",purchase_intent,neutral
gen_04674,"bang aku order yang coklat, pagi",purchase_intent,neutral
gen_04675,"kak aku ambil yang putih kak, siang",purchase_intent,neutral
gen_04676,"min aku pesen yang hijau, sore",purchase_intent,neutral
gen_04677,"kak aku checkout yang item, malem",purchase_intent,neutral
gen_04678,"bang aku nitip yang navy kak, besok pagi",purchase_intent,negative
gen_04679,"kak aku beli yang abu2, besok sore",purchase_intent,neutral
gen_04680,"min aku order yang cream kak, besok malem",purchase_intent,neutral
gen_04681,"kak aku nitip yang biru, besok siang",purchase_intent,neutral
gen_04682,"bang aku ambil yang coklat kak, besok subuh",purchase_intent,neutral
gen_04683,"kak aku pesen yang putih, besok malam",purchase_intent,neutral
gen_04684,"min aku beli yang hijau kak, besok pagi",purchase_intent,neutral
gen_04685,"kak aku checkout yang item, minggu pagi",purchase_intent,neutral
gen_04686,"bang aku nitip yang navy, minggu sore",purchase_intent,neutral
gen_04687,"kak aku order yang abu2 kak, minggu siang",purchase_intent,neutral
gen_04688,"min aku ambil yang cream, minggu malem",purchase_intent,neutral
gen_04689,"kak aku pesen yang biru, minggu subuh",purchase_intent,neutral
gen_04690,"bang aku beli yang coklat kak, minggu dini hari",purchase_intent,neutral
gen_04691,"kak aku nitip yang putih, minggu pagi",purchase_intent,neutral
gen_04692,"min aku checkout yang hijau kak, minggu siang",purchase_intent,neutral
gen_04693,"kak aku ambil yang item, tanggal 1",purchase_intent,neutral
gen_04694,"bang aku order yang navy, tanggal 2",purchase_intent,neutral
gen_04695,"kak aku beli yang abu2 kak, tanggal 3",purchase_intent,neutral
gen_04696,"min aku pesen yang cream, tanggal 4",purchase_intent,neutral
gen_04697,"kak aku nitip yang biru, tanggal 5",purchase_intent,neutral
gen_04698,"bang aku ambil yang coklat kak, tanggal 6",purchase_intent,neutral
gen_04699,"kak aku order yang putih, tanggal 7",purchase_intent,neutral
gen_04700,"min aku beli yang hijau kak, tanggal 8",purchase_intent,neutral
gen_04701,"kak aku checkout yang item, tanggal 9",purchase_intent,neutral
gen_04702,"bang aku nitip yang navy, tanggal 10",purchase_intent,neutral
gen_04703,"kak aku pesen yang abu2 kak, tanggal 11",purchase_intent,negative
gen_04704,"min aku order yang cream, tanggal 12",purchase_intent,positive
gen_04705,"kak aku ambil yang biru, tanggal 13",purchase_intent,neutral
gen_04706,"bang aku beli yang coklat kak, tanggal 14",purchase_intent,neutral
gen_04707,"kak aku nitip yang putih, tanggal 15",purchase_intent,neutral
gen_04708,"min aku pesen yang hijau kak, tanggal 16",purchase_intent,neutral
gen_04709,"kak aku checkout yang item, tanggal 17",purchase_intent,neutral
gen_04710,"bang aku nitip yang navy kak, tanggal 18",purchase_intent,positive
gen_04711,"kak aku beli yang abu2, tanggal 19",purchase_intent,neutral
gen_04712,"min aku ambil yang cream kak, tanggal 20",purchase_intent,neutral
gen_04713,"kak aku order yang biru, tanggal 21",purchase_intent,neutral
gen_04714,"bang aku pesen yang coklat kak, tanggal 22",purchase_intent,neutral
gen_04715,"kak aku nitip yang putih, tanggal 23",purchase_intent,neutral
gen_04716,"min aku beli yang hijau kak, tanggal 24",purchase_intent,neutral
gen_04717,"kak aku checkout yang item, tanggal 25",purchase_intent,neutral
gen_04718,"bang aku ambil yang navy, tanggal 26",purchase_intent,neutral
gen_04719,"kak aku order yang abu2 kak, tanggal 27",purchase_intent,neutral
gen_04720,"min aku pesen yang cream, tanggal 28",purchase_intent,neutral
gen_04721,"kak aku nitip yang biru kak, tanggal 29",purchase_intent,neutral
gen_04722,"bang aku beli yang coklat, tanggal 30",purchase_intent,neutral
gen_04723,"kak aku ambil yang putih kak, tanggal 31",purchase_intent,neutral
gen_04724,"min aku checkout yang hijau, akhir bulan",purchase_intent,neutral
gen_04725,"kak aku pesen yang item, awal bulan",purchase_intent,neutral
gen_04726,"bang aku nitip yang navy kak, tengah bulan",purchase_intent,neutral
gen_04727,"kak aku beli yang abu2, akhir minggu",purchase_intent,neutral
gen_04728,"min aku ambil yang cream kak, akhir tahun",purchase_intent,neutral
gen_04729,"kak aku order yang biru, awal tahun",purchase_intent,neutral
gen_04730,"bang aku pesan yang coklat kak, pertengahan tahun",purchase_intent,neutral
gen_04731,"kak aku nitip yang putih, tahun depan",purchase_intent,neutral
gen_04732,"min aku beli yang hijau kak, tahun ini",purchase_intent,neutral
gen_04733,"kak aku checkout yang item, bulan depan",purchase_intent,neutral
gen_04734,"bang aku ambil yang navy kak, bulan ini",purchase_intent,neutral
gen_04735,"kak aku order yang abu2, minggu ini",purchase_intent,neutral
gen_04736,"min aku pesen yang cream kak, hari ini",purchase_intent,neutral
gen_04737,"kak aku nitip yang biru, jam ini",purchase_intent,neutral
gen_04738,"bang aku beli yang coklat kak, detik ini",purchase_intent,neutral
gen_04739,"kak aku ambil yang putih, sekarang",purchase_intent,neutral
gen_04740,"min aku checkout yang hijau kak, langsung",purchase_intent,neutral
gen_04741,"kak aku pesen yang item, gas",purchase_intent,positive
gen_04742,"bang aku nitip yang navy, cus",purchase_intent,neutral
gen_04743,"kak aku beli yang abu2 kak, charging",purchase_intent,neutral
gen_04744,"min aku order yang cream, bentar lagi",purchase_intent,neutral
gen_04745,"kak aku ambil yang biru, udah",purchase_intent,neutral
gen_04746,"bang aku pesan yang coklat kak, fix",purchase_intent,neutral
gen_04747,"kak aku nitip yang putih, semoga cepat",purchase_intent,negative
gen_04748,"min aku beli yang hijau kak, insyaallah",purchase_intent,neutral
gen_04749,"kak aku checkout yang item, amin",purchase_intent,neutral
gen_04750,"bang aku ambil yang navy kak, dah",purchase_intent,neutral
gen_04751,"kak aku order yang abu2, yow",purchase_intent,neutral
gen_04752,"min aku pesen yang cream kak, wkwk",purchase_intent,neutral
gen_04753,"kak aku nitip yang biru, santuy",purchase_intent,neutral
gen_04754,"bang aku beli yang coklat kak, gws",purchase_intent,neutral
gen_04755,"kak aku ambil yang putih, siap",purchase_intent,neutral
gen_04756,"min aku checkout yang hijau kak, mantap",purchase_intent,neutral
gen_04757,"kak aku pesen yang item, sip",purchase_intent,positive
gen_04758,"bang aku nitip yang navy kak, gaskeun",purchase_intent,neutral
gen_04759,"kak aku beli yang abu2, segera",purchase_intent,neutral
gen_04760,"min aku order yang cream kak, dah mau",purchase_intent,neutral
gen_04761,"kak aku ambil yang biru, gaspol",purchase_intent,negative
gen_04762,"bang aku pesan yang coklat kak, aman",purchase_intent,neutral
gen_04763,"kak aku nitip yang putih, joss",purchase_intent,neutral
gen_04764,"min aku beli yang hijau kak, top",purchase_intent,neutral
gen_04765,"kak aku checkout yang item, ok",purchase_intent,neutral
gen_04766,"bang aku ambil yang navy kak, sip deh",purchase_intent,neutral
gen_04767,"kak aku order yang abu2, gas aja",purchase_intent,neutral
gen_04768,"min aku pesen yang cream kak, langsung gas",purchase_intent,neutral
gen_04769,"kak aku nitip yang biru, serius",purchase_intent,neutral
gen_04770,"bang aku beli yang coklat kak, garansi",purchase_intent,neutral
gen_04771,"kak aku ambil yang putih, deal",purchase_intent,neutral
gen_04772,"min aku checkout yang hijau kak, mantul",purchase_intent,neutral
gen_04773,"kak aku pesen yang item, cakep",purchase_intent,neutral
gen_04774,"bang aku nitip yang navy kak, keren",purchase_intent,neutral
gen_04775,"kak aku beli yang abu2, resmi",purchase_intent,neutral
gen_04776,"min aku order yang cream kak, amanah",purchase_intent,neutral
gen_04777,"kak aku ambil yang biru, trusted",purchase_intent,neutral
gen_04778,"bang aku pesan yang coklat kak, dapet",purchase_intent,neutral
gen_04779,"kak aku nitip yang putih, jadi",purchase_intent,neutral
gen_04780,"min aku beli yang hijau kak, jadi minggu ini",purchase_intent,neutral
gen_04781,"kak aku checkout yang item, jadi bulan ini",purchase_intent,neutral
gen_04782,"bang aku ambil yang navy kak, jadi hari ini",purchase_intent,neutral
gen_04783,"kak aku order yang abu2, jadi sekarang",purchase_intent,neutral
gen_04784,"min aku pesen yang cream kak, jadi besok",purchase_intent,neutral
gen_04785,"kak aku nitip yang biru, jadi nanti malem",purchase_intent,neutral
gen_04786,"bang aku beli yang coklat kak, jadi minggu depan",purchase_intent,neutral
gen_04787,"kak aku ambil yang putih, jadi minggu ini",purchase_intent,neutral
gen_04788,"min aku checkout yang hijau kak, jadi bulan depan",purchase_intent,neutral
gen_04789,"kak aku pesen yang item, jadi tahun ini",purchase_intent,neutral
gen_04790,"bang aku nitip yang navy kak, paling cepat",purchase_intent,neutral
gen_04791,"kak aku beli yang abu2, langsung jadi",purchase_intent,neutral
gen_04792,"min aku order yang cream kak, jadi-jadian",purchase_intent,neutral
gen_04793,"kak aku ambil yang biru, jadiin dong",purchase_intent,neutral
gen_04794,"bang aku pesan yang coklat kak, jadiin ya",purchase_intent,neutral
gen_04795,"kak aku nitip yang putih, jadiin",purchase_intent,neutral
gen_04796,"min aku beli yang hijau kak, jadiin kak",purchase_intent,neutral
gen_04797,"kak aku checkout yang item, jadiin dong kak",purchase_intent,neutral
gen_04798,"bang aku ambil yang navy kak, jadiin ya kak",purchase_intent,neutral
gen_04799,"kak aku order yang abu2, jadikan dong",purchase_intent,neutral
gen_04800,"min aku pesen yang cream kak, jadikan ya",purchase_intent,neutral
gen_04801,"kak aku nitip yang biru, jadikan kak",purchase_intent,neutral
gen_04802,"bang aku beli yang coklat kak, jadikan dong kak",purchase_intent,neutral
gen_04803,﻿kak aku mau ambil 2 yang item,purchase_intent,neutral
gen_04804,bang nitip 3 yang navy dong,purchase_intent,neutral
gen_04805,kak pesen 1 yang abu2 kak,purchase_intent,neutral
gen_04806,min order 2 yang cream ya,purchase_intent,neutral
gen_04807,kak beli 4 yang biru kak,purchase_intent,neutral
gen_04808,bang ambil 2 yang coklat,purchase_intent,positive
gen_04809,kak mau nitip 3 yang putih,purchase_intent,neutral
gen_04810,min pesen 2 yang hijau kak,purchase_intent,neutral
gen_04811,kak order 5 yang item kak,purchase_intent,neutral
gen_04812,"bang beli 3 yang navy, size m",purchase_intent,neutral
gen_04813,kak ambil 2 yang abu2 kak,purchase_intent,neutral
gen_04814,min nitip 4 yang cream,purchase_intent,neutral
gen_04815,kak pesen 3 yang biru ya,purchase_intent,neutral
gen_04816,bang order 2 yang coklat kak,purchase_intent,neutral
gen_04817,"kak beli 5 yang putih, size l",purchase_intent,neutral
gen_04818,min ambil 3 yang hijau kak,purchase_intent,neutral
gen_04819,kak nitip 2 yang item kak,purchase_intent,neutral
gen_04820,bang pesan 4 yang navy,purchase_intent,positive
gen_04821,kak order 3 yang abu2 kak,purchase_intent,neutral
gen_04822,min beli 2 yang cream pos,purchase_intent,negative
gen_04823,kak ambil 5 yang biru kak,purchase_intent,neutral
gen_04824,bang nitip 3 yang coklat,purchase_intent,neutral
gen_04825,kak pesen 2 yang putih kak,purchase_intent,neutral
gen_04826,min order 4 yang hijau,purchase_intent,neutral
gen_04827,kak beli 3 yang item kak,purchase_intent,neutral
gen_04828,bang ambil 2 yang navy,purchase_intent,neutral
gen_04829,kak nitip 5 yang abu2 kak,purchase_intent,neutral
gen_04830,min pesan 3 yang cream,purchase_intent,negative
gen_04831,kak order 2 yang biru kak,purchase_intent,neutral
gen_04832,bang beli 4 yang coklat,purchase_intent,neutral
gen_04833,kak ambil 3 yang putih kak,purchase_intent,neutral
gen_04834,min nitip 2 yang hijau,purchase_intent,neutral
gen_04835,kak pesen 5 yang item kak,purchase_intent,neutral
gen_04836,bang order 3 yang navy,purchase_intent,neutral
gen_04837,kak beli 2 yang abu2 kak,purchase_intent,positive
gen_04838,min ambil 4 yang cream,purchase_intent,neutral
gen_04839,kak nitip 3 yang biru kak,purchase_intent,neutral
gen_04840,bang pesan 2 yang coklat,purchase_intent,neutral
gen_04841,kak order 5 yang putih kak,purchase_intent,neutral
gen_04842,min beli 3 yang hijau,purchase_intent,neutral
gen_04843,kak ambil 2 yang item kak,purchase_intent,neutral
gen_04844,bang nitip 4 yang navy,purchase_intent,neutral
gen_04845,kak pesen 3 yang abu2 kak,purchase_intent,neutral
gen_04846,min order 2 yang cream,purchase_intent,neutral
gen_04847,kak beli 5 yang biru kak,purchase_intent,neutral
gen_04848,bang ambil 3 yang coklat,purchase_intent,neutral
gen_04849,kak nitip 2 yang putih kak,purchase_intent,neutral
gen_04850,min pesan 4 yang hijau,purchase_intent,neutral
gen_04851,kak order 3 yang item kak,purchase_intent,neutral
gen_04852,bang beli 2 yang navy,purchase_intent,neutral
gen_04853,kak ambil 5 yang abu2 kak,purchase_intent,negative
gen_04854,min nitip 3 yang cream,purchase_intent,neutral
gen_04855,kak pesen 2 yang biru kak,purchase_intent,neutral
gen_04856,bang order 4 yang coklat,purchase_intent,neutral
gen_04857,kak beli 3 yang putih kak,purchase_intent,neutral
gen_04858,min ambil 2 yang hijau,purchase_intent,neutral
gen_04859,kak nitip 5 yang item kak,purchase_intent,neutral
gen_04860,bang pesan 3 yang navy,purchase_intent,neutral
gen_04861,kak order 2 yang abu2 kak,purchase_intent,neutral
gen_04862,min beli 4 yang cream,purchase_intent,neutral
gen_04863,kak ambil 3 yang biru kak,purchase_intent,neutral
gen_04864,bang nitip 2 yang coklat,purchase_intent,neutral
gen_04865,kak pesen 5 yang putih kak,purchase_intent,neutral
gen_04866,min order 3 yang hijau,purchase_intent,neutral
gen_04867,kak beli 2 yang item kak,purchase_intent,neutral
gen_04868,bang ambil 4 yang navy,purchase_intent,neutral
gen_04869,kak nitip 3 yang abu2 kak,purchase_intent,neutral
gen_04870,min pesan 2 yang cream,purchase_intent,neutral
gen_04871,kak order 5 yang biru kak,purchase_intent,neutral
gen_04872,bang beli 3 yang coklat,purchase_intent,neutral
gen_04873,kak ambil 2 yang putih kak,purchase_intent,neutral
gen_04874,min nitip 4 yang hijau,purchase_intent,neutral
gen_04875,kak pesen 3 yang item kak,purchase_intent,neutral
gen_04876,bang order 2 yang navy,purchase_intent,neutral
gen_04877,kak beli 5 yang abu2 kak,purchase_intent,neutral
gen_04878,min ambil 3 yang cream,purchase_intent,neutral
gen_04879,kak nitip 2 yang biru kak,purchase_intent,neutral
gen_04880,bang pesan 4 yang coklat,purchase_intent,neutral
gen_04881,kak order 3 yang putih kak,purchase_intent,neutral
gen_04882,min beli 2 yang hijau,purchase_intent,neutral
gen_04883,kak ambil 5 yang item kak,purchase_intent,neutral
gen_04884,bang nitip 3 yang navy,purchase_intent,positive
gen_04885,kak pesen 2 yang abu2 kak,purchase_intent,neutral
gen_04886,min order 4 yang cream,purchase_intent,neutral
gen_04887,kak beli 3 yang biru kak,purchase_intent,neutral
gen_04888,kak nitip 5 yang putih kak,purchase_intent,neutral
gen_04889,min pesan 3 yang hijau,purchase_intent,neutral
gen_04890,kak order 2 yang item kak,purchase_intent,neutral
gen_04891,bang beli 4 yang navy,purchase_intent,neutral
gen_04892,kak ambil 3 yang abu2 kak,purchase_intent,neutral
gen_04893,min nitip 2 yang cream,purchase_intent,neutral
gen_04894,kak pesen 5 yang biru kak,purchase_intent,neutral
gen_04895,bang order 3 yang coklat,purchase_intent,neutral
gen_04896,kak beli 2 yang putih kak,purchase_intent,neutral
gen_04897,min ambil 4 yang hijau,purchase_intent,neutral
gen_04898,kak nitip 3 yang item kak,purchase_intent,neutral
gen_04899,bang pesan 2 yang navy,purchase_intent,neutral
gen_04900,kak order 5 yang abu2 kak,purchase_intent,neutral
gen_04901,min beli 3 yang cream,purchase_intent,neutral
gen_04902,kak ambil 2 yang biru kak,purchase_intent,neutral
gen_04903,bang nitip 4 yang coklat,purchase_intent,neutral
gen_04904,kak pesen 3 yang putih kak,purchase_intent,neutral
gen_04905,min order 2 yang hijau,purchase_intent,neutral
gen_04906,kak beli 5 yang item kak,purchase_intent,neutral
gen_04907,bang ambil 3 yang navy,purchase_intent,neutral
gen_04908,kak nitip 2 yang abu2 kak,purchase_intent,neutral
gen_04909,min pesan 4 yang cream,purchase_intent,neutral
gen_04910,kak order 3 yang biru kak,purchase_intent,neutral
gen_04911,bang beli 2 yang coklat,purchase_intent,neutral
gen_04912,kak ambil 5 yang putih kak,purchase_intent,neutral
gen_04913,min nitip 3 yang hijau,purchase_intent,neutral
gen_04914,kak pesen 2 yang item kak,purchase_intent,neutral
gen_04915,bang order 4 yang navy,purchase_intent,neutral
gen_04916,kak beli 3 yang abu2 kak,purchase_intent,neutral
gen_04917,min ambil 2 yang cream,purchase_intent,neutral
gen_04918,kak nitip 5 yang biru kak,purchase_intent,neutral
gen_04919,bang pesan 3 yang coklat,purchase_intent,neutral
gen_04920,kak order 2 yang putih kak,purchase_intent,neutral
gen_04921,min beli 4 yang hijau,purchase_intent,neutral
gen_04922,kak ambil 3 yang item kak,purchase_intent,neutral
gen_04923,bang nitip 2 yang navy,purchase_intent,neutral
gen_04924,kak pesen 5 yang abu2 kak,purchase_intent,neutral
gen_04925,min order 3 yang cream,purchase_intent,neutral
gen_04926,kak beli 2 yang biru kak,purchase_intent,neutral
gen_04927,bang ambil 4 yang coklat,purchase_intent,neutral
gen_04928,kak nitip 3 yang putih kak,purchase_intent,neutral
gen_04929,min pesan 2 yang hijau,purchase_intent,neutral
gen_04930,bang beli 3 yang navy,purchase_intent,neutral
gen_04931,kak pesen 3 yang biru kak,purchase_intent,neutral
gen_04932,bang order 2 yang coklat,purchase_intent,neutral
gen_04933,kak beli 5 yang putih kak,purchase_intent,neutral
gen_04934,min ambil 3 yang hijau,purchase_intent,neutral
gen_04935,min beli 2 yang cream,purchase_intent,neutral
gen_04936,﻿kak aku checkout yang item ya,purchase_intent,neutral
gen_04937,bang gue kena pake kaos navy ini,purchase_intent,neutral
gen_04938,min mau beli yang abu2 nih kak,purchase_intent,neutral
gen_04939,kak gue ambil kemeja putih bang,purchase_intent,neutral
gen_04940,bang aku pesen sweater cream nya,purchase_intent,neutral
gen_04941,min gue checkout hoodie coklat,purchase_intent,neutral
gen_04942,kak gue beli jogger army bang,purchase_intent,neutral
gen_04943,bang aku ambil celana hitam min,purchase_intent,neutral
gen_04944,min gue order tshirt kuning kak,purchase_intent,neutral
gen_04945,kak beli dress pink bang,purchase_intent,neutral
gen_04946,bang gue checkout koko item min,purchase_intent,neutral
gen_04947,min aku pesen gamis abu kak,purchase_intent,neutral
gen_04948,kak gue ambil mukena putih,purchase_intent,neutral
gen_04949,bang beli hijab navy min,purchase_intent,neutral
gen_04950,min gue order kerudung coklat kak,purchase_intent,neutral
gen_04951,kak gue beli jeans biru bang,purchase_intent,neutral
gen_04952,bang aku ambil chino krem min,purchase_intent,neutral
gen_04953,min gue checkout celana pendek item,purchase_intent,neutral
gen_04954,kak gue pesen rok dusty bang,purchase_intent,neutral
gen_04955,bang beli legging hitam min,purchase_intent,neutral
gen_04956,min gue ambil kaos kaki putih,purchase_intent,neutral
gen_04957,kak gue checkout topi cap bang,purchase_intent,positive
gen_04958,bang aku pesen tas selempang min,purchase_intent,neutral
gen_04959,min gue beli tas ransel item kak,purchase_intent,neutral
gen_04960,kak gue ambil sepatu putih bang,purchase_intent,neutral
gen_04961,bang checkout sandal jepit min,purchase_intent,neutral
gen_04962,min gue order ikat pinggang coklat,purchase_intent,neutral
gen_04963,kak gue beli dompet item bang,purchase_intent,neutral
gen_04964,bang aku ambil jam tangan silver,purchase_intent,neutral
gen_04965,min gue checkout kacamata hitam kak,purchase_intent,neutral
gen_04966,kak gue pesen masker putih,purchase_intent,neutral
gen_04967,bang beli scarf cream min,purchase_intent,neutral
gen_04968,min gue order syal coklat kak,purchase_intent,neutral
gen_04969,kak gue ambil sarung baru bang,purchase_intent,neutral
gen_04970,bang checkout peci item min,purchase_intent,neutral
gen_04971,min gue beli baju koko putih,purchase_intent,neutral
gen_04972,kak gue pesen baju tidur navy bang,purchase_intent,neutral
gen_04973,bang gue ambil piyama abu2 min,purchase_intent,neutral
gen_04974,min gue checkout celana lebar item,purchase_intent,neutral
gen_04975,kak gue beli rok plisket coklat bang,purchase_intent,neutral
gen_04976,bang aku pesen celana kulot krem,purchase_intent,neutral
gen_04977,min gue order blouse cream kak,purchase_intent,neutral
gen_04978,kak gue ambil cardigan ungu bang,purchase_intent,neutral
gen_04979,bang beli outer item min,purchase_intent,neutral
gen_04980,min gue checkout jaket denim biru,purchase_intent,neutral
gen_04981,kak gue pesen jaket kulit coklat bang,purchase_intent,neutral
gen_04982,bang aku ambil jaket jeans abu2,purchase_intent,neutral
gen_04983,min gue order parka hijau kak,purchase_intent,neutral
gen_04984,kak gue beli windbreaker kuning,purchase_intent,neutral
gen_04985,bang gue checkout bomber item min,purchase_intent,neutral
gen_04986,min gue pesen jaket alpaca krem,purchase_intent,neutral
gen_04987,kak gue ambil rompi hitam bang,purchase_intent,neutral
gen_04988,bang beli vest abu2 min,purchase_intent,neutral
gen_04989,min gue order rompi fleece navy,purchase_intent,neutral
gen_04990,kak gue checkout rompi quilt coklat,purchase_intent,neutral
gen_04991,bang gue pesen jas item min,purchase_intent,neutral
gen_04992,min gue ambil blazer navy kak,purchase_intent,neutral
gen_04993,kak gue beli jas hujan hijau,purchase_intent,neutral
gen_04994,bang gue checkout mantel abu2 min,purchase_intent,neutral
gen_04995,min gue pesen trench coat krem,purchase_intent,neutral
gen_04996,kak gue ambil poncho item bang,purchase_intent,neutral
gen_04997,bang beli selimut tipis navy min,purchase_intent,neutral
gen_04998,min gue order bed cover cream,purchase_intent,negative
gen_04999,kak gue checkout sarung bantal putih bang,purchase_intent,neutral
gen_05000,bang gue pesen sprei abu2 min,purchase_intent,neutral
gen_05001,min gue ambil handuk item yak,purchase_intent,neutral
gen_05002,kak gue beli kemeja flanel coklat bang,purchase_intent,neutral
gen_05003,bang gue checkout kemeja chambray biru,purchase_intent,neutral
gen_05004,min gue pesen kemeja batik navy,purchase_intent,neutral
gen_05005,kak gue ambil kemeja denim abu bang,purchase_intent,neutral
gen_05006,bang beli kemeja linen krem min,purchase_intent,neutral
gen_05007,min gue order kemeja oxford putih,purchase_intent,neutral
gen_05008,kak gue checkout kemeja twill hitam,purchase_intent,neutral
gen_05009,bang gue pesen kemeja drill hijau,purchase_intent,neutral
gen_05010,min gue ambil kemeja poplin kuning,purchase_intent,neutral
gen_05011,kak gue beli kemeja katun navy bang,purchase_intent,neutral
gen_05012,bang gue checkout kaos lengan panjang item,purchase_intent,neutral
gen_05013,min gue pesen kaos v neck putih,purchase_intent,negative
gen_05014,kak gue ambil kaos crew neck abu bang,purchase_intent,neutral
gen_05015,bang beli kaos oversize krem min,purchase_intent,neutral
gen_05016,min gue order kaos crop item,purchase_intent,neutral
gen_05017,kak gue checkout kaos polos navy bang,purchase_intent,neutral
gen_05018,bang gue pesen kaos distro hitam,purchase_intent,neutral
gen_05019,min gue ambil kaos vintage coklat,purchase_intent,neutral
gen_05020,kak gue beli kaos retro hijau bang,purchase_intent,neutral
gen_05021,bang gue checkout kaos tourist putih,purchase_intent,neutral
gen_05022,min gue pesen kaos custom krem,purchase_intent,neutral
gen_05023,kak gue ambil kaos print item bang,purchase_intent,neutral
gen_05024,bang beli kaos gambar abu2 min,purchase_intent,neutral
gen_05025,min gue order kaos grafis navy,purchase_intent,neutral
gen_05026,kak gue checkout kaos png item bang,purchase_intent,neutral
gen_05027,bang gue pesen kaos full print putih,purchase_intent,negative
gen_05028,min gue ambil kaos sublim navy,purchase_intent,neutral
gen_05029,kak gue beli kaos jersey item bang,purchase_intent,neutral
gen_05030,bang gue checkout jersey bola abu2,purchase_intent,neutral
gen_05031,min gue pesen jersey basket navy,purchase_intent,neutral
gen_05032,kak gue ambil jersey futsal putih bang,purchase_intent,neutral
gen_05033,bang beli jersey badminton krem min,purchase_intent,neutral
gen_05034,min gue order jersey voli item,purchase_intent,neutral
gen_05035,kak gue checkout jersey lari hitam bang,purchase_intent,neutral
gen_05036,bang gue pesen jersey compresion navy,purchase_intent,neutral
gen_05037,min gue ambil jersey custom abu2,purchase_intent,neutral
gen_05038,kak gue beli jersey print putih bang,purchase_intent,neutral
gen_05039,bang gue checkout jersey png item min,purchase_intent,neutral
gen_05040,min gue pesen jersey patch krem,purchase_intent,neutral
gen_05041,kak gue ambil jersey recycle navy bang,purchase_intent,neutral
gen_05042,bang beli jersey moto item min,purchase_intent,neutral
gen_05043,min gue order jersey mobil abu2,purchase_intent,neutral
gen_05044,kak gue checkout jersey drifting putih,purchase_intent,neutral
gen_05045,bang gue pesen jersey grafis navy min,purchase_intent,neutral
gen_05046,min gue ambil baju renang item,purchase_intent,neutral
gen_05047,kak gue beli celana renang biru bang,purchase_intent,neutral
gen_05048,bang gue checkout rashguard abu2 min,purchase_intent,neutral
gen_05049,min gue pesen kacamata renang hitam,purchase_intent,neutral
gen_05050,kak gue ambil topi renang putih bang,purchase_intent,neutral
gen_05051,bang beli handuk renang navy min,purchase_intent,neutral
gen_05052,min gue order sandal renang krem,purchase_intent,neutral
gen_05053,kak gue checkout jaket renang item bang,purchase_intent,neutral
gen_05054,bang gue pesen celana training hitam,purchase_intent,neutral
gen_05055,min gue ambil celana gym abu2 kak,purchase_intent,neutral
gen_05056,kak gue beli celana yoga navy bang,purchase_intent,neutral
gen_05057,bang gue checkout legging gym putih min,purchase_intent,positive
gen_05058,min gue pesen tank top item,purchase_intent,neutral
gen_05059,kak gue ambil sports bra navy bang,purchase_intent,neutral
gen_05060,bang beli kaos gym abu2 min,purchase_intent,neutral
gen_05061,min gue order celana pendek training hitam,purchase_intent,neutral
gen_05062,kak gue checkout jaket gym item bang,purchase_intent,neutral
gen_05063,bang gue pesen tas gym navy min,purchase_intent,neutral
gen_05064,min gue ambil botol minum item,purchase_intent,neutral
gen_05065,kak gue beli kaos boxing putih bang,purchase_intent,neutral
gen_05066,bang gue checkout gloves boxing abu2 min,purchase_intent,neutral
gen_05067,min gue pesen celana boxing item,purchase_intent,neutral
gen_05068,kak gue ambil headguard navy bang,purchase_intent,neutral
gen_05069,bang beli mouthguard krem min,purchase_intent,neutral
gen_05070,min gue order handwrap putih,purchase_intent,neutral
gen_05071,kak gue checkout punching bag item bang,purchase_intent,neutral
gen_05072,bang gue pesen kaos silat navy min,purchase_intent,neutral
gen_05073,min gue ambil celana silat item,purchase_intent,positive
gen_05074,kak gue beli kaos karate putih bang,purchase_intent,neutral
gen_05075,bang gue checkout obi karate abu2 min,purchase_intent,neutral
gen_05076,min gue pesen gi karate navy,purchase_intent,neutral
gen_05077,kak gue ambil kaos taekwondo putih bang,purchase_intent,neutral
gen_05078,bang beli dobok taekwondo item min,purchase_intent,neutral
gen_05079,min gue order kaos bela diri hitam,purchase_intent,positive
gen_05080,kak gue checkout celana bela diri navy bang,purchase_intent,neutral
gen_05081,bang gue pesen kaos judo putih min,purchase_intent,neutral
gen_05082,﻿kak gue beli kaos lengan batik navy bang,purchase_intent,neutral
gen_05083,bang aku pesen kemeja flanel biru min,purchase_intent,neutral
gen_05084,min gue checkout celana cargo item,purchase_intent,neutral
gen_05085,kak gue ambil celana jeans biru bang,purchase_intent,neutral
gen_05086,bang gue beli celana linen krem min,purchase_intent,neutral
gen_05087,min gue order celana khaki coklat kak,purchase_intent,neutral
gen_05088,kak gue checkout celana katun abu2,purchase_intent,neutral
gen_05089,bang gue pesen celana wool navy min,purchase_intent,neutral
gen_05090,min gue ambil celana corduroy item,purchase_intent,neutral
gen_05091,kak gue beli celana velvet coklat bang,purchase_intent,neutral
gen_05092,bang gue checkout jogger sweatplix abu2 min,purchase_intent,neutral
gen_05093,min gue pesen jogger cargo item,purchase_intent,neutral
gen_05094,kak gue ambil jogger parachute navy bang,purchase_intent,neutral
gen_05095,bang gue beli jogger tapered krem min,purchase_intent,neutral
gen_05096,min gue order jogger slim item kak,purchase_intent,neutral
gen_05097,kak gue checkout jogger loose abu2,purchase_intent,neutral
gen_05098,bang gue pesen jogger graphic navy min,purchase_intent,negative
gen_05099,min gue ambil jogger print putih,purchase_intent,neutral
gen_05100,kak gue beli jogger retro coklat bang,purchase_intent,neutral
gen_05101,bang gue checkout shorts item min,purchase_intent,neutral
gen_05102,min gue pesen celana pendek linen krem,purchase_intent,neutral
gen_05103,kak gue ambil celana pendek jeans biru bang,purchase_intent,neutral
gen_05104,bang gue beli celana pendek training hitam min,purchase_intent,neutral
gen_05105,min gue order celana pendek jersey navy,purchase_intent,neutral
gen_05106,kak gue checkout celana pendek polo abu2,purchase_intent,negative
gen_05107,bang gue pesen celana pendek cargo item min,purchase_intent,neutral
gen_05108,min gue ambil celana pendek chino krem,purchase_intent,neutral
gen_05109,kak gue beli celana pendek denim coklat bang,purchase_intent,neutral
gen_05110,bang gue checkout dress midi item min,purchase_intent,neutral
gen_05111,min gue pesen dress maxi navy,purchase_intent,neutral
gen_05112,kak gue ambil dress mini coklat bang,purchase_intent,neutral
gen_05113,bang gue beli dress bodycon hitam min,purchase_intent,neutral
gen_05114,min gue order dress a line krem,purchase_intent,neutral
gen_05115,kak gue checkout dress slip item bang,purchase_intent,neutral
gen_05116,bang gue pesen dress wrap navy min,purchase_intent,neutral
gen_05117,min gue ambil dress shirt putih,purchase_intent,neutral
gen_05118,kak gue beli dress knit abu2 bang,purchase_intent,neutral
gen_05119,bang gue checkout dress boho coklat min,purchase_intent,neutral
gen_05120,min gue pesen dress lace item,purchase_intent,positive
gen_05121,kak gue ambil dress satin navy bang,purchase_intent,neutral
gen_05122,bang gue beli dress ruffle krem min,purchase_intent,neutral
gen_05123,min gue order dress pleated putih,purchase_intent,neutral
gen_05124,kak gue checkout dress tiered item bang,purchase_intent,neutral
gen_05125,bang gue pesen dress sundress navy min,purchase_intent,neutral
gen_05126,min gue ambil dress cocktail hitam,purchase_intent,neutral
gen_05127,kak gue beli dress ballgown krem bang,purchase_intent,neutral
gen_05128,bang gue checkout jumpsuit item min,purchase_intent,neutral
gen_05129,min gue pesen jumpsuit linen navy,purchase_intent,neutral
gen_05130,kak gue ambil jumpsuit denim abu2 bang,purchase_intent,neutral
gen_05131,bang gue beli jumpsuit silk krem min,purchase_intent,neutral
gen_05132,min gue order rompers item,purchase_intent,neutral
gen_05133,kak gue checkout overalls navy bang,purchase_intent,neutral
gen_05134,bang gue pesen bib overall krem min,purchase_intent,neutral
gen_05135,min gue ambil coverall item,purchase_intent,neutral
gen_05136,kak gue beli playsuit putih bang,purchase_intent,neutral
gen_05137,bang gue checkout bodysuit item min,purchase_intent,neutral
gen_05138,min gue pesen catsuit navy,purchase_intent,neutral
gen_05139,kak gue ambil unitard abu2 bang,purchase_intent,neutral
gen_05140,bang gue beli one piece motif krem min,purchase_intent,neutral
gen_05141,min gue order swimsuit item,purchase_intent,neutral
gen_05142,kak gue checkout bikini navy bang,purchase_intent,neutral
gen_05143,bang gue pesen tankini krem min,purchase_intent,neutral
gen_05144,min gue ambil monokini item,purchase_intent,neutral
gen_05145,kak gue beli burkini putih bang,purchase_intent,neutral
gen_05146,bang gue checkout rashie navy min,purchase_intent,neutral
gen_05147,min gue pesen swim trunks item,purchase_intent,neutral
gen_05148,kak gue ambil board shorts abu2 bang,purchase_intent,neutral
gen_05149,bang gue beli swim shorts krem min,purchase_intent,neutral
gen_05150,min gue order wetsuit item,purchase_intent,positive
gen_05151,kak gue checkout dry suit navy bang,purchase_intent,neutral
gen_05152,bang gue pesen snorkel set krem min,purchase_intent,neutral
gen_05153,min gue ambil fins item,purchase_intent,neutral
gen_05154,kak gue beli mask snorkel putih bang,purchase_intent,neutral
gen_05155,bang gue checkout goggles navy min,purchase_intent,neutral
gen_05156,min gue pesen dive suit item,purchase_intent,neutral
gen_05157,kak gue ambil rash vest abu2 bang,purchase_intent,neutral
gen_05158,bang gue beli sun suit krem min,purchase_intent,neutral
gen_05159,min gue order hi vis vest item,purchase_intent,neutral
gen_05160,kak gue checkout safety vest navy bang,purchase_intent,neutral
gen_05161,bang gue pesen reflective vest krem min,purchase_intent,neutral
gen_05162,min gue ambil work vest item,purchase_intent,neutral
gen_05163,kak gue beli apron navy bang,purchase_intent,neutral
gen_05164,bang gue checkout apron kulit coklat min,purchase_intent,neutral
gen_05165,min gue pesen apron kanvas item,purchase_intent,neutral
gen_05166,kak gue ambil apron dapur putih bang,purchase_intent,neutral
gen_05167,bang gue beli apron kerja krem min,purchase_intent,neutral
gen_05168,min gue order apron restoran navy,purchase_intent,neutral
gen_05169,kak gue checkout apron barista item bang,purchase_intent,neutral
gen_05170,bang gue pesen baju terusan navy min,purchase_intent,neutral
gen_05171,min gue ambil baju tidur satin krem,purchase_intent,positive
gen_05172,kak gue beli baju tidur katun putih bang,purchase_intent,neutral
gen_05173,bang gue checkout baju tidur flanel item min,purchase_intent,neutral
gen_05174,min gue pesen baju tidur jersey navy,purchase_intent,neutral
gen_05175,kak gue ambil baju tidur rajut abu2 bang,purchase_intent,neutral
gen_05176,bang gue beli nightgown krem min,purchase_intent,neutral
gen_05177,min gue order pajama set item,purchase_intent,neutral
gen_05178,kak gue checkout lounge set navy bang,purchase_intent,neutral
gen_05179,bang gue pesen baju kamar putih min,purchase_intent,neutral
gen_05180,kak bb 95 ambil ukuran berapa?,size_inquiry,neutral
gen_05181,bang tb 170 pake size apa?,size_inquiry,neutral
gen_05182,min tinggi 165 bb 55 cocoknya ukuran berapa kak?,size_inquiry,neutral
gen_05183,kak saya bb 80 tb 175 ukuran L bisa ga?,size_inquiry,neutral
gen_05184,kak kalo bb 60 pake m atau l?,size_inquiry,neutral
gen_05185,tb 160 bb 45 ambil s apa bang?,size_inquiry,neutral
gen_05186,kak lingkar badan 90 ambil size apa?,size_inquiry,neutral
gen_05187,size berapa buat tinggi badan 170 kak?,size_inquiry,neutral
gen_05188,kak ukuran apa untuk bb 70?,size_inquiry,neutral
gen_05189,bang tinggi 175 ambil size berapa min?,size_inquiry,neutral
gen_05190,kak bb 88 tinggi 172 size m apa l?,size_inquiry,neutral
gen_05191,kak tb 158 bb 40 ukuran apa yang pas?,size_inquiry,neutral
gen_05192,bang 165 60 size apa ya?,size_inquiry,neutral
gen_05193,kak tinggi 170 bb 65 m cukup ga?,size_inquiry,positive
gen_05194,min bb 75 ambil ukuran apa?,size_inquiry,neutral
gen_05195,kak ukuran apa untuk tb 168?,size_inquiry,neutral
gen_05196,bang tb 173 bb 72 pake apa?,size_inquiry,neutral
gen_05197,kak bb 63 tinggi 160 s atau m?,size_inquiry,neutral
gen_05198,kak tinggi 175 bb 70 size apa bang?,size_inquiry,neutral
gen_05199,min ukuran m buat bb berapa?,size_inquiry,neutral
gen_05200,kak bb 82 tinggi 168 pake size apa?,size_inquiry,neutral
gen_05201,bang 170 55 pasnya size apa?,size_inquiry,neutral
gen_05202,kak tb 165 bb 50 m apa s?,size_inquiry,neutral
gen_05203,min tinggi 160 size apa yang cocok?,size_inquiry,neutral
gen_05204,kak bb 90 ambil ukuran m ga cukup?,size_inquiry,neutral
gen_05205,bang tb 178 bb 68 size l apa xl?,size_inquiry,neutral
gen_05206,kak tinggi 172 bb 62 ambil apa bang?,size_inquiry,neutral
gen_05207,kak bb 78 ukuran apa min?,size_inquiry,neutral
gen_05208,min tb 162 bb 48 pake m atau l?,size_inquiry,neutral
gen_05209,bang tinggi 168 bb 66 cocoknya size apa?,size_inquiry,neutral
gen_05210,kak bb 85 tb 170 ukuran L pas ga?,size_inquiry,neutral
gen_05211,kak size apa buat tb 166 bb 57?,size_inquiry,neutral
gen_05212,min bb 72 tinggi 164 ambil ukuran berapa kak?,size_inquiry,neutral
gen_05213,kak tinggi 180 pake ukuran apa?,size_inquiry,neutral
gen_05214,bang tb 175 bb 60 m atau l kak?,size_inquiry,positive
gen_05215,kak bb 65 tb 158 ukuran s pas ga?,size_inquiry,neutral
gen_05216,min 170 cm 62 kg cocok size apa?,size_inquiry,neutral
gen_05217,kak lingkar dada 95 size berapa?,size_inquiry,neutral
gen_05218,bang bb 92 tinggi 172 ambil m apa l?,size_inquiry,neutral
gen_05219,kak tb 160 bb 50 ukuran apa yg pas?,size_inquiry,neutral
gen_05220,min tinggi 168 bb 58 pake apa kak?,size_inquiry,neutral
gen_05221,kak bb 70 pake size m atau l bang?,size_inquiry,neutral
gen_05222,kak 165 45 ukuran apa min?,size_inquiry,neutral
gen_05223,bang tb 180 bb 74 size apa yang pas?,size_inquiry,neutral
gen_05224,kak bb 77 tinggi 162 ambil ukuran apa?,size_inquiry,neutral
gen_05225,min tb 170 bb 52 size s bisa ga?,size_inquiry,neutral
gen_05226,kak tinggi 166 bb 60 ukuran apa bang?,size_inquiry,neutral
gen_05227,bang bb 85 tb 175 m apa xl?,size_inquiry,neutral
gen_05228,kak tb 158 bb 42 ambil s atau m?,size_inquiry,neutral
gen_05229,min bb 68 tinggi 165 cocoknya size apa?,size_inquiry,neutral
gen_05230,kak ukuran l buat bb berapa aja kak?,size_inquiry,neutral
gen_05231,bang tinggi 172 bb 63 pake size apa ya?,size_inquiry,neutral
gen_05232,kak tb 174 bb 70 ukuran apa yang pas bang?,size_inquiry,neutral
gen_05233,min bb 59 tinggi 158 ambil ukuran apa?,size_inquiry,neutral
gen_05234,kak lingkar pinggang 70 size apa?,size_inquiry,neutral
gen_05235,bang tb 168 bb 56 m apa s kak?,size_inquiry,neutral
gen_05236,kak tinggi 165 bb 53 ambil apa bang?,size_inquiry,neutral
gen_05237,min 160 47 size apa yang cocok?,size_inquiry,neutral
gen_05238,kak bb 88 tb 168 ambil ukuran apa min?,size_inquiry,neutral
gen_05239,bang tb 170 bb 68 l apa xl kak?,size_inquiry,neutral
gen_05240,kak tinggi 158 bb 45 ukuran apa yang pas?,size_inquiry,neutral
gen_05241,min bb 74 tinggi 172 pake size apa?,size_inquiry,neutral
gen_05242,kak tb 175 bb 58 size m cukup ga?,size_inquiry,neutral
gen_05243,bang 165 65 bb ambil ukuran apa?,size_inquiry,neutral
gen_05244,kak lingkar badan 85 pake m atau l?,size_inquiry,negative
gen_05245,min tinggi 170 bb 55 ukuran apa ya kak?,size_inquiry,neutral
gen_05246,kak bb 71 tb 160 size apa yang cocok?,size_inquiry,neutral
gen_05247,bang tb 162 bb 50 s apa m kak?,size_inquiry,neutral
gen_05248,kak tinggi 173 bb 67 ambil l apa xl?,size_inquiry,neutral
gen_05249,min bb 80 tinggi 169 pake ukuran apa?,size_inquiry,neutral
gen_05250,kak tb 166 bb 54 ukuran apa min?,size_inquiry,neutral
gen_05251,bang tinggi 170 bb 62 ambil apa kak?,size_inquiry,neutral
gen_05252,kak bb 58 tb 155 ukuran apa yang pas?,size_inquiry,neutral
gen_05253,min lingkar dada 100 size berapa kak?,size_inquiry,neutral
gen_05254,kak tb 177 bb 71 m apa l?,size_inquiry,positive
gen_05255,bang bb 90 tinggi 170 ukuran apa ya?,size_inquiry,neutral
gen_05256,kak tinggi 164 bb 49 ambil s atau m?,size_inquiry,neutral
gen_05257,min tb 159 bb 43 pake size apa?,size_inquiry,neutral
gen_05258,kak bb 64 tinggi 162 ambil ukuran apa bang?,size_inquiry,neutral
gen_05259,bang tb 176 bb 66 size l apa xl kak?,size_inquiry,neutral
gen_05260,kak tinggi 170 bb 60 ukuran apa yang pas min?,size_inquiry,neutral
gen_05261,min bb 75 tb 166 ambil apa kak?,size_inquiry,neutral
gen_05262,kak lingkar pinggang 75 pake ukuran berapa?,size_inquiry,neutral
gen_05263,bang tb 172 bb 65 m apa l?,size_inquiry,neutral
gen_05264,kak bb 82 tinggi 174 size apa yang cocok?,size_inquiry,neutral
gen_05265,min tinggi 161 bb 46 ukuran apa bang?,size_inquiry,neutral
gen_05266,kak tb 168 bb 57 ambil s atau m?,size_inquiry,neutral
gen_05267,bang bb 69 tinggi 164 pake size apa kak?,size_inquiry,neutral
gen_05268,kak tinggi 175 bb 63 ukuran apa yang pas?,size_inquiry,negative
gen_05269,min tb 170 bb 48 ambil apa kak?,size_inquiry,neutral
gen_05270,kak bb 86 tb 171 m atau l bang?,size_inquiry,neutral
gen_05271,bang tinggi 166 bb 55 size apa min?,size_inquiry,neutral
gen_05272,kak tb 163 bb 51 ambil ukuran apa ya?,size_inquiry,neutral
gen_05273,min bb 61 tinggi 159 pake ukuran apa?,size_inquiry,neutral
gen_05274,kak lingkar dada 105 size apa ya bang?,size_inquiry,neutral
gen_05275,bang tb 179 bb 73 l apa xl kak?,size_inquiry,neutral
gen_05276,kak tinggi 169 bb 59 ambil apa min?,size_inquiry,neutral
gen_05277,min bb 78 tb 167 ukuran apa yang cocok kak?,size_inquiry,neutral
gen_05278,kak tb 165 bb 66 size l apa m bang?,size_inquiry,neutral
gen_05279,bang tinggi 171 bb 64 ambil ukuran apa kak?,size_inquiry,neutral
gen_05280,kak bb 55 tb 153 ukuran apa min?,size_inquiry,neutral
gen_05281,min lingkar pinggang 80 pake size apa kak?,size_inquiry,neutral
gen_05282,kak tb 178 bb 69 m apa l?,size_inquiry,neutral
gen_05283,bang tinggi 160 bb 44 size s apa m kak?,size_inquiry,neutral
gen_05284,kak bb 83 tb 170 ambil apa bang?,size_inquiry,neutral
gen_05285,min tb 164 bb 52 ukuran apa yang pas kak?,size_inquiry,neutral
gen_05286,kak tinggi 167 bb 56 pake ukuran apa min?,size_inquiry,neutral
gen_05287,bang bb 87 tinggi 175 size apa ya kak?,size_inquiry,neutral
gen_05288,kak tb 172 bb 61 ambil s atau m?,size_inquiry,neutral
gen_05289,min lingkar dada 90 pake m apa l kak?,size_inquiry,neutral
gen_05290,kak bb 73 tb 161 ukuran apa yang cocok min?,size_inquiry,neutral
gen_05291,bang tinggi 174 bb 67 ambil apa kak?,size_inquiry,neutral
gen_05292,kak tb 169 bb 60 size apa min?,size_inquiry,neutral
gen_05293,min bb 66 tinggi 163 pake ukuran berapa?,size_inquiry,neutral
gen_05294,kak lingkar pinggang 72 ambil size apa bang?,size_inquiry,neutral
gen_05295,bang tb 176 bb 70 l apa xl min?,size_inquiry,neutral
gen_05296,kak tinggi 165 bb 68 ukuran apa yang pas?,size_inquiry,neutral
gen_05297,min bb 76 tb 168 ambil apa kak?,size_inquiry,neutral
gen_05298,kak tb 170 bb 66 pake m atau l bang?,size_inquiry,neutral
gen_05299,bang tinggi 168 bb 54 size apa min?,size_inquiry,neutral
gen_05300,kak bb 62 tinggi 157 ambil ukuran apa kak?,size_inquiry,neutral
gen_05301,min tb 175 bb 64 l apa m kak?,size_inquiry,neutral
gen_05302,kak tinggi 172 bb 73 ukuran apa yang cocok bang?,size_inquiry,neutral
gen_05303,bang bb 91 tb 173 ambil apa min?,size_inquiry,neutral
gen_05304,kak tb 161 bb 47 size s apa m kak?,size_inquiry,neutral
gen_05305,min lingkar dada 95 pake ukuran apa bang?,size_inquiry,neutral
gen_05306,kak bb 79 tinggi 166 ambil apa kak?,size_inquiry,neutral
gen_05307,bang tb 167 bb 53 ukuran apa min?,size_inquiry,neutral
gen_05308,kak tinggi 176 bb 65 pake l atau xl?,size_inquiry,neutral
gen_05309,min bb 84 tb 169 size apa yang pas kak?,size_inquiry,neutral
gen_05310,kak tb 174 bb 59 ambil m atau l?,size_inquiry,positive
gen_05311,bang tinggi 162 bb 51 ukuran apa min kak?,size_inquiry,neutral
gen_05312,kak bb 67 tb 158 pake size apa bang?,size_inquiry,neutral
gen_05313,min lingkar pinggang 76 ambil ukuran apa kak?,size_inquiry,neutral
gen_05314,kak tb 171 bb 75 size xl apa xxl?,size_inquiry,neutral
gen_05315,bang tinggi 169 bb 62 pake m apa l kak?,size_inquiry,negative
gen_05316,kak pake size berapa kalo bb 75 tb 170?,size_inquiry,neutral
gen_05317,bang buat tinggi 165 bb 52 cocoknya ukuran apa?,size_inquiry,neutral
gen_05318,min kalo bb 88 ambil size apa ya?,size_inquiry,neutral
gen_05319,kak ukuran buat tb 173 bb 66 m apa l?,size_inquiry,neutral
gen_05320,bang kalo tinggi 168 bb 57 pake s apa m?,size_inquiry,neutral
gen_05321,kak buat bb 60 tb 157 ambil ukuran apa?,size_inquiry,neutral
gen_05322,min kalo tb 175 bb 70 pakenya l apa xl?,size_inquiry,neutral
gen_05323,kak buat tinggi 162 bb 48 ukuran apa min?,size_inquiry,neutral
gen_05324,bang ukuran buat bb 79 tb 164 apa ya?,size_inquiry,neutral
gen_05325,kak kalo bb 70 tinggi 166 pake apa bang?,size_inquiry,neutral
gen_05326,min buat tb 178 bb 68 ambil l atau xl?,size_inquiry,positive
gen_05327,kak ukuran buat tinggi 170 bb 55 s apa m?,size_inquiry,neutral
gen_05328,bang kalo bb 64 tb 159 pakenya ukuran apa?,size_inquiry,neutral
gen_05329,kak buat tb 167 bb 61 ambil m apa l?,size_inquiry,neutral
gen_05330,min ukuran buat bb 82 tinggi 172 apa kak?,size_inquiry,neutral
gen_05331,kak kalo tb 160 bb 44 pake apa bang?,size_inquiry,neutral
gen_05332,bang buat tinggi 174 bb 63 ambil size apa?,size_inquiry,neutral
gen_05333,kak buat bb 56 tb 154 ukuran apa min?,size_inquiry,neutral
gen_05334,min kalo bb 73 tinggi 162 pakenya m apa l?,size_inquiry,neutral
gen_05335,kak ukuran buat tb 169 bb 58 ambil apa bang?,size_inquiry,neutral
gen_05336,bang kalo tinggi 171 bb 66 size apa min?,size_inquiry,neutral
gen_05337,kak buat bb 85 tb 176 ukuran apa yang pas?,size_inquiry,neutral
gen_05338,min kalo tb 158 bb 62 pake s atau m?,size_inquiry,neutral
gen_05339,kak ukuran buat tinggi 163 bb 50 ambil apa kak?,size_inquiry,neutral
gen_05340,bang buat bb 68 tb 165 pakenya m apa l?,size_inquiry,neutral
gen_05341,kak kalo tb 172 bb 70 ambil size apa min?,size_inquiry,neutral
gen_05342,min ukuran buat bb 77 tinggi 168 apa kak?,size_inquiry,neutral
gen_05343,kak buat tinggi 166 bb 54 ambil ukuran apa?,size_inquiry,neutral
gen_05344,bang kalo bb 89 tb 174 pake l apa xl?,size_inquiry,neutral
gen_05345,kak ukuran buat tb 159 bb 46 s apa m?,size_inquiry,neutral
gen_05346,min kalo tinggi 177 bb 65 ambil size apa kak?,size_inquiry,neutral
gen_05347,kak buat bb 63 tb 161 pakenya m apa s?,size_inquiry,neutral
gen_05348,bang kalo tb 164 bb 59 ukuran apa min?,size_inquiry,neutral
gen_05349,kak ukuran buat bb 81 tinggi 170 ambil apa?,size_inquiry,neutral
gen_05350,min buat tinggi 169 bb 57 pake l apa m?,size_inquiry,neutral
gen_05351,kak kalo tb 176 bb 71 ambil ukuran apa bang?,size_inquiry,neutral
gen_05352,bang buat bb 72 tb 160 pakenya s atau m?,size_inquiry,neutral
gen_05353,kak ukuran buat tinggi 173 bb 62 m apa l min?,size_inquiry,neutral
gen_05354,min kalo bb 86 tb 175 pake size apa bang?,size_inquiry,neutral
gen_05355,kak buat tb 168 bb 55 ambil apa kak?,size_inquiry,negative
gen_05356,bang kalo tinggi 164 bb 51 ukuran apa min?,size_inquiry,neutral
gen_05357,kak ukuran buat bb 66 tb 156 s apa m?,size_inquiry,neutral
gen_05358,min buat tb 177 bb 69 ambil l apa xl kak?,size_inquiry,neutral
gen_05359,kak kalo bb 78 tinggi 167 pakenya m apa l?,size_inquiry,neutral
gen_05360,bang ukuran buat bb 92 tb 172 size apa kak?,size_inquiry,neutral
gen_05361,kak buat tinggi 170 bb 67 ambil apa min?,size_inquiry,neutral
gen_05362,min kalo tb 165 bb 60 pake m atau l bang?,size_inquiry,neutral
gen_05363,kak ukuran buat bb 57 tb 155 s apa m min?,size_inquiry,neutral
gen_05364,bang buat bb 84 tinggi 169 pakenya ukuran apa?,size_inquiry,neutral
gen_05365,kak kalo tb 163 bb 49 ambil size apa bang?,size_inquiry,neutral
gen_05366,min ukuran buat tinggi 179 bb 72 l apa xl kak?,size_inquiry,neutral
gen_05367,bang kalo bb 71 tb 162 pakenya apa min?,size_inquiry,negative
gen_05368,kak buat bb 88 tinggi 173 ambil l apa m?,size_inquiry,neutral
gen_05369,min kalo tinggi 158 bb 59 pake ukuran apa kak?,size_inquiry,neutral
gen_05370,kak ukuran buat tb 166 bb 63 m apa l bang?,size_inquiry,neutral
gen_05371,bang buat bb 76 tb 170 pakenya l atau xl?,size_inquiry,neutral
gen_05372,kak kalo tb 175 bb 66 ambil apa min bang?,size_inquiry,neutral
gen_05373,min ukuran buat bb 65 tinggi 164 s apa m kak?,size_inquiry,neutral
gen_05374,bang buat tinggi 161 bb 47 pake apa min?,size_inquiry,neutral
gen_05375,kak kalo bb 80 tb 168 ambil ukuran apa bang?,size_inquiry,neutral
gen_05376,min ukuran buat tb 172 bb 60 pakenya m apa l?,size_inquiry,neutral
gen_05377,kak buat bb 69 tinggi 166 ambil apa min?,size_inquiry,neutral
gen_05378,bang kalo bb 94 tb 175 pakenya xl apa xxl?,size_inquiry,neutral
gen_05379,kak ukuran buat tinggi 167 bb 56 m atau l bang?,size_inquiry,neutral
gen_05380,min buat tb 162 bb 50 ambil size apa kak?,size_inquiry,neutral
gen_05381,kak kalo bb 74 tinggi 163 pakenya apa bang?,size_inquiry,neutral
gen_05382,min ukuran buat bb 82 tb 173 ambil l apa m?,size_inquiry,neutral
gen_05383,kak buat tinggi 176 bb 68 pake ukuran apa min?,size_inquiry,neutral
gen_05384,bang kalo tb 170 bb 54 ambil s apa m kak?,size_inquiry,neutral
gen_05385,kak ukuran buat bb 61 tb 158 pakenya apa min?,size_inquiry,neutral
gen_05386,min buat bb 87 tinggi 171 ambil xl apa l?,size_inquiry,neutral
gen_05387,kak kalo tb 174 bb 64 pake apa bang min?,size_inquiry,negative
gen_05388,bang ukuran buat tinggi 168 bb 65 size m apa l?,size_inquiry,neutral
gen_05389,kak buat bb 83 tb 169 ambil ukuran apa kak?,size_inquiry,neutral
gen_05390,min kalo bb 59 tinggi 156 pakenya s atau m?,size_inquiry,neutral
gen_05391,kak ukuran buat tb 178 bb 67 ambil l apa xl bang?,size_inquiry,neutral
gen_05392,bang buat tinggi 172 bb 69 pakenya apa min?,size_inquiry,neutral
gen_05393,kak kalo bb 90 tb 170 ambil size apa bang?,size_inquiry,neutral
gen_05394,min ukuran buat bb 75 tinggi 165 pakenya m atau l?,size_inquiry,neutral
gen_05395,kak buat tb 166 bb 61 ambil apa min kak?,size_inquiry,neutral
gen_05396,bang kalo bb 52 tb 152 pakenya s apa m?,size_inquiry,positive
gen_05397,kak ukuran buat tinggi 165 bb 65 l apa m bang?,size_inquiry,neutral
gen_05398,min buat bb 70 tb 167 ambil ukuran apa kak?,size_inquiry,neutral
gen_05399,kak kalo tb 173 bb 58 pakenya m apa s?,size_inquiry,neutral
gen_05400,bang ukuran buat bb 79 tinggi 176 l atau xl kak?,size_inquiry,neutral
gen_05401,kak buat bb 93 tb 177 ambil xl apa xxl?,size_inquiry,neutral
gen_05402,min kalo tinggi 159 bb 50 pakenya ukuran apa?,size_inquiry,neutral
gen_05403,kak ukuran buat tb 164 bb 62 ambil m apa l min?,size_inquiry,neutral
gen_05404,bang buat tinggi 174 bb 71 pakenya l apa xl?,size_inquiry,neutral
gen_05405,kak kalo bb 68 tb 160 ambil apa bang min?,size_inquiry,neutral
gen_05406,min ukuran buat bb 72 tinggi 169 pakenya m atau l?,size_inquiry,neutral
gen_05407,kak buat tb 175 bb 57 ambil s apa m?,size_inquiry,neutral
gen_05408,bang kalo bb 85 tb 171 pakenya l apa m kak?,size_inquiry,neutral
gen_05409,kak ukuran buat tinggi 162 bb 58 ambil apa min?,size_inquiry,neutral
gen_05410,min buat bb 60 tb 157 pakenya m apa s?,size_inquiry,neutral
gen_05411,kak kalo tb 170 bb 74 ambil ukuran apa bang min?,size_inquiry,neutral
gen_05412,bang ukuran buat bb 77 tinggi 168 size apa kak?,size_inquiry,neutral
gen_05413,kak buat bb 95 tb 179 pakenya xl atau xxl min?,size_inquiry,neutral
gen_05414,min kalo tinggi 169 bb 62 pakenya m apa l?,size_inquiry,neutral
gen_05415,kak ukuran buat tb 158 bb 55 ambil m apa s bang?,size_inquiry,neutral
gen_05416,bang buat bb 66 tinggi 163 pakenya s atau m kak?,size_inquiry,neutral
gen_05417,kak kalo tb 176 bb 63 ambil size apa min bang?,size_inquiry,neutral
gen_05418,min ukuran buat bb 89 tinggi 174 pakenya l apa xl?,size_inquiry,neutral
gen_05419,kak buat tinggi 160 bb 60 ambil apa min kak?,size_inquiry,neutral
gen_05420,bang kalo bb 73 tb 166 pakenya m atau l?,size_inquiry,neutral
gen_05421,kak ukuran buat bb 58 tinggi 154 ambil s apa m min?,size_inquiry,positive
gen_05422,min buat tb 172 bb 75 pakenya l apa xl?,size_inquiry,neutral
gen_05423,kak kalo bb 84 tinggi 170 ambil ukuran apa bang?,size_inquiry,neutral
gen_05424,min ukuran buat bb 78 tb 173 pakenya m apa l bang?,size_inquiry,neutral
gen_05425,kak buat tinggi 170 bb 58 ambil apa kak?,size_inquiry,neutral
gen_05426,bang kalo tb 164 bb 62 pakenya m atau l min?,size_inquiry,neutral
gen_05427,kak ukuran buat bb 65 tinggi 161 pakenya m apa s kak?,size_inquiry,neutral
gen_05428,kak size m itu pas buat bb berapa?,size_inquiry,neutral
gen_05429,bang chart ukurannya ada ga kak?,size_inquiry,neutral
gen_05430,min ukuran s buat bb berapa aja?,size_inquiry,neutral
gen_05431,kak kalo bb 70 cocoknya size m apa l ya?,size_inquiry,neutral
gen_05432,bang size chart nya mana kak?,size_inquiry,neutral
gen_05433,kak buat bb 65 tinggi 160 pake size apa nih?,size_inquiry,neutral
gen_05434,min kalo bb 80 tinggi 175 aman size l ga?,size_inquiry,neutral
gen_05435,kak lingkar dada 92 cm ambil ukuran berapa?,size_inquiry,neutral
gen_05436,bang kalo tinggi 170 bb 60 pake m apa l?,size_inquiry,neutral
gen_05437,kak tinggi 165 bb 63 size apa yang pas ya?,size_inquiry,neutral
gen_05438,min kalo bb 75 tb 168 enak nya size apa?,size_inquiry,neutral
gen_05439,kak size l buat bb berapa aja sih?,size_inquiry,neutral
gen_05440,bang lingkar pinggang 72 pake ukuran apa?,size_inquiry,neutral
gen_05441,kak kalo bb 58 tinggi 155 bagusnya size apa?,size_inquiry,neutral
gen_05442,min busa kasih tau size buat bb 78 dong,size_inquiry,neutral
gen_05443,kak ukuran xl buat bb berapa?,size_inquiry,positive
gen_05444,bang kalo bb 85 tb 173 pake l apa xl nih?,size_inquiry,neutral
gen_05445,kak tinggi 176 bb 70 mending size apa?,size_inquiry,neutral
gen_05446,min kalo tb 162 bb 55 pake s atau m ya?,size_inquiry,neutral
gen_05447,kak lingkar dada 88 cm cocoknya size apa?,size_inquiry,neutral
gen_05448,bang size apa buat bb 90 tinggi 170 kak?,size_inquiry,neutral
gen_05449,kak kalo bb 62 tinggi 158 lebih cocok s apa m?,size_inquiry,neutral
gen_05450,min kalo tinggi 168 bb 66 enaknya ambil ukuran berapa?,size_inquiry,neutral
gen_05451,kak ukuran m buat tb 170 bb 58 bisa ga?,size_inquiry,neutral
gen_05452,bang kalo bb 74 tb 165 pake m apa l kak?,size_inquiry,neutral
gen_05453,kak lingkar pinggang 80 cm ambil size berapa min?,size_inquiry,neutral
gen_05454,min bb 68 tinggi 163 cocoknya m atau l?,size_inquiry,neutral
gen_05455,kak size chart kaos nya ada dong bang,size_inquiry,neutral
gen_05456,bang kalo bb 87 tinggi 172 aman ukuran l apa xl?,size_inquiry,neutral
gen_05457,kak tinggi 163 bb 52 mending pake apa?,size_inquiry,neutral
gen_05458,min kalo tb 169 bb 61 enaknya size m apa l?,size_inquiry,neutral
gen_05459,kak bb 71 tinggi 161 pasnya ukuran apa kak?,size_inquiry,neutral
gen_05460,bang kalo bb 76 tb 170 bagusnya pake apa?,size_inquiry,neutral
gen_05461,kak lingkar dada 85 buat ukuran apa min?,size_inquiry,neutral
gen_05462,min kalo tinggi 175 bb 65 ambil l apa m nih?,size_inquiry,neutral
gen_05463,kak size s itu cocok buat bb berapa bang?,size_inquiry,neutral
gen_05464,bang kalo bb 80 tinggi 166 enaknya m apa l?,size_inquiry,neutral
gen_05465,kak tb 164 bb 57 mending ambil ukuran apa kak?,size_inquiry,neutral
gen_05466,min lingkar pinggang 68 cm size apa ya?,size_inquiry,neutral
gen_05467,kak bb 86 tinggi 176 pakenya l apa xl bang?,size_inquiry,neutral
gen_05468,bang kalo tb 171 bb 63 aman di size apa?,size_inquiry,neutral
gen_05469,kak tinggi 160 bb 48 lebih cocok ukuran apa min?,size_inquiry,neutral
gen_05470,min kalo bb 72 tb 159 mending s atau m kak?,size_inquiry,neutral
gen_05471,kak size chart hoodie nya ada ga min?,size_inquiry,neutral
gen_05472,bang bb 83 tinggi 170 bagusnya l apa m nih?,size_inquiry,positive
gen_05473,kak kalo tb 167 bb 64 enaknya pake apa ya?,size_inquiry,neutral
gen_05474,min tinggi 173 bb 69 mending ukuran l apa xl?,size_inquiry,neutral
gen_05475,kak lingkar dada 98 cm cocoknya size berapa?,size_inquiry,neutral
gen_05476,bang kalo bb 79 tb 174 aman ga pake m kak?,size_inquiry,neutral
gen_05477,kak tb 165 bb 51 pasnya s apa m min?,size_inquiry,neutral
gen_05478,min kalo bb 89 tinggi 168 enaknya xl apa l kak?,size_inquiry,neutral
gen_05479,kak size apa buat tinggi 178 bb 72 bang?,size_inquiry,neutral
gen_05480,bang kalo bb 66 tb 162 pake s atau m nih?,size_inquiry,neutral
gen_05481,kak tinggi 164 bb 61 mending ambil m apa l?,size_inquiry,neutral
gen_05482,min lingkar pinggang 74 cm pakenya size apa?,size_inquiry,neutral
gen_05483,kak bb 77 tinggi 166 cocoknya m atau l bang?,size_inquiry,neutral
gen_05484,kak kalo tb 172 bb 74 aman di l apa xl min?,size_inquiry,neutral
gen_05485,bang tinggi 168 bb 50 pasnya size apa kak?,size_inquiry,neutral
gen_05486,kak kalo bb 54 tb 152 s apa m yang pas min?,size_inquiry,neutral
gen_05487,bang size chart celana nya ada dong kak?,size_inquiry,neutral
gen_05488,kak bb 82 tinggi 169 mending l apa m bang?,size_inquiry,neutral
gen_05489,min kalo tb 176 bb 67 enaknya ukuran apa kak?,size_inquiry,neutral
gen_05490,kak lingkar dada 110 aman size apa bang?,size_inquiry,neutral
gen_05491,bang kalo bb 60 tb 158 pake m apa s min?,size_inquiry,negative
gen_05492,kak tinggi 171 bb 64 mending ambil ukuran m apa l?,size_inquiry,neutral
gen_05493,min kalo bb 88 tb 177 aman dipake xl ga kak?,size_inquiry,neutral
gen_05494,kak size l cocok buat bb 80 an kan bang?,size_inquiry,neutral
gen_05495,bang kalo bb 67 tinggi 160 enaknya s atau m kak?,size_inquiry,neutral
gen_05496,kak tb 165 bb 70 mending pake m apa l min?,size_inquiry,neutral
gen_05497,min lingkar pinggang 82 cm buat ukuran apa kak?,size_inquiry,neutral
gen_05498,kak bb 73 tinggi 168 pasnya m apa l bang?,size_inquiry,negative
gen_05499,bang kalo tb 170 bb 57 bagusnya size apa min?,size_inquiry,neutral
gen_05500,kak tinggi 158 bb 64 aman ga pake m bang?,size_inquiry,neutral
gen_05501,min kalo bb 84 tb 171 enaknya l apa xl kak?,size_inquiry,neutral
gen_05502,kak size chart celana jogger ada ga min?,size_inquiry,neutral
gen_05503,bang bb 91 tinggi 174 mending xl apa l kak?,size_inquiry,neutral
gen_05504,kak kalo tb 166 bb 62 pasnya ukuran apa bang?,size_inquiry,neutral
gen_05505,min tinggi 162 bb 60 enaknya m atau l kak?,size_inquiry,neutral
gen_05506,kak lingkar dada 94 mending size apa min?,size_inquiry,neutral
gen_05507,bang kalo bb 70 tb 163 bagusnya m apa s min?,size_inquiry,neutral
gen_05508,kak tb 169 bb 55 pasnya pake s apa m kak?,size_inquiry,neutral
gen_05509,min bb 90 tinggi 169 aman ga xl bang?,size_inquiry,neutral
gen_05510,kak kalo tinggi 175 bb 68 mending l apa xl kak?,size_inquiry,neutral
gen_05511,bang ukuran m mentok di bb berapa sih min?,size_inquiry,neutral
gen_05512,kak bb 65 tinggi 165 mending ambil s apa m kak?,size_inquiry,neutral
gen_05513,min kalo tb 173 bb 60 enaknya m apa l bang?,size_inquiry,neutral
gen_05514,kak lingkar pinggang 78 pake size apa min?,size_inquiry,neutral
gen_05515,bang kalo bb 81 tb 167 bagusnya m apa l kak?,size_inquiry,neutral
gen_05516,kak tinggi 160 bb 66 mending ukuran apa bang?,size_inquiry,neutral
gen_05517,min kalo bb 76 tb 172 aman di l apa xl kak?,size_inquiry,neutral
gen_05518,kak size apa yang pas buat tb 168 bb 59 min?,size_inquiry,neutral
gen_05519,bang kalo bb 55 tb 153 s apa m yang cocok kak?,size_inquiry,neutral
gen_05520,kak tinggi 177 bb 66 mending l apa xl min?,size_inquiry,neutral
gen_05521,min lingkar dada 87 ambil s atau m kak?,size_inquiry,neutral
gen_05522,kak bb 72 tb 165 pasnya m apa l bang?,size_inquiry,neutral
gen_05523,bang kalo tb 159 bb 62 aman ga pake m min?,size_inquiry,neutral
gen_05524,kak ukuran m itu buat tb berapa aja bang?,size_inquiry,neutral
gen_05525,min kalo bb 93 tb 176 enaknya xl apa xxl kak?,size_inquiry,negative
gen_05526,kak tinggi 166 bb 47 mending size s apa m min?,size_inquiry,neutral
gen_05527,bang kalo bb 78 tb 169 bagusnya m apa l kak?,size_inquiry,neutral
gen_05528,kak lingkar pinggang 70 cm buat s apa m bang?,size_inquiry,neutral
gen_05529,min kalo bb 64 tinggi 161 pasnya m atau l kak?,size_inquiry,positive
gen_05530,kak tb 170 bb 80 aman ga pake l bang?,size_inquiry,neutral
gen_05531,min bb 85 tinggi 178 mending l apa xl kak?,size_inquiry,positive
gen_05532,kak kalo tinggi 163 bb 50 enaknya s apa m bang?,size_inquiry,neutral
gen_05533,min size chart semua produk ada ga kak?,size_inquiry,neutral
gen_05534,kak bb 74 tb 168 mending m apa l min?,size_inquiry,neutral
gen_05535,bang kalo tb 174 bb 73 pass nya di ukuran apa kak?,size_inquiry,neutral
gen_05536,kak tinggi 170 bb 71 aman di l apa xl bang?,size_inquiry,neutral
gen_05537,min kalo bb 59 tb 155 bagusnya s atau m kak?,size_inquiry,neutral
gen_05538,kak lingkar dada 100 cm pakenya l apa xl min?,size_inquiry,neutral
gen_05539,bang kalo bb 87 tb 170 mending ukuran apa kak?,size_inquiry,neutral
gen_05540,kak tb 165 bb 44 ambil s apa m min?,size_inquiry,neutral
gen_05541,min kalo bb 80 tinggi 164 enaknya m apa l bang?,size_inquiry,neutral
gen_05542,kak ukuran xl buat bb 80 an pas ga kak?,size_inquiry,neutral
gen_05543,bang size apa buat bb 95 tb 178 kak?,size_inquiry,neutral
gen_05544,kak kalo tb 168 bb 65 bagusnya m apa l min?,size_inquiry,neutral
gen_05545,min lingkar pinggang 85 cm ambil l apa xl kak?,size_inquiry,neutral
gen_05546,kak bb 69 tb 166 pasnya m atau l bang?,size_inquiry,neutral
gen_05547,bang kalo tinggi 174 bb 61 aman ga ukuran m kak?,size_inquiry,neutral
gen_05548,kak tb 162 bb 59 mending m apa s min?,size_inquiry,neutral
gen_05549,min kalo bb 88 tb 172 enaknya l apa xl bang?,size_inquiry,neutral
gen_05550,kak size s cocok buat tb 155 an kan min?,size_inquiry,neutral
gen_05551,bang bb 75 tinggi 169 mending m apa l kak?,size_inquiry,neutral
gen_05552,kak kalo tb 177 bb 64 ukuran apa yang pas min?,size_inquiry,neutral
gen_05553,min lingkar dada 92 mending m apa l bang?,size_inquiry,neutral
gen_05554,kak ubah size m ke l bisa ga bang?,size_inquiry,neutral
gen_05555,bang kalo bb 82 tb 170 bagusnya l atau m min?,size_inquiry,neutral
gen_05556,kak tinggi 164 bb 55 pasnya s apa m bang?,size_inquiry,neutral
gen_05557,min kalo bb 63 tb 160 enaknya m apa s bang?,size_inquiry,neutral
gen_05558,kak tb 171 bb 67 mending m apa l kak?,size_inquiry,neutral
gen_05559,bang size apa yang cocok buat tinggi 175 kak?,size_inquiry,neutral
gen_05560,kak kalo bb 79 tb 176 aman di l apa xl min?,size_inquiry,neutral
gen_05561,kak size yang tersedia apa aja untuk kaos ini?,size_inquiry,neutral
gen_05562,bang lingkar dada 97 cm cocoknya l atau xl kak?,size_inquiry,neutral
gen_05563,kak celanan 33 size apa buat bb 75 bang?,size_inquiry,neutral
gen_05564,min tb 170 bb 66 yang paling pas size apa nih kak?,size_inquiry,positive
gen_05565,kak sis size apa buat cowo tb 165 bb 58?,size_inquiry,neutral
gen_05566,bang ukuran apa buat perempuan tb 162 bb 50 kak?,size_inquiry,neutral
gen_05567,kak buat kemeja size apa yang cocok tb 172?,size_inquiry,neutral
gen_05568,min hoodie size apa buat bb 78 om?,size_inquiry,neutral
gen_05569,kak mas size m sama l bedanya apa aja kak?,size_inquiry,neutral
gen_05570,om kalo bb 84 tb 171 pake l atau xl min?,size_inquiry,neutral
gen_05571,kak bule ld 95 cocoknya size apa kak?,size_inquiry,neutral
gen_05572,mba bb 60 tb 155 pasnya pake apa kak?,size_inquiry,neutral
gen_05573,kak kang size chart jogger ini mana ya?,size_inquiry,neutral
gen_05574,om tinggi 167 bb 64 aman ga dipake m kak?,size_inquiry,negative
gen_05575,kak hb 92 buat ukuran apa min?,size_inquiry,neutral
gen_05576,bang kalo bb 70 cab 57 pake m atau l kak?,size_inquiry,neutral
gen_05577,kak buat tb 176 bb 73 mending l apa xl min?,size_inquiry,neutral
gen_05578,min bb 86 tinggi 170 pasnya size apa ya min?,size_inquiry,neutral
gen_05579,kak om size m buat bb 70 cocok ga?,size_inquiry,neutral
gen_05580,bang kalo bb 62 tb 160 aman m apa s kak?,size_inquiry,neutral
gen_05581,kak sweateenya size apa dong buat tb 175?,size_inquiry,neutral
gen_05582,min mas ukuran s buat bb 60 kak?,size_inquiry,neutral
gen_05583,kak lingkar pinggang 75 cm ini masuk size apa bang?,size_inquiry,neutral
gen_05584,om kalo bb 77 tinggi 165 pakenya m atau l min?,size_inquiry,neutral
gen_05585,kak kang bb 88 tb 174 mending l apa xl kak?,size_inquiry,neutral
gen_05586,mba tinggi 169 bb 56 pasnya pake apa min?,size_inquiry,neutral
gen_05587,kak size nya bisa ditukar ga kalo salah bang?,size_inquiry,neutral
gen_05588,min kalo tb 173 bb 68 yang pas m atau l kak?,size_inquiry,neutral
gen_05589,kak bang celana jogger ukuran m buat bb 73?,size_inquiry,neutral
gen_05590,om kalo bb 81 tb 166 aman ga pake m kak?,size_inquiry,neutral
gen_05591,kak hb 89 cm ambil ukuran berapa min?,size_inquiry,neutral
gen_05592,bang kalo bb 65 tinggi 161 pake m apa s kak?,size_inquiry,neutral
gen_05593,kak size chart kemeja ada ga om?,size_inquiry,neutral
gen_05594,min kalo bb 90 tb 175 mending xl apa l om?,size_inquiry,neutral
gen_05595,kak mas tb 168 bb 62 yang cocok m atau l?,size_inquiry,neutral
gen_05596,om kalo bb 74 tinggi 167 pasnya ukuran apa min?,size_inquiry,neutral
gen_05597,kak sis ld 98 buat size l bisa ga?,size_inquiry,neutral
gen_05598,bang kalo tb 163 bb 47 aman di s apa m kak?,size_inquiry,neutral
gen_05599,kak buat bb 71 tb 164 mending m atau s min?,size_inquiry,neutral
gen_05600,min kalo tinggi 174 bb 66 pasnya l apa m om?,size_inquiry,neutral
gen_05601,kak kang bb 92 tb 176 aman ga xl min?,size_inquiry,neutral
gen_05602,om kalo bb 79 tb 170 mending m atau l kak?,size_inquiry,neutral
gen_05603,kak buat hoodie ld 92 cocoknya size apa bang?,size_inquiry,neutral
gen_05604,min kalo tb 162 bb 51 aman ga pake m kak?,size_inquiry,neutral
gen_05605,kak size s buat perempuan tb 155 cocok ga min?,size_inquiry,neutral
gen_05606,bang kalo bb 68 tb 165 pasnya s atau m om?,size_inquiry,neutral
gen_05607,kak mas bb 83 tb 173 mending l apa m min?,size_inquiry,neutral
gen_05608,om kalo high 168 bb 61 aman di m atau l kak?,size_inquiry,neutral
gen_05609,kak kang tb 177 bb 70 pasnya l apa xl om?,size_inquiry,neutral
gen_05610,min kalo bb 87 tb 172 mending xl apa l kak?,size_inquiry,neutral
gen_05611,kak sis ld 84 buat m apa s bang?,size_inquiry,neutral
gen_05612,om kalo bb 63 tb 159 mending pake apa min?,size_inquiry,neutral
gen_05613,kak buat celana ukuran 32 cocok bb 77?,size_inquiry,neutral
gen_05614,bang kalo tb 175 bb 62 aman ga m atau l kak?,size_inquiry,neutral
gen_05615,kak mas bb 76 tnggi 165 pasnya m atau l min?,size_inquiry,neutral
gen_05616,om kalo ld 96 cocoknya pake l apa xl kak?,size_inquiry,neutral
gen_05617,kak kang tinggi 166 bb 58 mending s apa m om?,size_inquiry,neutral
gen_05618,min kalo bb 89 tb 170 pasnya l atau xl kak?,size_inquiry,neutral
gen_05619,kak size apa buat tb 179 bb 75 bang?,size_inquiry,neutral
gen_05620,min kalo bb 54 tb 152 aman ga pake s om?,size_inquiry,neutral
gen_05621,kak mas size s sama m beda bb berapa min?,size_inquiry,neutral
gen_05622,om kalo bb 80 tb 172 pasnya m atau l kak?,size_inquiry,neutral
gen_05623,kak ukuran m buat bb 66 tc 57 pas ga min?,size_inquiry,neutral
gen_05624,min kalo tinggi 160 bb 63 mending m apa s kak?,size_inquiry,neutral
gen_05625,kak bang ld 88 pake s atau m om?,size_inquiry,neutral
gen_05626,kak sis bb 72 tb 168 cocoknya m atau l min?,size_inquiry,neutral
gen_05627,om kalo bb 84 tnggi 176 pasnya l apa xl kak?,size_inquiry,neutral
gen_05628,kak lingkar pinggang 82 mending ukuran apa bang?,size_inquiry,neutral
gen_05629,min kalo tb 165 bb 45 aman di s apa m kak?,size_inquiry,neutral
gen_05630,kak buat kaos putih size apa buat bb 94?,size_inquiry,neutral
gen_05631,kak kang tinggi 171 bb 60 pasnya s apa m min?,size_inquiry,neutral
gen_05632,om kalo bb 67 tb 162 mending m atau s kak?,size_inquiry,neutral
gen_05633,kak size chart celana jogger ada yg lengkap ga?,size_inquiry,neutral
gen_05634,min kalo bb 78 tnggi 167 pasnya m apa l min?,size_inquiry,neutral
gen_05635,kak mas ld 90 cocoknya m apa l om?,size_inquiry,neutral
gen_05636,min kalo tb 178 bb 64 aman ga pake m kak?,size_inquiry,neutral
gen_05637,kak buat kemeja flanel ld 94 size apa min?,size_inquiry,neutral
gen_05638,om kalo bb 91 tb 173 mending xl apa l kak?,size_inquiry,neutral
gen_05639,kak kang tinggi 167 bb 66 pasnya m apa l min?,size_inquiry,neutral
gen_05640,min kalo bb 59 tb 157 cocoknya s atau m om?,size_inquiry,neutral
gen_05641,kak size s buat bb 57 pas ga bang?,size_inquiry,neutral
gen_05642,min kalo tinggi 172 bb 62 mending m atau l kak?,size_inquiry,neutral
gen_05643,kak mas bb 85 tb 169 pasnya l atau m min?,size_inquiry,neutral
gen_05644,om kalo tb 164 bb 54 aman ga s apa m kak?,size_inquiry,neutral
gen_05645,kak lingkar dada 84 cm ambil apa min?,size_inquiry,neutral
gen_05646,min kalo bb 75 tnggi 163 mending m atau l om?,size_inquiry,neutral
gen_05647,kak buat bb 95 tinggi 179 pasnya xl atau xxl bang?,size_inquiry,negative
gen_05648,om kalo ld 102 cocoknya l apa xl kak?,size_inquiry,neutral
gen_05649,kak size apa yang pas buat tb 170 bb 78 min?,size_inquiry,neutral
gen_05650,min kalo bb 81 tb 175 aman ga l om?,size_inquiry,neutral
gen_05651,kak kaos ukuran m buat bb 62 passs ga bang?,size_inquiry,neutral
gen_05652,om kalo tinggi 158 bb 60 mending m atau s kak?,size_inquiry,neutral
gen_05653,kak mas tb 174 bb 70 pasnya l apa m min?,size_inquiry,neutral
gen_05654,min kalo bb 73 ld 58 cocoknya m atau l om?,size_inquiry,neutral
gen_05655,kak kang size chart hoodie ini mana om?,size_inquiry,neutral
gen_05656,om kalo bb 88 tnggi 171 mending l apa xl kak?,size_inquiry,neutral
gen_05657,kak buat celana jogger ukuran 34 buat bb 83?,size_inquiry,neutral
gen_05658,min kalo tb 166 bb 49 aman di s atau m bang?,size_inquiry,neutral
gen_05659,kak size m itu buat tinggi 165 an kan min?,size_inquiry,neutral
gen_05660,om kalo bb 70 tb 160 mending m apa s kak?,size_inquiry,neutral
gen_05661,kak mas ld 88 pake m atau l om?,size_inquiry,neutral
gen_05662,min kalo bb 79 tnggi 168 pasnya ukuran apa kak?,size_inquiry,neutral
gen_05663,kak buat sweater l bt 175 cocok ga min?,size_inquiry,neutral
gen_05664,om kalo bb 66 tnggi 164 aman s atau m kak?,size_inquiry,neutral
gen_05665,kak kang tinggi 169 bb 57 mending s apa m min?,size_inquiry,neutral
gen_05666,min kalo bb 93 tb 177 pasnya xl apa xxl om?,size_inquiry,neutral
gen_05667,kak lingkar pinggang 88 cm mending l atau xl min?,size_inquiry,neutral
gen_05668,om kalo tb 171 bb 61 cocoknya m atau l kak?,size_inquiry,positive
gen_05669,kak size untuk bb 71 tinggi 162 apa ya min?,size_inquiry,neutral
gen_05670,min kalo bb 82 tb 174 aman ga m atau l om?,size_inquiry,positive
gen_05671,kak mas tinggi 165 bb 67 pasnya m atau l min?,size_inquiry,neutral
gen_05672,om kalo bb 58 tb 156 mending s apa m kak?,size_inquiry,neutral
gen_05673,kak buat bb 87 te 172 cocok l atau xl bang?,size_inquiry,neutral
gen_05674,min kalo ld 99 cm ambil l apa xl om?,size_inquiry,neutral
gen_05675,kak size chrt kaos nya mana dong min?,size_inquiry,neutral
gen_05676,om kalo bb 76 tnggi 169 pasnya m atau l kak?,size_inquiry,neutral
gen_05677,kak kang tb 160 bb 62 aman m atau s min?,size_inquiry,neutral
gen_05678,min kalo bb 86 tb 176 mending l atau xl om?,size_inquiry,neutral
gen_05679,kak buat baju anak size apa buat tb 145 kak?,size_inquiry,neutral
gen_05680,om kalo bb 64 tinggi 159 mending m atau s min?,size_inquiry,neutral
gen_05681,kak size s buat bb 55 tnggi 150 bisa ga om?,size_inquiry,neutral
gen_05682,min kalo bb 90 tnggi 173 pasnya l apa xl kak?,size_inquiry,negative
gen_05683,kak lingkar dada 86 ambil s atau m bang?,size_inquiry,neutral
gen_05684,om kalo tb 163 bb 60 cocok m atau s min?,size_inquiry,neutral
gen_05685,kak mas bb 74 tnggi 164 pasnya m atau l om?,size_inquiry,neutral
gen_05686,min kalo bb 94 tb 175 mending xl apa xxl kak?,size_inquiry,neutral
gen_05687,kak size apa buat perempuan tinggi 168 min?,size_inquiry,neutral
gen_05688,om kalo bb 68 tnggi 163 aman m atau s kak?,size_inquiry,neutral
gen_05689,kak buat jogger ld 93 cocok l apa m min?,size_inquiry,neutral
gen_05690,kak kalo aku bb 72 tb 168 aman ga pake m?,size_inquiry,neutral
gen_05691,bang antara m sama l aku pilih yang mana buat bb 68?,size_inquiry,neutral
gen_05692,kak ukuran apa yang recommended buat tb 175?,size_inquiry,neutral
gen_05693,min kira2 pake size apa buat bb 79?,size_inquiry,neutral
gen_05694,kak untuk bb 85 cocoknya s m l mana ya?,size_inquiry,neutral
gen_05695,bang perkiraan size buat tinggi 170 bb 62?,size_inquiry,neutral
gen_05696,kak aku tb 162 bb 53 bingung ambil s apa m,size_inquiry,neutral
gen_05697,min kalo bb 76 tnggi 164 mending yang mana?,size_inquiry,negative
gen_05698,kak menurut kalian bb 60 ambil size apa?,size_inquiry,neutral
gen_05699,bang kalo tinggi 172 bb 73 paling pas pake apa?,size_inquiry,neutral
gen_05700,kak buat bb 66 tb 158 kira kira aman ga m?,size_inquiry,neutral
gen_05701,min size apa yang paling pas buat tb 169?,size_inquiry,neutral
gen_05702,"kak aku bb 81 tinggi 175, m atau l bang?",size_inquiry,neutral
gen_05703,bang kalo bb 57 tb 154 aku ambil s kan?,size_inquiry,neutral
gen_05704,kak buat tinggi 167 bb 65 rekomendasinya apa?,size_inquiry,neutral
gen_05705,min bb 88 tb 171 pake l ga cukup ya?,size_inquiry,neutral
gen_05706,kak kalo tb 178 bb 71 mending l apa xl?,size_inquiry,neutral
gen_05707,bang untuk bb 74 tinggi 166 aku pake apa?,size_inquiry,neutral
gen_05708,kak ukuran s m l xl buat bb 90 yang mana min?,size_inquiry,positive
gen_05709,min bb 63 tnggi 160 aman ga sih pake m?,size_inquiry,neutral
gen_05710,kak kalo aku 165 cm 58 kg cocoknya apa?,size_inquiry,neutral
gen_05711,"bang tb 173 bb 69, m apa l yang pas kak?",size_inquiry,neutral
gen_05712,kak buat bb 78 tinggi 168 paling pas m atau l?,size_inquiry,neutral
gen_05713,min kalo bb 54 tb 151 aman ga pake s?,size_inquiry,neutral
gen_05714,kak aku bb 87 tb 176 bingung l atau xl,size_inquiry,neutral
gen_05715,bang kalo tb 164 bb 64 pake apa yang pas?,size_inquiry,neutral
gen_05716,kak buat tinggi 170 bb 55 s apa m min?,size_inquiry,neutral
gen_05717,min bb 70 tnggi 162 kira2 aman pake m ga?,size_inquiry,neutral
gen_05718,kak kalo bb 83 tb 170 aku ambil apa bang?,size_inquiry,neutral
gen_05719,bang buat bb 61 tb 157 ukuran apa yang cocok?,size_inquiry,neutral
gen_05720,"kak aku tinggi 166 bb 60, m atau l min?",size_inquiry,neutral
gen_05721,min kalo tb 175 bb 76 paling pas ukuran apa?,size_inquiry,neutral
gen_05722,"kak bb 68 tinggi 163, mending pake s apa m?",size_inquiry,neutral
gen_05723,bang kalo bb 92 tb 177 aman ga xl?,size_inquiry,neutral
gen_05724,kak buat bb 58 tb 155 s atau m ya min?,size_inquiry,neutral
gen_05725,min untuk tinggi 168 bb 66 rekomendasi apa?,size_inquiry,neutral
gen_05726,"kak aku tb 172 bb 63, antara m sama l min?",size_inquiry,neutral
gen_05727,bang kalo bb 85 tnggi 169 yang pas m apa l?,size_inquiry,neutral
gen_05728,kak buat bb 77 tinggi 172 paling pas pake apa?,size_inquiry,neutral
gen_05729,min kalo bb 64 tb 158 aman ga m atau s?,size_inquiry,neutral
gen_05730,"kak aku 170 cm 70 kg, mending ukuran apa bang?",size_inquiry,neutral
gen_05731,bang kalo tb 177 bb 67 l apa xl yang cocok?,size_inquiry,neutral
gen_05732,kak untuk bb 80 tinggi 166 rekomendasinya apa min?,size_inquiry,neutral
gen_05733,min bb 56 tb 153 pake s pas ga kak?,size_inquiry,neutral
gen_05734,kak kalo bb 73 tnggi 165 antara m sama l min?,size_inquiry,neutral
gen_05735,bang buat bb 89 tb 174 mending pake apa?,size_inquiry,neutral
gen_05736,"kak aku tb 168 bb 61, m atau l yang pas min?",size_inquiry,neutral
gen_05737,min kalo bb 66 tinggi 164 aman ga pake m?,size_inquiry,neutral
gen_05738,kak buat tinggi 161 bb 52 ukuran apa bang?,size_inquiry,neutral
gen_05739,"bang kalo bb 82 tb 172, antara l apa m kak?",size_inquiry,negative
gen_05740,kak untuk bb 71 tnggi 167 rekomendasi apa min?,size_inquiry,neutral
gen_05741,min kalo tb 170 bb 58 paling pas s apa m?,size_inquiry,neutral
gen_05742,kak aku bb 75 tb 173 bingung m apa l,size_inquiry,neutral
gen_05743,bang kalo bb 60 tnggi 156 pake s atau m?,size_inquiry,neutral
gen_05744,kak buat bb 94 tb 179 aman ga xl min?,size_inquiry,neutral
gen_05745,min untuk tinggi 165 bb 67 rekomendasi ukuran apa?,size_inquiry,neutral
gen_05746,kak kalo tb 169 bb 63 antara m sama l bang?,size_inquiry,neutral
gen_05747,bang buat bb 84 tnggi 170 yang pas l atau m?,size_inquiry,neutral
gen_05748,"kak aku 164 cm 57 kg, kira2 size apa min?",size_inquiry,neutral
gen_05749,min kalo bb 69 tb 161 paling pas m atau s?,size_inquiry,neutral
gen_05750,kak buat bb 91 tinggi 173 mending xl apa l bang?,size_inquiry,neutral
gen_05751,min untuk tb 176 bb 66 rekomendasi l atau m?,size_inquiry,neutral
gen_05752,kak kalo bb 76 tnggi 168 aman ga l?,size_inquiry,neutral
gen_05753,bang buat tinggi 160 bb 64 ukuran apa yang pas?,size_inquiry,neutral
gen_05754,"kak aku bb 80 tb 167, antara m sama l min?",size_inquiry,neutral
gen_05755,min kalo bb 55 tnggi 152 pake s aman ga?,size_inquiry,positive
gen_05756,kak buat bb 72 tb 170 rekomendasi apa bang?,size_inquiry,neutral
gen_05757,min untuk bb 87 tinggi 175 paling pas apa ya?,size_inquiry,neutral
gen_05758,kak kalo tb 163 bb 61 mending pake apa min?,size_inquiry,neutral
gen_05759,bang buat bb 78 tnggi 171 antara m apa l kak?,size_inquiry,neutral
gen_05760,"kak aku tinggi 172 bb 68, ukuran apa bang?",size_inquiry,neutral
gen_05761,min kalo bb 59 tb 155 paling pas s atau m kak?,size_inquiry,neutral
gen_05762,kak untuk bb 86 tnggi 172 rekomendasi l atau xl?,size_inquiry,neutral
gen_05763,bang kalo bb 65 tinggi 162 aman ga pake m?,size_inquiry,neutral
gen_05764,kak buat bb 90 tnggi 174 paling pas ukuran apa min?,size_inquiry,neutral
gen_05765,"min aku tb 165 bb 62, bingung ambil m apa l",size_inquiry,neutral
gen_05766,kak kalo bb 74 tb 169 antara m sama l bang?,size_inquiry,neutral
gen_05767,min untuk bb 53 tnggi 150 pake s apa min?,size_inquiry,neutral
gen_05768,kak buat tinggi 174 bb 70 mending l apa xl bang?,size_inquiry,neutral
gen_05769,min kalo bb 81 tnggi 167 rekomendasi m atau l?,size_inquiry,neutral
gen_05770,"kak aku bb 93 tb 178, kira2 pake apa min?",size_inquiry,neutral
gen_05771,bang kalo tb 162 bb 59 ukuran apa yang pas?,size_inquiry,neutral
gen_05772,kak untuk bb 67 tinggi 164 paling pas s atau m?,size_inquiry,neutral
gen_05773,min kalo bb 88 tnggi 170 antara l sama xl kak?,size_inquiry,neutral
gen_05774,kak buat bb 77 tnggi 173 aman ga pake l?,size_inquiry,positive
gen_05775,bang kalo tinggi 168 bb 54 rekomendasi s apa m?,size_inquiry,neutral
gen_05776,"kak aku tb 171 bb 65, m atau l yang pas min?",size_inquiry,neutral
gen_05777,min untuk bb 96 tnggi 180 paling pas xl atau xxl?,size_inquiry,neutral
gen_05778,kak kalo bb 70 tnggi 163 antara m sama s bang?,size_inquiry,neutral
gen_05779,min buat tinggi 159 bb 63 ukuran apa yang pas?,size_inquiry,neutral
gen_05780,"kak aku bb 82 tb 173, mending pake apa min?",size_inquiry,negative
gen_05781,bang kalo bb 62 tnggi 157 paling pas s atau m?,size_inquiry,neutral
gen_05782,kak untuk tb 167 bb 57 rekomendasi apa min?,size_inquiry,neutral
gen_05783,min kalo bb 79 tnggi 170 antara m apa l kak?,size_inquiry,neutral
gen_05784,kak buat bb 85 tnggi 176 aman ga l atau xl?,size_inquiry,neutral
gen_05785,bang kalo tinggi 165 bb 50 ukuran apa bang?,size_inquiry,neutral
gen_05786,"kak aku 166 cm 59 kg, kira2 m atau l min?",size_inquiry,neutral
gen_05787,min kalo bb 89 tnggi 172 paling pas l atau xl kak?,size_inquiry,neutral
gen_05788,kak buat bb 75 tnggi 168 rekomendasi m atau l?,size_inquiry,neutral
gen_05789,bang untuk tb 173 bb 72 antara l apa m min?,size_inquiry,neutral
gen_05790,kak kalo bb 58 tnggi 153 aman ga pake s?,size_inquiry,neutral
gen_05791,"min aku bb 71 tb 166, mending ukuran apa bang?",size_inquiry,neutral
gen_05792,kak buat tinggi 170 bb 66 paling pas m atau l?,size_inquiry,neutral
gen_05793,min kalo bb 83 tnggi 174 rekomendasi l atau xl?,size_inquiry,neutral
gen_05794,kak untuk bb 64 tnggi 160 antara s sama m min?,size_inquiry,neutral
gen_05795,bang kalo bb 92 tnggi 176 aman ga xl atau l?,size_inquiry,neutral
gen_05796,"kak aku tb 169 bb 60, kira2 pake apa min?",size_inquiry,neutral
gen_05797,min buat bb 56 tnggi 154 paling pas s atau m?,size_inquiry,neutral
gen_05798,kak kalo bb 78 tnggi 169 antara m sama l bang?,size_inquiry,neutral
gen_05799,min untuk bb 86 tnggi 175 rekomendasi apa min?,size_inquiry,neutral
gen_05800,kak buat bb 73 tnggi 166 aman ga pake m atau l?,size_inquiry,neutral
gen_05801,bang kalo tinggi 164 bb 63 ukuran apa yang pas kak?,size_inquiry,neutral
gen_05802,"kak aku bb 90 tb 172, mending l atau xl min?",size_inquiry,neutral
gen_05803,min kalo bb 66 tnggi 162 antara m sama s kak?,size_inquiry,neutral
gen_05804,kak buat bb 80 tnggi 171 paling pas m atau l?,size_inquiry,neutral
gen_05805,bang untuk bb 54 tnggi 151 rekomendasi s atau m?,size_inquiry,neutral
gen_05806,kak kalo tb 175 bb 69 antara l sama m min?,size_inquiry,neutral
gen_05807,"min aku 168 cm 58 kg, ukuran apa yang pas bang?",size_inquiry,neutral
gen_05808,kak buat bb 84 tnggi 173 aman ga pake l min?,size_inquiry,neutral
gen_05809,min kalo bb 61 tnggi 158 paling pas s atau m kak?,size_inquiry,neutral
gen_05810,kak untuk bb 88 tnggi 171 rekomendasi l atau xl bang?,size_inquiry,neutral
gen_05811,min kalo tinggi 167 bb 64 antara m sama l kak?,size_inquiry,neutral
gen_05812,kak buat bb 95 tnggi 177 paling pas xl atau xxl min?,size_inquiry,positive
gen_05813,bang kalo bb 68 tnggi 165 aman ga m atau s kak?,size_inquiry,neutral
gen_05814,"kak aku tb 163 bb 60, mending ukuran apa min?",size_inquiry,neutral
gen_05815,min untuk bb 72 tnggi 169 rekomendasi m atau l?,size_inquiry,neutral
gen_05816,kak kalo bb 87 tnggi 170 antara l sama m min?,size_inquiry,neutral
gen_05817,bang buat tinggi 161 bb 55 paling pas s atau m kak?,size_inquiry,neutral
gen_05818,kak untuk bb 79 tnggi 172 aman ga pake l min?,size_inquiry,neutral
gen_05819,"min aku bb 76 tb 167, mending m atau l bang?",size_inquiry,neutral
gen_05820,bang bro bb 70 tb 165 size apa nih?,size_inquiry,neutral
gen_05821,kak 165 60 cocok ukuran m ga?,size_inquiry,neutral
gen_05822,gan tinggi 170 bb 65 ambil apa?,size_inquiry,neutral
gen_05823,mbak size chartnya dong kak,size_inquiry,neutral
gen_05824,kak kalo lingkar dada 88 buat kaos polos size apa?,size_inquiry,neutral
gen_05825,bang bb 72 tb 167 m atau l gan?,size_inquiry,neutral
gen_05826,dik tinggi 158 bb 50 pake ukuran apa kak?,size_inquiry,neutral
gen_05827,bang buat bb 84 tnggi 172 l atau xl gan?,size_inquiry,neutral
gen_05828,kak tb 174 bb 59 ambil m apa l ya bro?,size_inquiry,neutral
gen_05829,gan bb 63 tb 161 pake s atau m min?,size_inquiry,neutral
gen_05830,kak bro kalo bb 78 tnggi 168 aman ga m?,size_inquiry,neutral
gen_05831,mbak bb 55 tb 152 cocoknya s apa kak?,size_inquiry,neutral
gen_05832,bang tinggi 176 bb 68 mending l apa xl gan?,size_inquiry,neutral
gen_05833,kak gan bb 80 tb 170 antara m sama l nih,size_inquiry,neutral
gen_05834,dik bb 46 tnggi 148 s ama m mana kak?,size_inquiry,neutral
gen_05835,bang buat bb 90 tnggi 174 xl cukup ga gan?,size_inquiry,negative
gen_05836,kak bro tb 166 bb 64 mending m atau l?,size_inquiry,neutral
gen_05837,mbak kalo bb 60 tnggi 157 ukuran apa ya?,size_inquiry,neutral
gen_05838,gan tinggi 162 bb 52 paling pas s atau m min?,size_inquiry,neutral
gen_05839,kak dik bb 71 tb 163 ambil apa nih?,size_inquiry,neutral
gen_05840,bang kalo bb 86 tnggi 170 l apa m gan?,size_inquiry,neutral
gen_05841,kak bro buat bb 75 tnggi 165 aman ga m?,size_inquiry,neutral
gen_05842,mbak tb 169 bb 66 cocoknya l atau m kak?,size_inquiry,neutral
gen_05843,gan bb 58 tnggi 154 pake s apa min?,size_inquiry,neutral
gen_05844,kak dik tinggi 173 bb 67 mending l apa xl?,size_inquiry,neutral
gen_05845,bang buat bb 82 tnggi 171 antara m sama l gan?,size_inquiry,neutral
gen_05846,kak bro bb 88 tb 176 aman ga l?,size_inquiry,neutral
gen_05847,mbak kalo bb 62 tnggi 159 ukuran m apa s?,size_inquiry,neutral
gen_05848,gan tb 167 bb 57 pake s atau m min?,size_inquiry,neutral
gen_05849,kak dik bb 77 tnggi 168 mending m atau l?,size_inquiry,neutral
gen_05850,bang tinggi 165 bb 64 kira2 pake apa gan?,size_inquiry,neutral
gen_05851,kak bro bb 83 tnggi 173 pasnya l atau m?,size_inquiry,neutral
gen_05852,mbak buat bb 66 tnggi 161 s apa m kak?,size_inquiry,neutral
gen_05853,gan bb 91 tnggi 177 mending l apa xl min?,size_inquiry,neutral
gen_05854,kak dik bb 69 tb 164 aman ga m?,size_inquiry,neutral
gen_05855,bang kalo bb 74 tnggi 166 antara m sama l gan?,size_inquiry,neutral
gen_05856,kak bro tinggi 170 bb 61 mending m atau l?,size_inquiry,neutral
gen_05857,mbak bb 57 tnggi 153 s cocok ga kak?,size_inquiry,positive
gen_05858,gan kalo bb 80 tnggi 169 m atau l min?,size_inquiry,neutral
gen_05859,kak dik bb 87 tnggi 174 pake apa nih?,size_inquiry,neutral
gen_05860,bang buat bb 71 tnggi 162 pasnya m atau s gan?,size_inquiry,neutral
gen_05861,kak bro bb 85 tb 175 aman ga l apa xl?,size_inquiry,neutral
gen_05862,mbak kalo bb 50 tnggi 149 s apa m kak?,size_inquiry,neutral
gen_05863,gan tinggi 168 bb 63 ukuran apa yang pas min?,size_inquiry,neutral
gen_05864,kak dik bb 79 tnggi 170 mending m atau l?,size_inquiry,positive
gen_05865,bang bb 92 tnggi 178 paling pas xl atau l gan?,size_inquiry,neutral
gen_05866,kak bro bb 64 tnggi 160 m atau s mana?,size_inquiry,neutral
gen_05867,mbak kalo bb 73 tnggi 165 cocoknya apa kak?,size_inquiry,neutral
gen_05868,gan bb 88 tnggi 172 aman ga xl min?,size_inquiry,neutral
gen_05869,kak dik tinggi 164 bb 56 pake s apa m?,size_inquiry,neutral
gen_05870,bang kalo bb 67 tnggi 163 antara m sama s gan?,size_inquiry,neutral
gen_05871,kak bro bb 81 tnggi 176 mending l atau m?,size_inquiry,neutral
gen_05872,mbak bb 52 tnggi 150 s aja cukup ga kak?,size_inquiry,neutral
gen_05873,gan kalo bb 76 tnggi 168 m atau l min?,size_inquiry,neutral
gen_05874,kak dik bb 89 tnggi 175 pake xl apa l?,size_inquiry,neutral
gen_05875,bang buat bb 61 tnggi 158 s atau m gan?,size_inquiry,neutral
gen_05876,kak bro tinggi 166 bb 58 aman ga pake m?,size_inquiry,neutral
gen_05877,mbak kalo bb 83 tnggi 169 l atau m kak?,size_inquiry,neutral
gen_05878,gan bb 70 tnggi 166 mending m atau s min?,size_inquiry,neutral
gen_05879,kak dik bb 94 tnggi 179 paling pas xl apa xxl?,size_inquiry,neutral
gen_05880,bang kalo bb 75 tnggi 167 antara m sama l gan?,size_inquiry,neutral
gen_05881,kak bro bb 65 tnggi 161 m atau s mana?,size_inquiry,neutral
gen_05882,mbak tinggi 171 bb 62 pake apa ya kak?,size_inquiry,neutral
gen_05883,gan bb 84 tnggi 173 aman ga l min?,size_inquiry,neutral
gen_05884,kak dik bb 59 tnggi 156 s cocok ga nih?,size_inquiry,neutral
gen_05885,bang kalo bb 72 tnggi 164 mending m atau s gan?,size_inquiry,neutral
gen_05886,kak bro bb 90 tnggi 176 l atau xl mana?,size_inquiry,neutral
gen_05887,mbak bb 68 tnggi 163 pake m atau s kak?,size_inquiry,neutral
gen_05888,gan kalo bb 86 tnggi 170 antara l sama m min?,size_inquiry,neutral
gen_05889,kak dik bb 78 tnggi 172 paling pas m atau l?,size_inquiry,neutral
gen_05890,bang bb 93 tnggi 180 xl atau xxl gan?,size_inquiry,neutral
gen_05891,kak bro bb 56 tnggi 152 s aja aman ga?,size_inquiry,neutral
gen_05892,mbak kalo bb 82 tnggi 167 mending l apa m kak?,size_inquiry,neutral
gen_05893,gan bb 62 tnggi 160 s atau m min?,size_inquiry,neutral
gen_05894,kak dik bb 85 tnggi 174 aman ga l?,size_inquiry,neutral
gen_05895,bang kalo bb 73 tnggi 166 m atau l gan?,size_inquiry,neutral
gen_05896,kak bro bb 66 tnggi 162 pake m apa s?,size_inquiry,neutral
gen_05897,mbak tinggi 174 bb 65 ukuran apa kak?,size_inquiry,neutral
gen_05898,gan bb 89 tnggi 171 paling pas l atau xl min?,size_inquiry,neutral
gen_05899,kak dik bb 60 tnggi 157 s atau m nih?,size_inquiry,neutral
gen_05900,bang buat bb 77 tnggi 169 mending m atau l gan?,size_inquiry,neutral
gen_05901,kak bro bb 80 tnggi 175 aman ga l?,size_inquiry,neutral
gen_05902,mbak kalo bb 54 tnggi 151 s cocok apa m kak?,size_inquiry,neutral
gen_05903,gan bb 95 tnggi 178 paling pas xl apa xxl min?,size_inquiry,neutral
gen_05904,kak dik bb 70 tnggi 163 antara m sama s?,size_inquiry,positive
gen_05905,bang kalo bb 84 tnggi 170 l atau m mana gan?,size_inquiry,neutral
gen_05906,kak bro bb 64 tnggi 159 s aja cukup ga?,size_inquiry,neutral
gen_05907,mbak bb 87 tnggi 173 mending xl apa l kak?,size_inquiry,neutral
gen_05908,gan kalo bb 71 tnggi 165 m atau s min?,size_inquiry,neutral
gen_05909,kak dik bb 92 tnggi 176 paling pas l atau xl?,size_inquiry,neutral
gen_05910,bang bb 58 tnggi 154 pake s apa m gan?,size_inquiry,neutral
gen_05911,kak bro bb 79 tnggi 171 aman ga m?,size_inquiry,neutral
gen_05912,mbak kalo bb 67 tnggi 162 antara m sama s kak?,size_inquiry,neutral
gen_05913,gan bb 75 tnggi 168 mending m atau l min?,size_inquiry,neutral
gen_05914,kak dik bb 83 tnggi 172 pasnya l apa m?,size_inquiry,neutral
gen_05915,bang kalo bb 63 tnggi 160 s atau m gan?,size_inquiry,neutral
gen_05916,kak bro bb 90 tnggi 175 xl aman ga?,size_inquiry,neutral
gen_05917,mbak bb 74 tnggi 166 pake apa ya kak?,size_inquiry,neutral
gen_05918,gan kalo bb 81 tnggi 169 antara m sama l min?,size_inquiry,neutral
gen_05919,kak dik bb 88 tnggi 174 paling pas l apa xl?,size_inquiry,neutral
gen_05920,bang bb 55 tnggi 153 s aja pas ga gan?,size_inquiry,neutral
gen_05921,kak bro bb 86 tnggi 171 mending l apa m?,size_inquiry,neutral
gen_05922,mbak kalo bb 69 tnggi 164 m atau s kak?,size_inquiry,neutral
gen_05923,gan bb 76 tnggi 167 aman ga pake m min?,size_inquiry,neutral
gen_05924,kak dik bb 91 tnggi 177 mending xl atau l?,size_inquiry,neutral
gen_05925,bang kalo bb 65 tnggi 161 antara s sama m gan?,size_inquiry,neutral
gen_05926,kak bro bb 72 tnggi 168 m atau l mana?,size_inquiry,neutral
gen_05927,mbak bb 59 tnggi 157 s cocok ga kak?,size_inquiry,neutral
gen_05928,gan kalo bb 82 tnggi 170 l atau m min?,size_inquiry,negative
gen_05929,kak dik bb 78 tnggi 173 paling pas m apa l?,size_inquiry,neutral
gen_05930,bang bb 94 tnggi 179 xl apa xxl gan?,size_inquiry,negative
gen_05931,kak bro bb 57 tnggi 155 s aja cukup min?,size_inquiry,neutral
gen_05932,mbak kalo bb 85 tnggi 169 mending l atau m kak?,size_inquiry,neutral
gen_05933,gan bb 68 tnggi 163 m atau s mana min?,size_inquiry,neutral
gen_05934,kak dik bb 80 tnggi 174 aman ga l?,size_inquiry,neutral
gen_05935,bang kalo bb 73 tnggi 165 antara m sama l gan?,size_inquiry,neutral
gen_05936,kak bro bb 89 tnggi 176 paling pas xl atau l?,size_inquiry,neutral
gen_05937,mbak bb 61 tnggi 159 s atau m kak?,size_inquiry,neutral
gen_05938,gan kalo bb 77 tnggi 168 mending m atau l min?,size_inquiry,neutral
gen_05939,kak dik bb 84 tnggi 172 pasnya l apa m nih?,size_inquiry,neutral
gen_05940,bang bb 70 tnggi 166 pake apa gan?,size_inquiry,neutral
gen_05941,kak bro bb 66 tnggi 160 aman ga m?,size_inquiry,neutral
gen_05942,mbak kalo bb 87 tnggi 171 antara l sama xl kak?,size_inquiry,neutral
gen_05943,kak ukuran berapa buat bb 74 tb 167 cwo?,size_inquiry,neutral
gen_05944,bang bb 68 tb 163 cwe ambil apa ya min?,size_inquiry,neutral
gen_05945,kak kalo buat cowo tb 175 bb 70 ukuran apa?,size_inquiry,neutral
gen_05946,min buat cewe bb 55 tb 158 pake size apa?,size_inquiry,neutral
gen_05947,kak lingkar dada 91 buat kaos polos size apa bang?,size_inquiry,neutral
gen_05948,bang lingkar pinggang 77 buat celana ukuran berapa kak?,size_inquiry,neutral
gen_05949,kak buat kemeja size apa kalo bb 82 tb 172?,size_inquiry,neutral
gen_05950,min buat hoodie bb 79 tb 168 ukuran apa?,size_inquiry,neutral
gen_05951,kak buat sweater ukuran apa kalo tb 176?,size_inquiry,neutral
gen_05952,bang buat jogger bb 86 tb 173 pake l apa xl kak?,size_inquiry,neutral
gen_05953,kak buat tshirt bb 62 tb 158 ukuran apa ya?,size_inquiry,neutral
gen_05954,min buat dress bb 58 tb 160 size apa kak?,size_inquiry,neutral
gen_05955,kak buat celana panjang tb 170 bb 64 ukuran apa bang?,size_inquiry,neutral
gen_05956,bang buat kaos bb 90 tb 176 xl cukup ga min?,size_inquiry,neutral
gen_05957,kak buat celana jogger bb 75 tb 165 m atau l bang?,size_inquiry,neutral
gen_05958,min kalo lingkar dada 98 buat l atau xl kak?,size_inquiry,neutral
gen_05959,kak buat kemeja flanel bb 68 tb 164 ukuran apa min?,size_inquiry,neutral
gen_05960,bang buat hoodie tb 172 bb 73 l apa m kak?,size_inquiry,neutral
gen_05961,kak buat sweater bb 84 tb 169 ukuran apa bang?,size_inquiry,neutral
gen_05962,min buat tshirt tb 163 bb 54 s atau m kak?,size_inquiry,neutral
gen_05963,kak buat dress bb 63 tb 165 ukuran m pas ga?,size_inquiry,neutral
gen_05964,bang buat kaos polos bb 71 tb 162 ukuran apa min?,size_inquiry,neutral
gen_05965,kak buat celana bb 88 tb 175 ukuran 34 cocok ga?,size_inquiry,negative
gen_05966,min buat jogger tb 168 bb 66 m atau l kak?,size_inquiry,neutral
gen_05967,kak buat hoodie cwo bb 77 tb 170 ukuran apa bang?,size_inquiry,neutral
gen_05968,bang buat kemeja cwe bb 52 tb 156 ukuran s kak?,size_inquiry,negative
gen_05969,kak buat sweater bb 92 tb 178 xl apa xxl min?,size_inquiry,neutral
gen_05970,min buat celana jogger tb 174 bb 68 l apa m kak?,size_inquiry,neutral
gen_05971,kak buat tshirt bb 67 tb 161 ukuran m pas ga bang?,size_inquiry,neutral
gen_05972,bang buat dress tb 158 bb 50 s atau m kak?,size_inquiry,neutral
gen_05973,kak buat kaos bb 83 tb 171 ukuran apa min?,size_inquiry,neutral
gen_05974,min buat kemeja tb 176 bb 72 l apa xl kak?,size_inquiry,neutral
gen_05975,kak buat hoodie bb 60 tb 159 ukuran apa bang?,size_inquiry,neutral
gen_05976,bang buat sweater tb 166 bb 65 m apa l kak?,size_inquiry,neutral
gen_05977,kak buat celana bb 78 tb 168 ukuran apa min?,size_inquiry,neutral
gen_05978,min buat jogger bb 85 tb 172 l atau m kak?,size_inquiry,neutral
gen_05979,kak buat tshirt tb 160 bb 49 s apa m bang?,size_inquiry,neutral
gen_05980,min buat dress bb 66 tb 163 m pas ga kak?,size_inquiry,neutral
gen_05981,kak buat kaos polos tb 177 bb 71 l apa m min?,size_inquiry,neutral
gen_05982,bang buat kemeja bb 89 tb 174 ukuran xl cocok ga?,size_inquiry,neutral
gen_05983,kak buat hoodie tb 164 bb 57 s atau m kak?,size_inquiry,neutral
gen_05984,min buat sweater bb 76 tb 169 m atau l bang?,size_inquiry,neutral
gen_05985,kak buat celana jogger tb 171 bb 66 l apa m min?,size_inquiry,neutral
gen_05986,bang buat tshirt bb 81 tb 170 ukuran apa kak?,size_inquiry,neutral
gen_05987,kak buat dress tb 162 bb 54 m apa s min?,size_inquiry,neutral
gen_05988,min buat kaos bb 69 tb 166 ukuran m pas ga kak?,size_inquiry,neutral
gen_05989,kak buat celana tb 173 bb 70 ukuran 33 cocok ga bang?,size_inquiry,neutral
gen_05990,min buat hoodie bb 87 tb 176 xl atau l kak?,size_inquiry,neutral
gen_05991,kak buat kemeja tb 167 bb 59 m apa s min?,size_inquiry,neutral
gen_05992,bang buat sweater bb 73 tb 165 ukuran apa kak?,size_inquiry,neutral
gen_05993,kak buat jogger tb 169 bb 64 m atau l min?,size_inquiry,neutral
gen_05994,min buat tshirt bb 56 tb 154 s apa m kak?,size_inquiry,neutral
gen_05995,kak buat dress tb 166 bb 62 m cocok ga bang?,size_inquiry,neutral
gen_05996,min buat kaos polos bb 79 tb 170 ukuran apa kak?,size_inquiry,negative
gen_05997,kak buat hoodie tb 175 bb 69 l apa m min?,size_inquiry,neutral
gen_05998,bang buat celana bb 72 tb 164 ukuran 31 cocok ga kak?,size_inquiry,neutral
gen_05999,kak buat kemeja bb 90 tb 177 xl apa l min?,size_inquiry,neutral
gen_06000,min buat sweater tb 163 bb 51 m apa s kak?,size_inquiry,neutral
gen_06001,kak buat jogger bb 80 tb 172 ukuran apa bang?,size_inquiry,neutral
gen_06002,min buat tshirt tb 168 bb 63 m atau l kak?,size_inquiry,neutral
gen_06003,kak buat dress bb 60 tb 161 s cocok ga min?,size_inquiry,neutral
gen_06004,bang buat kaos bb 91 tb 175 xl atau xxl kak?,size_inquiry,neutral
gen_06005,kak buat celana jogger tb 166 bb 67 l apa m min?,size_inquiry,neutral
gen_06006,min buat hoodie bb 54 tb 153 s apa m kak?,size_inquiry,neutral
gen_06007,kak buat kemeja tb 172 bb 65 m apa l bang?,size_inquiry,negative
gen_06008,min buat sweater bb 82 tb 170 l atau m kak?,size_inquiry,neutral
gen_06009,kak buat jogger bb 74 tb 167 m apa s min?,size_inquiry,neutral
gen_06010,bang buat tshirt tb 161 bb 52 s atau m kak?,size_inquiry,neutral
gen_06011,kak buat dress bb 70 tb 165 m cocok ga min?,size_inquiry,neutral
gen_06012,min buat kaos polos tb 178 bb 73 l apa m kak?,size_inquiry,neutral
gen_06013,kak buat celana bb 86 tb 173 ukuran 34 atau 36 min?,size_inquiry,neutral
gen_06014,bang buat hoodie tb 170 bb 62 m atau l kak?,size_inquiry,neutral
gen_06015,kak buat sweater bb 77 tb 166 ukuran apa bang?,size_inquiry,neutral
gen_06016,min buat kemeja bb 68 tb 164 s atau m kak?,size_inquiry,neutral
gen_06017,kak buat jogger tb 173 bb 67 l apa m min?,size_inquiry,neutral
gen_06018,bang buat tshirt bb 83 tb 175 ukuran l pas ga kak?,size_inquiry,neutral
gen_06019,kak buat dress tb 164 bb 57 m apa s min?,size_inquiry,neutral
gen_06020,min buat kaos bb 88 tb 174 l atau xl kak?,size_inquiry,neutral
gen_06021,kak buat celana jogger bb 61 tb 158 ukuran apa bang?,size_inquiry,neutral
gen_06022,min buat hoodie tb 167 bb 60 m atau l kak?,size_inquiry,neutral
gen_06023,kak buat sweater bb 84 tb 171 l apa m min?,size_inquiry,neutral
gen_06024,bang buat kaos polos tb 165 bb 68 m atau l kak?,size_inquiry,neutral
gen_06025,kak buat kemeja bb 71 tb 163 s apa m min?,size_inquiry,neutral
gen_06026,min buat jogger tb 176 bb 70 l apa xl kak?,size_inquiry,neutral
gen_06027,kak buat tshirt bb 64 tb 159 ukuran m pas ga bang?,size_inquiry,neutral
gen_06028,min buat dress tb 168 bb 65 m cocok ga kak?,size_inquiry,neutral
gen_06029,kak buat celana tb 169 bb 66 ukuran 32 cocok ga min?,size_inquiry,neutral
gen_06030,bang buat hoodie bb 93 tb 178 xl atau xxl kak?,size_inquiry,neutral
gen_06031,kak buat sweater tb 160 bb 46 s apa m min?,size_inquiry,neutral
gen_06032,min buat kaos bb 75 tb 172 m atau l kak?,size_inquiry,neutral
gen_06033,kak buat kemeja bb 78 tb 166 ukuran apa bang?,size_inquiry,neutral
gen_06034,min buat jogger tb 164 bb 56 s atau m kak?,size_inquiry,neutral
gen_06035,kak buat tshirt bb 87 tb 176 l apa m min?,size_inquiry,neutral
gen_06036,bang buat dress tb 159 bb 51 s cocok ga kak?,size_inquiry,neutral
gen_06037,kak buat kaos polos bb 66 tb 160 s atau m min?,size_inquiry,neutral
gen_06038,min buat celana jogger bb 79 tb 173 l apa m kak?,size_inquiry,neutral
gen_06039,kak buat hoodie tb 171 bb 74 m atau l bang?,size_inquiry,neutral
gen_06040,min buat sweater bb 58 tb 155 s atau m kak?,size_inquiry,neutral
gen_06041,kak buat kemeja tb 174 bb 68 l apa m min?,size_inquiry,neutral
gen_06042,bang buat jogger bb 85 tb 169 m atau l kak?,size_inquiry,neutral
gen_06043,kak buat tshirt tb 163 bb 62 m cocok ga min?,size_inquiry,neutral
gen_06044,min buat dress bb 72 tb 166 m atau l kak?,size_inquiry,neutral
gen_06045,kak buat celana tb 175 bb 71 ukuran 34 cocok ga bang?,size_inquiry,neutral
gen_06046,min buat kaos bb 80 tb 168 l apa m kak?,size_inquiry,neutral
gen_06047,kak buat hoodie tb 165 bb 59 m atau s min?,size_inquiry,positive
gen_06048,bang buat sweater bb 89 tb 173 xl atau l kak?,size_inquiry,neutral
gen_06049,kak buat jogger tb 170 bb 63 m apa l min?,size_inquiry,neutral
gen_06050,min buat kemeja bb 55 tb 157 s cocok ga kak?,size_inquiry,neutral
gen_06051,kak buat tshirt tb 177 bb 69 l apa m bang?,size_inquiry,neutral
gen_06052,min buat dress bb 67 tb 162 m pas ga kak?,size_inquiry,neutral
gen_06053,kak buat kaos polos tb 169 bb 65 m atau l min?,size_inquiry,neutral
gen_06054,bang buat celana jogger bb 73 tb 167 ukuran 32 cocok ga kak?,size_inquiry,neutral
gen_06055,kak buat hoodie tb 163 bb 58 m apa s min?,size_inquiry,neutral
gen_06056,min buat sweater bb 82 tb 175 l atau m kak?,size_inquiry,neutral
gen_06057,kak buat jogger bb 60 tb 156 s apa m bang?,size_inquiry,neutral
gen_06058,min buat kemeja tb 168 bb 61 m atau l kak?,size_inquiry,neutral
gen_06059,kak buat tshirt bb 91 tb 177 xl atau l min?,size_inquiry,neutral
gen_06060,bang buat dress tb 161 bb 53 m apa s kak?,size_inquiry,neutral
gen_06061,kak buat celana tb 172 bb 69 ukuran 33 cocok ga min?,size_inquiry,positive
gen_06062,min buat kaos bb 70 tb 163 m atau s kak?,size_inquiry,neutral
gen_06063,kak buat hoodie tb 175 bb 72 l apa m bang?,size_inquiry,neutral
gen_06064,min buat sweater bb 57 tb 154 s atau m kak?,size_inquiry,neutral
gen_06065,kak buat jogger tb 166 bb 60 m atau l min?,size_inquiry,neutral
gen_06066,bang buat tshirt bb 84 tb 171 l cocok ga kak?,size_inquiry,neutral
gen_06067,kak buat dress tb 169 bb 66 m atau l min?,size_inquiry,neutral
gen_06068,min buat kaos polos bb 77 tb 168 l apa m kak?,size_inquiry,neutral
gen_06069,kak buat kemeja tb 162 bb 55 s apa m bang?,size_inquiry,positive
gen_06070,min buat celana jogger bb 90 tb 176 xl atau l kak?,size_inquiry,neutral
gen_06071,kak buat hoodie tb 158 bb 62 m atau l min?,size_inquiry,neutral
gen_06072,bang buat sweater bb 65 tb 160 s apa m kak?,size_inquiry,neutral
gen_06073,kak buat tshirt tb 173 bb 67 l atau m min?,size_inquiry,neutral
gen_06074,min buat dress bb 59 tb 158 s cocok ga kak?,size_inquiry,neutral
gen_06075,kak buat celana tb 166 bb 64 ukuran 32 atau 34 min?,size_inquiry,neutral
gen_06076,bang buat kaos bb 86 tb 172 l apa xl kak?,size_inquiry,neutral
gen_06077,kak buat jogger tb 164 bb 59 m atau s min?,size_inquiry,neutral
gen_06078,min buat kemeja bb 74 tb 170 m atau l kak?,size_inquiry,neutral
gen_06079,kak buat hoodie tb 168 bb 55 s atau m bang?,size_inquiry,neutral
gen_06080,min buat sweater bb 83 tb 177 l atau xl kak?,size_inquiry,neutral
gen_06081,kak buat tshirt bb 62 tb 157 m cocok ga min?,size_inquiry,neutral
gen_06082,bang buat dress bb 68 tb 164 m atau s kak?,size_inquiry,neutral
gen_06083,kak buat kaos polos bb 92 tb 179 xl atau xxl min?,size_inquiry,neutral
gen_06084,min buat celana jogger bb 76 tb 169 l apa m kak?,size_inquiry,neutral
gen_06085,kak buat kemeja tb 159 bb 50 s atau m bang?,size_inquiry,neutral
gen_06086,min buat hoodie bb 81 tb 174 l atau m kak?,size_inquiry,neutral
gen_06087,kak buat sweater tb 167 bb 63 m atau l min?,size_inquiry,neutral
gen_06088,bang buat tshirt bb 55 tb 155 s cocok ga kak?,size_inquiry,neutral
gen_06089,kak buat dress tb 165 bb 61 m atau l min?,size_inquiry,neutral
gen_06090,min buat celana tb 171 bb 67 ukuran 33 cocok ga kak?,size_inquiry,neutral
gen_06091,kak buat jogger bb 71 tb 166 m apa s bang?,size_inquiry,positive
gen_06092,min buat kaos bb 88 tb 175 xl atau l kak?,size_inquiry,neutral
gen_06093,kak buat kemeja tb 170 bb 62 m atau l min?,size_inquiry,neutral
gen_06094,bang buat hoodie bb 63 tb 159 s atau m kak?,size_inquiry,neutral
gen_06095,kak buat sweater bb 79 tb 172 l apa m min?,size_inquiry,neutral
gen_06096,min buat tshirt bb 85 tb 170 l atau xl kak?,size_inquiry,neutral
gen_06097,kak buat dress bb 56 tb 160 s apa m min?,size_inquiry,neutral
gen_06098,bang buat celana jogger bb 82 tb 173 l cocok ga kak?,size_inquiry,neutral
gen_06099,kak buat kaos polos bb 67 tb 164 m atau s min?,size_inquiry,neutral
gen_06100,min buat hoodie tb 176 bb 71 l apa xl kak?,size_inquiry,neutral
gen_06101,kak buat kemeja bb 60 tb 158 s atau m bang?,size_inquiry,neutral
gen_06102,kak umur 17 tb 165 bb 50 pake size apa?,size_inquiry,neutral
gen_06103,min buat anak tb 150 bb 38 pake ukuran apa?,size_inquiry,neutral
gen_06104,kak bb 70 tb 168 umur 25 m atau l bang?,size_inquiry,neutral
gen_06105,bang size apa buat remaja 14 thn tb 160?,size_inquiry,neutral
gen_06106,kak kalo bb 75 tnggi 170 umur 30 pake apa?,size_inquiry,neutral
gen_06107,min buat remaja 16 thn tb 172 bb 55 l atau m?,size_inquiry,neutral
gen_06108,kak umur 22 tb 158 bb 62 m atau l min?,size_inquiry,neutral
gen_06109,bang bb 84 tb 174 umur 28 pake l atau xl?,size_inquiry,neutral
gen_06110,kak buat anak 12 thn tb 155 pake ukuran apa?,size_inquiry,neutral
gen_06111,min umur 19 tb 167 bb 58 m atau s kak?,size_inquiry,negative
gen_06112,kak bb 79 tb 169 umur 27 m atau l bang?,size_inquiry,neutral
gen_06113,min buat remaja 15 thn tb 162 bb 52 pake apa?,size_inquiry,neutral
gen_06114,kak umur 35 tb 170 bb 76 mending l apa xl min?,size_inquiry,neutral
gen_06115,bang bb 65 tb 163 umur 23 pake m atau s?,size_inquiry,neutral
gen_06116,kak buat anak 10 thn tb 145 bb 35 ukuran apa min?,size_inquiry,neutral
gen_06117,min umur 21 tb 165 bb 60 m atau l kak?,size_inquiry,neutral
gen_06118,kak bb 87 tb 176 umur 32 pake l atau xl bang?,size_inquiry,neutral
gen_06119,min buat remaja 17 thn tb 168 bb 50 s atau m?,size_inquiry,neutral
gen_06120,kak umur 26 tb 172 bb 68 mending m atau l min?,size_inquiry,neutral
gen_06121,bang bb 72 tb 167 umur 24 pake ukuran apa?,size_inquiry,neutral
gen_06122,kak buat anak 9 thn tb 140 bb 32 s atau m min?,size_inquiry,neutral
gen_06123,min umur 18 tb 160 bb 55 m atau s kak?,size_inquiry,neutral
gen_06124,kak bb 91 tb 178 umur 29 pake xl atau l bang?,size_inquiry,neutral
gen_06125,min buat remaja 13 thn tb 158 bb 45 pake s atau m?,size_inquiry,neutral
gen_06126,kak umur 31 tb 174 bb 73 mending l apa xl min?,size_inquiry,neutral
gen_06127,bang bb 68 tb 165 umur 20 pake s atau m?,size_inquiry,negative
gen_06128,kak buat anak 8 thn tb 138 bb 30 ukuran apa min?,size_inquiry,neutral
gen_06129,min umur 24 tb 169 bb 63 m atau l kak?,size_inquiry,neutral
gen_06130,kak bb 83 tb 171 umur 27 mending l apa m bang?,size_inquiry,neutral
gen_06131,min buat remaja 16 thn tb 170 bb 48 s atau m?,size_inquiry,neutral
gen_06132,kak umur 33 tb 176 bb 78 pake l atau xl min?,size_inquiry,neutral
gen_06133,bang bb 62 tb 159 umur 22 pake m atau s?,size_inquiry,neutral
gen_06134,kak buat anak 11 thn tb 148 bb 37 ukuran apa min?,size_inquiry,neutral
gen_06135,min umur 20 tb 163 bb 57 m atau s kak?,size_inquiry,neutral
gen_06136,kak bb 88 tb 174 umur 30 mending xl atau l bang?,size_inquiry,neutral
gen_06137,min buat remaja 18 thn tb 166 bb 53 pake s atau m?,size_inquiry,neutral
gen_06138,kak umur 28 tb 171 bb 70 mending m apa l min?,size_inquiry,neutral
gen_06139,bang bb 74 tb 169 umur 26 pake m atau l?,size_inquiry,neutral
gen_06140,kak buat anak 7 thn tb 132 bb 28 s atau m min?,size_inquiry,neutral
gen_06141,min umur 23 tb 166 bb 61 m atau l kak?,size_inquiry,neutral
gen_06142,kak bb 86 tb 177 umur 34 pake l atau xl bang?,size_inquiry,neutral
gen_06143,min buat remaja 12 thn tb 155 bb 42 pake s atau m?,size_inquiry,neutral
gen_06144,kak umur 36 tb 173 bb 75 mending l apa xl min?,size_inquiry,neutral
gen_06145,bang bb 60 tb 157 umur 21 pake m atau s?,size_inquiry,neutral
gen_06146,kak buat anak 13 thn tb 158 bb 46 ukuran apa min?,size_inquiry,neutral
gen_06147,min umur 29 tb 175 bb 68 m atau l kak?,size_inquiry,neutral
gen_06148,kak bb 82 tb 170 umur 26 mending m apa l bang?,size_inquiry,neutral
gen_06149,min buat remaja 15 thn tb 163 bb 50 pake s atau m?,size_inquiry,neutral
gen_06150,kak umur 25 tb 168 bb 66 mending l apa m min?,size_inquiry,neutral
gen_06151,bang bb 77 tb 172 umur 31 pake l atau m?,size_inquiry,neutral
gen_06152,kak buat anak 6 thn tb 128 bb 26 s atau m min?,size_inquiry,neutral
gen_06153,min umur 32 tb 177 bb 72 mending l apa xl kak?,size_inquiry,neutral
gen_06154,kak bb 69 tb 164 umur 19 pake m atau s bang?,size_inquiry,neutral
gen_06155,min buat remaja 14 thn tb 160 bb 47 s atau m kak?,size_inquiry,neutral
gen_06156,kak umur 27 tb 170 bb 64 mending m apa l min?,size_inquiry,neutral
gen_06157,bang bb 85 tb 175 umur 33 pake l atau xl?,size_inquiry,neutral
gen_06158,kak buat anak 14 thn tb 162 bb 49 ukuran apa min?,size_inquiry,neutral
gen_06159,min umur 22 tb 164 bb 59 m atau s kak?,size_inquiry,neutral
gen_06160,kak bb 90 tb 179 umur 35 mending xl atau l bang?,size_inquiry,neutral
gen_06161,min buat remaja 17 thn tb 171 bb 54 s atau m?,size_inquiry,neutral
gen_06162,kak umur 30 tb 172 bb 71 mending m apa l min?,size_inquiry,neutral
gen_06163,bang bb 66 tb 162 umur 18 pake m atau s?,size_inquiry,neutral
gen_06164,kak buat anak 5 thn tb 125 bb 24 s atau m min?,size_inquiry,neutral
gen_06165,min umur 34 tb 178 bb 74 mending l apa xl kak?,size_inquiry,neutral
gen_06166,kak bb 81 tb 169 umur 28 mending l apa m bang?,size_inquiry,neutral
gen_06167,min buat remaja 11 thn tb 152 bb 40 pake s atau m?,size_inquiry,neutral
gen_06168,kak umur 26 tb 167 bb 62 mending m atau l min?,size_inquiry,neutral
gen_06169,bang bb 73 tb 168 umur 25 pake m atau l?,size_inquiry,neutral
gen_06170,kak buat anak 15 thn tb 165 bb 52 ukuran apa min?,size_inquiry,neutral
gen_06171,min umur 21 tb 161 bb 56 m atau s kak?,size_inquiry,neutral
gen_06172,kak bb 89 tb 176 umur 36 mending xl atau l bang?,size_inquiry,neutral
gen_06173,min buat remaja 19 thn tb 173 bb 56 s atau m?,size_inquiry,neutral
gen_06174,kak umur 37 tb 174 bb 76 mending l apa xl min?,size_inquiry,neutral
gen_06175,bang bb 64 tb 161 umur 20 pake m atau s?,size_inquiry,positive
gen_06176,kak buat anak 16 thn tb 168 bb 55 ukuran apa min?,size_inquiry,neutral
gen_06177,min umur 24 tb 166 bb 58 m atau l kak?,size_inquiry,neutral
gen_06178,kak bb 84 tb 173 umur 29 mending l apa m bang?,size_inquiry,neutral
gen_06179,min buat remaja 13 thn tb 157 bb 44 pake s atau m?,size_inquiry,neutral
gen_06180,kak umur 28 tb 169 bb 65 mending m apa l min?,size_inquiry,neutral
gen_06181,bang bb 78 tb 171 umur 32 pake l atau m?,size_inquiry,neutral
gen_06182,kak buat anak 4 thn tb 120 bb 22 s atau m min?,size_inquiry,neutral
gen_06183,min umur 19 tb 163 bb 54 m atau s kak?,size_inquiry,neutral
gen_06184,kak bb 92 tb 180 umur 38 mending xl atau xxl bang?,size_inquiry,neutral
gen_06185,min buat remaja 16 thn tb 169 bb 51 s atau m?,size_inquiry,neutral
gen_06186,kak umur 31 tb 175 bb 70 mending l apa m min?,size_inquiry,neutral
gen_06187,bang bb 61 tb 158 umur 17 pake m atau s?,size_inquiry,neutral
gen_06188,kak buat anak 17 thn tb 170 bb 58 ukuran apa min?,size_inquiry,neutral
gen_06189,min umur 23 tb 165 bb 60 m atau l kak?,size_inquiry,neutral
gen_06190,kak bb 87 tb 172 umur 27 mending l apa xl bang?,size_inquiry,neutral
gen_06191,min buat remaja 12 thn tb 154 bb 41 pake s atau m?,size_inquiry,neutral
gen_06192,kak umur 29 tb 173 bb 69 mending m apa l min?,size_inquiry,neutral
gen_06193,bang bb 76 tb 166 umur 24 pake m atau l?,size_inquiry,neutral
gen_06194,kak buat anak 3 thn tb 115 bb 20 s atau m min?,size_inquiry,neutral
gen_06195,min umur 35 tb 179 bb 75 mending l apa xl kak?,size_inquiry,neutral
gen_06196,kak bb 80 tb 170 umur 26 mending l apa m bang?,size_inquiry,neutral
gen_06197,min buat remaja 18 thn tb 172 bb 57 s atau m?,size_inquiry,neutral
gen_06198,kak umur 25 tb 168 bb 63 mending m atau l min?,size_inquiry,neutral
gen_06199,bang bb 82 tb 174 umur 30 pake l atau xl?,size_inquiry,neutral
gen_06200,kak buat anak 18 thn tb 173 bb 60 ukuran apa min?,size_inquiry,neutral
gen_06201,min umur 20 tb 162 bb 55 m atau s kak?,size_inquiry,neutral
gen_06202,kak bb 85 tb 175 umur 32 mending l apa xl bang?,size_inquiry,neutral
gen_06203,min buat remaja 14 thn tb 161 bb 48 s atau m?,size_inquiry,neutral
gen_06204,kak umur 32 tb 176 bb 72 mending l apa m min?,size_inquiry,neutral
gen_06205,bang bb 63 tb 160 umur 19 pake m atau s?,size_inquiry,neutral
gen_06206,kak buat anak 2 thn tb 110 bb 18 s aja min?,size_inquiry,neutral
gen_06207,min umur 33 tb 177 bb 74 mending xl atau l kak?,size_inquiry,neutral
gen_06208,kak bb 79 tb 168 umur 25 mending m apa l bang?,size_inquiry,neutral
gen_06209,min buat remaja 15 thn tb 164 bb 51 s atau m?,size_inquiry,negative
gen_06210,kak umur 27 tb 171 bb 67 mending l apa m min?,size_inquiry,positive
gen_06211,bang bb 75 tb 170 umur 28 pake m atau l?,size_inquiry,neutral
gen_06212,kak buat anak 19 thn tb 175 bb 62 ukuran apa min?,size_inquiry,negative
gen_06213,min umur 22 tb 165 bb 57 m atau l kak?,size_inquiry,neutral
gen_06214,kak bb 88 tb 178 umur 34 mending xl atau l bang?,size_inquiry,neutral
gen_06215,min buat remaja 10 thn tb 150 bb 39 s atau m?,size_inquiry,neutral
gen_06216,kak umur 30 tb 174 bb 71 mending l apa m min?,size_inquiry,neutral
gen_06217,bang bb 70 tb 167 umur 23 pake m atau s?,size_inquiry,neutral
gen_06218,kak buat anak 20 thn tb 176 bb 64 ukuran apa min?,size_inquiry,neutral
gen_06219,min umur 36 tb 180 bb 76 mending xl atau xxl kak?,size_inquiry,neutral
gen_06220,kak bb 83 tb 172 umur 28 mending l apa m bang?,size_inquiry,neutral
gen_06221,min buat remaja 19 thn tb 174 bb 58 s atau m?,size_inquiry,neutral
gen_06222,kak umur 24 tb 166 bb 59 mending m atau l min?,size_inquiry,neutral
gen_06223,bang bb 80 tb 173 umur 31 pake l atau m?,size_inquiry,neutral
gen_06224,kak buat anak 1 thn tb 105 bb 16 s aja min?,size_inquiry,neutral
gen_06225,min umur 21 tb 163 bb 56 m atau s kak?,size_inquiry,neutral
gen_06226,kak bb 91 tb 179 umur 37 mending xl atau xxl bang?,size_inquiry,neutral
gen_06227,min buat remaja 16 thn tb 168 bb 50 s atau m?,size_inquiry,neutral
gen_06228,kak umur 34 tb 175 bb 73 mending l apa xl min?,size_inquiry,neutral
gen_06229,bang bb 67 tb 164 umur 20 pake m atau s?,size_inquiry,neutral
gen_06230,kak buat anak 21 thn tb 177 bb 65 ukuran apa min?,size_inquiry,neutral
gen_06231,min umur 26 tb 170 bb 62 mending m atau l kak?,size_inquiry,neutral
gen_06232,kak bb 86 tb 176 umur 33 mending l apa xl bang?,size_inquiry,positive
gen_06233,min buat remaja 11 thn tb 153 bb 40 s atau m?,size_inquiry,neutral
gen_06234,kak umur 29 tb 172 bb 68 mending m apa l min?,size_inquiry,neutral
gen_06235,bang bb 74 tb 169 umur 27 pake m atau l?,size_inquiry,neutral
gen_06236,kak buat anak 22 thn tb 178 bb 66 ukuran apa min?,size_inquiry,neutral
gen_06237,min umur 25 tb 167 bb 61 mending m atau l kak?,size_inquiry,neutral
gen_06238,kak bb 84 tb 171 umur 26 mending l apa m bang?,size_inquiry,neutral
gen_06239,min buat remaja 17 thn tb 170 bb 52 s atau m?,size_inquiry,neutral
gen_06240,kak umur 31 tb 173 bb 70 mending l apa m min?,size_inquiry,neutral
gen_06241,bang bb 71 tb 168 umur 24 pake m atau s?,size_inquiry,neutral
gen_06242,kak buat anak 23 thn tb 179 bb 67 ukuran apa min?,size_inquiry,neutral
gen_06243,min umur 30 tb 175 bb 72 mending l apa xl kak?,size_inquiry,neutral
gen_06244,kak bb 82 tb 170 umur 29 mending l apa m bang?,size_inquiry,neutral
gen_06245,min buat remaja 18 thn tb 171 bb 55 s atau m?,size_inquiry,neutral
gen_06246,kak umur 28 tb 169 bb 66 mending m apa l min?,size_inquiry,positive
gen_06247,bang bb 78 tb 172 umur 30 pake l atau m?,size_inquiry,neutral
gen_06248,kak buat anak 24 thn tb 180 bb 68 ukuran apa min?,size_inquiry,neutral
gen_06249,min umur 23 tb 164 bb 58 m atau l kak?,size_inquiry,neutral
gen_06250,kak bb 89 tb 177 umur 35 mending xl atau l bang?,size_inquiry,neutral
gen_06251,min buat remaja 13 thn tb 156 bb 43 s atau m?,size_inquiry,neutral
gen_06252,kak umur 32 tb 176 bb 74 mending l apa xl min?,size_inquiry,neutral
gen_06253,bang bb 65 tb 163 umur 21 pake m atau s?,size_inquiry,neutral
gen_06254,kak buat anak 25 thn tb 181 bb 69 ukuran apa min?,size_inquiry,neutral
gen_06255,min umur 27 tb 171 bb 63 mending m atau l kak?,size_inquiry,positive
gen_06256,kak bb 85 tb 174 umur 31 mending l apa xl bang?,size_inquiry,neutral
gen_06257,min buat remaja 15 thn tb 162 bb 49 s atau m?,size_inquiry,neutral
gen_06258,kak umur 35 tb 178 bb 75 mending xl atau l min?,size_inquiry,neutral
gen_06259,bang bb 79 tb 173 umur 32 pake l atau m?,size_inquiry,neutral
gen_06260,kak buat anak 26 thn tb 182 bb 70 ukuran apa min?,size_inquiry,neutral
gen_06261,min umur 22 tb 162 bb 54 m atau s kak?,size_inquiry,neutral
gen_06262,kak bb 90 tb 180 umur 36 mending xl atau xxl bang?,size_inquiry,neutral
gen_06263,min buat remaja 14 thn tb 159 bb 46 s atau m?,size_inquiry,neutral
gen_06264,kak umur 33 tb 177 bb 76 mending l apa xl min?,size_inquiry,neutral
gen_06265,bang bb 72 tb 166 umur 22 pake m atau l?,size_inquiry,neutral
gen_06266,kak buat anak 27 thn tb 183 bb 71 ukuran apa min?,size_inquiry,neutral
gen_06267,min umur 24 tb 168 bb 60 mending m atau l kak?,size_inquiry,neutral
gen_06268,kak bb 81 tb 171 umur 30 mending l apa m bang?,size_inquiry,neutral
gen_06269,min buat remaja 19 thn tb 173 bb 57 s atau m?,size_inquiry,neutral
gen_06270,kak umur 26 tb 169 bb 64 mending m apa l min?,size_inquiry,neutral
gen_06271,bang bb 77 tb 171 umur 29 pake m atau l?,size_inquiry,neutral
gen_06272,kak buat anak 28 thn tb 184 bb 72 ukuran apa min?,size_inquiry,neutral
gen_06273,min umur 31 tb 176 bb 73 mending l apa xl kak?,size_inquiry,neutral
gen_06274,kak bb 87 tb 175 umur 32 mending l apa xl bang?,size_inquiry,neutral
gen_06275,min buat remaja 16 thn tb 167 bb 49 s atau m?,size_inquiry,neutral
gen_06276,kak umur 27 tb 170 bb 65 mending m apa l min?,size_inquiry,neutral
gen_06277,bang bb 80 tb 174 umur 33 pake l atau m?,size_inquiry,neutral
gen_06278,kak buat anak 29 thn tb 185 bb 73 ukuran apa min?,size_inquiry,neutral
gen_06279,min umur 20 tb 161 bb 53 m atau s kak?,size_inquiry,neutral
gen_06280,kak bb 83 tb 173 umur 30 mending l apa m bang?,size_inquiry,neutral
gen_06281,min buat remaja 18 thn tb 172 bb 56 s atau m?,size_inquiry,neutral
gen_06282,kak umur 34 tb 178 bb 77 mending xl atau l min?,size_inquiry,neutral
gen_06283,bang bb 69 tb 165 umur 23 pake m atau s?,size_inquiry,neutral
gen_06284,kak buat anak 30 thn tb 186 bb 74 ukuran apa min?,size_inquiry,neutral
gen_06285,kak umur 16 tb 166 bb 51 pake size apa min?,size_inquiry,neutral
gen_06286,min buat anak 31 thn tb 187 bb 75 ukuran apa kak?,size_inquiry,neutral
gen_06287,kak bb 71 tb 169 umur 26 mending m atau l bang?,size_inquiry,neutral
gen_06288,min buat remaja 20 thn tb 175 bb 59 s atau m kak?,size_inquiry,neutral
gen_06289,kak umur 38 tb 179 bb 78 mending xl atau l min?,size_inquiry,neutral
gen_06290,bang bb 68 tb 166 umur 27 pake m atau l kak?,size_inquiry,neutral
gen_06291,kak buat anak 32 thn tb 188 bb 76 ukuran apa min?,size_inquiry,neutral
gen_06292,min umur 22 tb 165 bb 61 m atau l bang?,size_inquiry,neutral
gen_06293,kak bb 86 tb 176 umur 37 mending xl atau l min?,size_inquiry,neutral
gen_06294,min buat remaja 12 thn tb 155 bb 42 s atau m kak?,size_inquiry,neutral
gen_06295,kak umur 30 tb 174 bb 72 mending l apa xl bang?,size_inquiry,neutral
gen_06296,bang bb 73 tb 167 umur 28 pake m atau l min?,size_inquiry,neutral
gen_06297,kak buat anak 33 thn tb 189 bb 77 ukuran apa kak?,size_inquiry,neutral
gen_06298,min umur 23 tb 164 bb 59 m atau s bang?,size_inquiry,neutral
gen_06299,kak bb 90 tb 181 umur 39 mending xl atau xxl min?,size_inquiry,neutral
gen_06300,min buat remaja 15 thn tb 163 bb 50 s atau m kak?,size_inquiry,neutral
gen_06301,﻿kak bb 70 ambil m aja aman,size_recommendation,neutral
gen_06302,bang tb 170 bb 60 pake m cukup,size_recommendation,neutral
gen_06303,min tinggi 165 bb 55 ambil m aja,size_recommendation,neutral
gen_06304,kak 170 58 pake m aja deh,size_recommendation,neutral
gen_06305,bang bb 75 tb 175 pake l aman,size_recommendation,neutral
gen_06306,"min tb 168 bb 65 mending m atau l sih, m aja",size_recommendation,neutral
gen_06307,kak bb 80 tinggi 172 ambil l aja,size_recommendation,neutral
gen_06308,bang tinggi 170 bb 70 mending l,size_recommendation,neutral
gen_06309,min bb 65 tb 160 ambil s aja,size_recommendation,neutral
gen_06310,kak tb 165 bb 50 pake s cukup,size_recommendation,neutral
gen_06311,bang bb 90 tb 178 pake xl aja,size_recommendation,negative
gen_06312,min tinggi 175 bb 72 ambil l aman,size_recommendation,neutral
gen_06313,kak bb 85 tb 170 pake l aja,size_recommendation,neutral
gen_06314,bang tb 172 bb 68 mending l aman,size_recommendation,neutral
gen_06315,min bb 72 tinggi 165 ambil m aja,size_recommendation,neutral
gen_06316,kak tinggi 168 bb 60 pake m pas,size_recommendation,neutral
gen_06317,bang bb 78 tb 176 mending l aja,size_recommendation,neutral
gen_06318,min tb 162 bb 52 ambil s aja,size_recommendation,neutral
gen_06319,kak bb 67 tinggi 163 pake m aja,size_recommendation,neutral
gen_06320,bang tb 178 bb 75 aman pake l,size_recommendation,neutral
gen_06321,min bb 88 tb 174 ambil xl pas,size_recommendation,neutral
gen_06322,kak tinggi 173 bb 66 mending m aja,size_recommendation,neutral
gen_06323,bang bb 60 tb 155 pake s aja,size_recommendation,neutral
gen_06324,min tb 170 bb 55 ambil m cukup,size_recommendation,neutral
gen_06325,kak bb 82 tb 169 pake l aman,size_recommendation,neutral
gen_06326,bang tinggi 165 bb 62 mending m aja,size_recommendation,neutral
gen_06327,min bb 74 tb 167 ambil m pas,size_recommendation,neutral
gen_06328,kak tb 176 bb 70 pake l aja,size_recommendation,neutral
gen_06329,bang bb 92 tb 180 aman pake xl,size_recommendation,neutral
gen_06330,min tinggi 160 bb 45 ambil s aja,size_recommendation,neutral
gen_06331,kak bb 68 tb 158 pake s pas,size_recommendation,neutral
gen_06332,bang tb 172 bb 62 mending m aman,size_recommendation,neutral
gen_06333,min bb 86 tb 175 ambil l aja,size_recommendation,neutral
gen_06334,kak tinggi 170 bb 64 pake m aja,size_recommendation,neutral
gen_06335,bang bb 79 tb 168 mending m pas,size_recommendation,neutral
gen_06336,min tb 166 bb 58 ambil m cukup,size_recommendation,neutral
gen_06337,kak bb 83 tb 173 pake l aja,size_recommendation,neutral
gen_06338,bang tinggi 174 bb 69 mending l aman,size_recommendation,neutral
gen_06339,min bb 70 tb 162 ambil m aja,size_recommendation,neutral
gen_06340,kak tb 169 bb 63 pake m pas,size_recommendation,neutral
gen_06341,bang bb 76 tb 171 mending m aman,size_recommendation,neutral
gen_06342,min tinggi 166 bb 56 ambil m aja,size_recommendation,neutral
gen_06343,kak bb 89 tb 177 pake xl pas,size_recommendation,neutral
gen_06344,bang tb 175 bb 71 mending l aja,size_recommendation,neutral
gen_06345,min bb 66 tb 161 ambil m cukup,size_recommendation,neutral
gen_06346,kak tinggi 164 bb 54 pake s aja,size_recommendation,neutral
gen_06347,bang bb 81 tb 170 mending l aman,size_recommendation,neutral
gen_06348,min tb 171 bb 65 ambil m aja,size_recommendation,neutral
gen_06349,kak bb 73 tb 166 pake m pas,size_recommendation,neutral
gen_06350,bang tinggi 169 bb 59 mending m cukup,size_recommendation,neutral
gen_06351,min bb 87 tb 176 ambil l aja,size_recommendation,neutral
gen_06352,kak tb 177 bb 74 pake xl aman,size_recommendation,neutral
gen_06353,bang bb 62 tb 157 mending s aja,size_recommendation,neutral
gen_06354,min tinggi 163 bb 53 ambil m cukup,size_recommendation,neutral
gen_06355,kak bb 77 tb 172 pake m aja,size_recommendation,neutral
gen_06356,bang tb 168 bb 64 mending m aman,size_recommendation,neutral
gen_06357,min bb 84 tb 174 ambil l aja,size_recommendation,neutral
gen_06358,kak tinggi 175 bb 68 pake l pas,size_recommendation,neutral
gen_06359,bang bb 71 tb 164 mending m aja,size_recommendation,neutral
gen_06360,min tb 163 bb 57 ambil m cukup,size_recommendation,positive
gen_06361,kak bb 90 tb 179 pake xl aja,size_recommendation,neutral
gen_06362,bang tinggi 171 bb 67 mending l aman,size_recommendation,neutral
gen_06363,min bb 69 tb 159 ambil m cukup,size_recommendation,neutral
gen_06364,kak tb 167 bb 61 pake m pas,size_recommendation,neutral
gen_06365,bang bb 80 tb 173 mending l aman,size_recommendation,neutral
gen_06366,min tinggi 168 bb 66 ambil m aja,size_recommendation,neutral
gen_06367,kak bb 75 tb 170 pake m cukup,size_recommendation,neutral
gen_06368,bang tb 174 bb 73 mending l aja,size_recommendation,neutral
gen_06369,min bb 85 tb 166 ambil l pas,size_recommendation,neutral
gen_06370,kak tinggi 162 bb 50 pake s aja,size_recommendation,neutral
gen_06371,bang bb 64 tb 156 mending s pas,size_recommendation,neutral
gen_06372,min tb 176 bb 72 ambil l aman,size_recommendation,neutral
gen_06373,kak bb 82 tb 168 pake m aja,size_recommendation,neutral
gen_06374,bang tinggi 172 bb 62 mending m aman,size_recommendation,neutral
gen_06375,min bb 78 tb 175 ambil l aja,size_recommendation,neutral
gen_06376,kak tb 165 bb 60 pake m pas,size_recommendation,neutral
gen_06377,bang bb 93 tb 181 mending xl aja,size_recommendation,neutral
gen_06378,min tinggi 170 bb 68 ambil l cukup,size_recommendation,neutral
gen_06379,kak bb 72 tb 163 pake m aja,size_recommendation,neutral
gen_06380,bang tb 169 bb 61 mending m pas,size_recommendation,neutral
gen_06381,min bb 88 tb 173 ambil l aja,size_recommendation,neutral
gen_06382,kak tinggi 167 bb 59 pake m cukup,size_recommendation,neutral
gen_06383,bang bb 79 tb 177 mending l aman,size_recommendation,neutral
gen_06384,min tb 164 bb 55 ambil m aja,size_recommendation,neutral
gen_06385,kak bb 86 tb 171 pake l pas,size_recommendation,neutral
gen_06386,bang tinggi 173 bb 70 mending l aja,size_recommendation,neutral
gen_06387,min bb 67 tb 162 ambil m cukup,size_recommendation,neutral
gen_06388,kak tb 178 bb 76 pake xl aman,size_recommendation,neutral
gen_06389,bang bb 76 tb 169 mending m pas,size_recommendation,neutral
gen_06390,min tinggi 166 bb 57 ambil m aja,size_recommendation,neutral
gen_06391,kak bb 83 tb 172 pake l aman,size_recommendation,neutral
gen_06392,bang tb 175 bb 66 mending m aja,size_recommendation,neutral
gen_06393,min bb 74 tb 168 ambil m pas,size_recommendation,neutral
gen_06394,kak tinggi 171 bb 65 pake m cukup,size_recommendation,negative
gen_06395,bang bb 90 tb 176 mending xl aja,size_recommendation,neutral
gen_06396,min tb 166 bb 54 ambil m pas,size_recommendation,negative
gen_06397,kak bb 69 tb 160 pake m cukup,size_recommendation,neutral
gen_06398,bang tinggi 165 bb 63 mending m aja,size_recommendation,neutral
gen_06399,min bb 85 tb 174 ambil l pas,size_recommendation,neutral
gen_06400,kak tb 173 bb 67 pake l aman,size_recommendation,neutral
gen_06401,bang bb 80 tb 169 mending m aja,size_recommendation,neutral
gen_06402,min tinggi 168 bb 62 ambil m cukup,size_recommendation,positive
gen_06403,kak bb 73 tb 165 pake m aja,size_recommendation,neutral
gen_06404,bang tb 177 bb 73 mending l aman,size_recommendation,neutral
gen_06405,min bb 89 tb 178 ambil xl pas,size_recommendation,neutral
gen_06406,kak tinggi 172 bb 69 pake l cukup,size_recommendation,neutral
gen_06407,bang bb 70 tb 161 mending m pas,size_recommendation,positive
gen_06408,min tb 170 bb 66 ambil m aja,size_recommendation,neutral
gen_06409,kak bb 78 tb 173 pake l aman,size_recommendation,neutral
gen_06410,bang tinggi 164 bb 56 mending m cukup,size_recommendation,neutral
gen_06411,min bb 84 tb 170 ambil l pas,size_recommendation,neutral
gen_06412,kak tb 176 bb 69 pake l cukup,size_recommendation,neutral
gen_06413,bang bb 75 tb 172 mending m aja,size_recommendation,neutral
gen_06414,min tinggi 169 bb 65 ambil m pas,size_recommendation,neutral
gen_06415,kak bb 81 tb 171 pake l aman,size_recommendation,neutral
gen_06416,bang tb 167 bb 58 mending m cukup,size_recommendation,neutral
gen_06417,min bb 87 tb 175 ambil l aja,size_recommendation,neutral
gen_06418,kak tinggi 174 bb 68 pake l pas,size_recommendation,neutral
gen_06419,bang bb 72 tb 166 mending m aja,size_recommendation,neutral
gen_06420,min tb 175 bb 74 ambil l aman,size_recommendation,neutral
gen_06421,kak bb 91 tb 180 pake xl aja,size_recommendation,neutral
gen_06422,﻿kak kalo bb 62 tb 158 ambil s aja ya,size_recommendation,neutral
gen_06423,bang kalo tinggi 168 bb 67 mending l atau m? m aja aman,size_recommendation,neutral
gen_06424,min kalo bb 79 tb 170 pake l aja biar nyaman,size_recommendation,neutral
gen_06425,kak 172 63 kg mending m aja ben pas,size_recommendation,neutral
gen_06426,bang bb 84 tnggi 175 kalo gua ambil l aman,size_recommendation,neutral
gen_06427,kak tinggi 161 bb 58 pake m aja kak,size_recommendation,neutral
gen_06428,"bang bb 68 tinggi 164 gua sarankan s atau m, m aja lah",size_recommendation,neutral
gen_06429,kak tb 173 bb 76 ambil l aja aman,size_recommendation,neutral
gen_06430,min 166 52 kg pake s cukup,size_recommendation,neutral
gen_06431,kak bb 87 tnggi 177 mending xl aja aman,size_recommendation,neutral
gen_06432,bang tb 169 bb 66 kalo gua m aja udah pas,size_recommendation,neutral
gen_06433,kak tinggi 163 bb 59 mending m aja deh,size_recommendation,neutral
gen_06434,min bb 74 tb 168 ambil m aja pas,size_recommendation,neutral
gen_06435,kak 175 70 kg pake l aja pasti aman,size_recommendation,neutral
gen_06436,bang tb 178 bb 74 mending l aja,size_recommendation,neutral
gen_06437,kak bb 65 tinggi 157 pake s aja cukup,size_recommendation,neutral
gen_06438,min tinggi 167 bb 60 ambil m pas,size_recommendation,neutral
gen_06439,kak tb 172 bb 64 pake m aja aman,size_recommendation,neutral
gen_06440,bang bb 82 tb 173 mending l aja udah pas,size_recommendation,neutral
gen_06441,kak tinggi 160 bb 46 pake s aja,size_recommendation,neutral
gen_06442,min bb 70 tnggi 166 m aja udah aman,size_recommendation,neutral
gen_06443,kak tb 176 bb 68 mending l aja,size_recommendation,neutral
gen_06444,bang bb 77 tinggi 171 kalo gua m aja,size_recommendation,neutral
gen_06445,kak height 165 bb 55 pake m aja,size_recommendation,neutral
gen_06446,min bb 89 tnggi 179 mending xl aja,size_recommendation,neutral
gen_06447,kak tb 174 bb 71 kalo gua l aja aman,size_recommendation,neutral
gen_06448,bang tinggi 169 bb 57 mending m aja sih,size_recommendation,neutral
gen_06449,kak bb 63 tnggi 159 pake s aja kak,size_recommendation,positive
gen_06450,min tb 165 bb 62 ambil m aja pas,size_recommendation,neutral
gen_06451,kak bb 85 tinggi 174 mending l aja aman,size_recommendation,neutral
gen_06452,bang tnggi 171 bb 66 pake m aja udah nyaman,size_recommendation,neutral
gen_06453,kak bb 72 tb 167 m aja aman kok,size_recommendation,neutral
gen_06454,min height 162 bb 51 pake s aja,size_recommendation,positive
gen_06455,kak tb 177 bb 75 mending l aja aman,size_recommendation,neutral
gen_06456,bang bb 80 tinggi 172 pake l aja udah pas,size_recommendation,neutral
gen_06457,kak tinggi 166 bb 57 m aja cukup,size_recommendation,neutral
gen_06458,min bb 76 tnggi 170 ambil m aja,size_recommendation,neutral
gen_06459,kak tb 170 bb 66 pake m aja aman,size_recommendation,neutral
gen_06460,bang bb 88 tnggi 176 pake xl aja aman,size_recommendation,neutral
gen_06461,kak height 163 bb 53 pake m aja,size_recommendation,neutral
gen_06462,min bb 69 tinggi 161 ambil m aja cukup,size_recommendation,neutral
gen_06463,kak tb 175 bb 72 mending l aja udah aman,size_recommendation,neutral
gen_06464,bang tinggi 168 bb 65 pake m aja,size_recommendation,neutral
gen_06465,kak bb 83 tnggi 176 l aja udah pas,size_recommendation,neutral
gen_06466,min tb 164 bb 55 ambil m aja sih,size_recommendation,neutral
gen_06467,kak bb 78 tinggi 169 pake m aja aman,size_recommendation,neutral
gen_06468,bang height 172 bb 61 mending m aja,size_recommendation,neutral
gen_06469,kak bb 90 tnggi 178 pake xl aja,size_recommendation,negative
gen_06470,min tinggi 160 bb 48 pake s aja,size_recommendation,neutral
gen_06471,kak tb 167 bb 63 m aja udah pas,size_recommendation,neutral
gen_06472,bang bb 73 tinggi 165 ambil m aja aman,size_recommendation,neutral
gen_06473,kak tnggi 174 bb 69 pake l aja,size_recommendation,neutral
gen_06474,min bb 81 tnggi 173 mending l aja,size_recommendation,neutral
gen_06475,kak height 165 bb 60 pake m aja,size_recommendation,neutral
gen_06476,bang bb 66 tinggi 160 ambil m aja sih,size_recommendation,neutral
gen_06477,kak tb 179 bb 77 mending xl aja,size_recommendation,neutral
gen_06478,min tinggi 170 bb 63 pake m aja aman,size_recommendation,neutral
gen_06479,kak bb 79 tnggi 172 l aja udah nyaman,size_recommendation,neutral
gen_06480,bang tb 163 bb 56 mending m aja,size_recommendation,neutral
gen_06481,kak bb 86 tinggi 175 pake l aja,size_recommendation,neutral
gen_06482,min height 168 bb 64 ambil m aja,size_recommendation,neutral
gen_06483,kak tb 176 bb 70 pake l aja aman,size_recommendation,neutral
gen_06484,bang bb 75 tnggi 168 m aja udah pas,size_recommendation,neutral
gen_06485,kak tinggi 162 bb 54 pake m aja,size_recommendation,neutral
gen_06486,min bb 84 tb 171 ambil l aja,size_recommendation,neutral
gen_06487,kak bb 71 tinggi 166 mending m aja,size_recommendation,neutral
gen_06488,bang height 174 bb 66 pake l aja,size_recommendation,neutral
gen_06489,kak tb 169 bb 62 m aja aman,size_recommendation,neutral
gen_06490,min bb 87 tnggi 177 pake l aja sih,size_recommendation,neutral
gen_06491,kak tinggi 167 bb 58 m aja cukup,size_recommendation,neutral
gen_06492,bang bb 91 tb 180 mending xl aja,size_recommendation,neutral
gen_06493,kak tb 171 bb 67 m pake aja? m aja aman,size_recommendation,neutral
gen_06494,min bb 68 tinggi 163 ambil m aja,size_recommendation,neutral
gen_06495,kak bb 82 tnggi 174 l aja udah aman,size_recommendation,neutral
gen_06496,bang height 166 bb 59 mending m aja,size_recommendation,neutral
gen_06497,kak tinggi 173 bb 73 pake l aja,size_recommendation,neutral
gen_06498,min bb 77 tnggi 169 ambil m aja pas,size_recommendation,neutral
gen_06499,kak tb 165 bb 61 pake m aja,size_recommendation,neutral
gen_06500,bang bb 85 tinggi 178 l aja udah pas,size_recommendation,neutral
gen_06501,kak bb 92 tnggi 181 penting xl aja,size_recommendation,negative
gen_06502,min height 161 bb 50 pake s aja,size_recommendation,neutral
gen_06503,kak tb 172 bb 68 mending m aja,size_recommendation,positive
gen_06504,bang bb 79 tinggi 173 pake l aja aman,size_recommendation,neutral
gen_06505,kak bb 74 tnggi 167 m aja udah aman,size_recommendation,neutral
gen_06506,min tinggi 169 bb 61 ambil m aja,size_recommendation,neutral
gen_06507,kak tb 175 bb 73 mending l aja,size_recommendation,neutral
gen_06508,bang bb 88 tinggi 174 pake xl aja,size_recommendation,neutral
gen_06509,kak bb 64 tnggi 158 mending m aja,size_recommendation,neutral
gen_06510,min height 163 bb 52 pake m aja,size_recommendation,neutral
gen_06511,kak tinggi 171 bb 66 pake m aja aman,size_recommendation,neutral
gen_06512,bang bb 83 tnggi 175 mending l aja,size_recommendation,neutral
gen_06513,kak bb 70 tinggi 162 m aja udah pas,size_recommendation,neutral
gen_06514,min tb 166 bb 62 ambil m aja,size_recommendation,neutral
gen_06515,kak bb 89 tnggi 179 pake xl aja aman,size_recommendation,neutral
gen_06516,bang bb 76 tinggi 170 mending m aja,size_recommendation,neutral
gen_06517,kak height 165 bb 57 pake m aja,size_recommendation,neutral
gen_06518,min bb 81 tnggi 172 ambil l aja,size_recommendation,neutral
gen_06519,kak tb 170 bb 65 m aja udah nyaman,size_recommendation,neutral
gen_06520,bang tinggi 167 bb 64 pake m aja,size_recommendation,neutral
gen_06521,kak bb 78 tnggi 171 mending m aja,size_recommendation,neutral
gen_06522,min bb 90 tinggi 177 pake l aja,size_recommendation,neutral
gen_06523,kak tnggi 168 bb 60 ambil m aja aman,size_recommendation,neutral
gen_06524,bang bb 72 tinggi 166 pake m aja,size_recommendation,neutral
gen_06525,kak bb 80 tnggi 174 l aja udah aman,size_recommendation,neutral
gen_06526,min height 162 bb 53 pake m aja,size_recommendation,neutral
gen_06527,kak tinggi 173 bb 71 mending l aja,size_recommendation,neutral
gen_06528,bang bb 84 tinggi 176 pake xl aja sih,size_recommendation,neutral
gen_06529,kak tnggi 166 bb 56 m aja cukup,size_recommendation,neutral
gen_06530,min bb 67 tinggi 161 ambil m aja,size_recommendation,neutral
gen_06531,kak bb 75 tnggi 169 pake m aja aman,size_recommendation,neutral
gen_06532,bang tinggi 175 bb 68 mending l aja,size_recommendation,neutral
gen_06533,kak bb 82 tb 173 l aja udah pas,size_recommendation,neutral
gen_06534,min bb 71 tnggi 164 mending m aja,size_recommendation,neutral
gen_06535,kak bb 86 tinggi 172 pake l aja,size_recommendation,neutral
gen_06536,bang height 168 bb 63 m aja udah aman,size_recommendation,negative
gen_06537,kak tinggi 170 bb 62 ambil m aja,size_recommendation,neutral
gen_06538,min bb 79 tnggi 176 mending l aja,size_recommendation,neutral
gen_06539,"﻿kak bb 68 tb 160 cocoknya s atau m sih, ambil m aja",size_recommendation,neutral
gen_06540,bang tinggi 170 bb 58 mending s aja,size_recommendation,neutral
gen_06541,kak tb 172 bb 60 mending m aja buat aman,size_recommendation,neutral
gen_06542,min 165 54 kg cocoknya s aja,size_recommendation,neutral
gen_06543,kak bb 85 tinggi 170 mending l aja aman,size_recommendation,neutral
gen_06544,bang tnggi 168 bb 62 m aja udah pas,size_recommendation,neutral
gen_06545,kak bb 73 tb 167 mending m aja deh,size_recommendation,negative
gen_06546,min tinggi 166 bb 61 ambil m aja aman,size_recommendation,neutral
gen_06547,kak tb 174 bb 66 pake l aja biar lega,size_recommendation,neutral
gen_06548,bang bb 80 tnggi 173 mending l aja pas,size_recommendation,neutral
gen_06549,kak bb 66 tinggi 159 s aja udah cukup,size_recommendation,neutral
gen_06550,min tb 170 bb 55 m aja aman,size_recommendation,neutral
gen_06551,kak bb 90 tinggi 175 mending xl aja,size_recommendation,neutral
gen_06552,bang tb 176 bb 70 l aja udah aman,size_recommendation,neutral
gen_06553,kak tinggi 163 bb 58 mending m aja,size_recommendation,neutral
gen_06554,min bb 76 tnggi 171 ambil m aja,size_recommendation,neutral
gen_06555,kak tb 169 bb 67 mending l aja,size_recommendation,neutral
gen_06556,bang bb 83 tinggi 178 l atau xl? l aja,size_recommendation,neutral
gen_06557,kak bb 64 tnggi 157 mending s aja,size_recommendation,positive
gen_06558,min tinggi 168 bb 60 m aja pas,size_recommendation,neutral
gen_06559,kak bb 79 tb 174 mending l aja,size_recommendation,neutral
gen_06560,bang bb 71 tinggi 166 m aja aman,size_recommendation,neutral
gen_06561,kak tb 177 bb 73 mending l aja,size_recommendation,neutral
gen_06562,min bb 88 tnggi 176 mending xl aja,size_recommendation,neutral
gen_06563,kak tinggi 161 bb 55 mending m aja,size_recommendation,negative
gen_06564,bang bb 74 tnggi 169 m aja udah pas,size_recommendation,neutral
gen_06565,kak bb 81 tinggi 172 mending l aja,size_recommendation,neutral
gen_06566,min tb 165 bb 59 m aja aman,size_recommendation,neutral
gen_06567,kak bb 91 tnggi 180 xl aja udah aman,size_recommendation,neutral
gen_06568,bang tinggi 166 bb 63 mending m aja,size_recommendation,neutral
gen_06569,kak tb 173 bb 68 pake l aja,size_recommendation,neutral
gen_06570,min bb 69 tnggi 162 m aja cukup,size_recommendation,neutral
gen_06571,kak bb 84 tinggi 175 l aja pas,size_recommendation,neutral
gen_06572,bang bb 77 tb 170 mending m aja,size_recommendation,neutral
gen_06573,kak bb 87 tnggi 178 xl aja aman,size_recommendation,neutral
gen_06574,min tinggi 164 bb 56 m aja,size_recommendation,neutral
gen_06575,kak tb 171 bb 69 mending m aja? m aja,size_recommendation,neutral
gen_06576,bang bb 72 tnggi 167 m aja udah aman,size_recommendation,neutral
gen_06577,kak bb 82 tinggi 174 l aja,size_recommendation,neutral
gen_06578,min bb 75 tb 168 mending m aja,size_recommendation,neutral
gen_06579,kak bb 89 tnggi 179 xl aja,size_recommendation,neutral
gen_06580,bang tinggi 169 bb 64 mending m aja,size_recommendation,neutral
gen_06581,kak tb 178 bb 75 l atau xl? l aja aman,size_recommendation,neutral
gen_06582,min bb 67 tnggi 160 m aja cukup,size_recommendation,neutral
gen_06583,kak bb 78 tinggi 173 l aja,size_recommendation,neutral
gen_06584,bang bb 86 tb 177 xl aja aman,size_recommendation,neutral
gen_06585,kak bb 63 tnggi 158 m aja,size_recommendation,neutral
gen_06586,min tinggi 172 bb 66 mending m aja,size_recommendation,neutral
gen_06587,bang bb 70 tinggi 165 mending m aja,size_recommendation,neutral
gen_06588,kak bb 79 tnggi 175 l aja,size_recommendation,neutral
gen_06589,min bb 85 tinggi 176 xl aja sih,size_recommendation,neutral
gen_06590,kak tb 167 bb 63 mending m aja,size_recommendation,neutral
gen_06591,bang bb 74 tnggi 168 m aja,size_recommendation,neutral
gen_06592,kak tinggi 173 bb 69 pake l aja,size_recommendation,positive
gen_06593,min bb 91 tnggi 181 xl aja aman,size_recommendation,neutral
gen_06594,kak tb 168 bb 58 m aja pas,size_recommendation,neutral
gen_06595,bang bb 76 tinggi 172 mending m aja,size_recommendation,neutral
gen_06596,kak bb 83 tb 173 l aja,size_recommendation,neutral
gen_06597,min bb 68 tnggi 164 m aja,size_recommendation,neutral
gen_06598,kak bb 80 tinggi 171 mending l aja,size_recommendation,neutral
gen_06599,bang bb 88 tnggi 176 xl aja,size_recommendation,neutral
gen_06600,kak bb 92 tnggi 180 xl aja,size_recommendation,neutral
gen_06601,min tinggi 163 bb 57 m aja,size_recommendation,neutral
gen_06602,kak bb 71 tnggi 166 m aja aman,size_recommendation,neutral
gen_06603,bang bb 84 tinggi 174 l aja,size_recommendation,neutral
gen_06604,min bb 65 tinggi 161 mending m aja,size_recommendation,neutral
gen_06605,kak tb 171 bb 67 l aja,size_recommendation,neutral
gen_06606,bang bb 73 tnggi 169 m aja,size_recommendation,neutral
gen_06607,kak bb 87 tinggi 175 xl aja,size_recommendation,neutral
gen_06608,min tb 176 bb 72 l atau xl? l aja,size_recommendation,neutral
gen_06609,kak bb 62 tnggi 156 mending s aja,size_recommendation,positive
gen_06610,bang bb 78 tinggi 170 mending m aja,size_recommendation,neutral
gen_06611,kak tb 181 bb 80 xl aja,size_recommendation,neutral
gen_06612,min bb 90 tnggi 177 xl aja aman,size_recommendation,neutral
gen_06613,kak bb 75 tb 174 mending m aja,size_recommendation,neutral
gen_06614,bang bb 82 tnggi 172 l aja,size_recommendation,neutral
gen_06615,kak bb 64 tinggi 159 m aja,size_recommendation,neutral
gen_06616,min bb 85 tnggi 173 l aja aman,size_recommendation,negative
gen_06617,kak tb 174 bb 67 pake l aja,size_recommendation,neutral
gen_06618,bang bb 72 tinggi 164 m aja,size_recommendation,neutral
gen_06619,kak bb 80 tnggi 176 mending l aja,size_recommendation,neutral
gen_06620,min bb 93 tnggi 182 xl aja,size_recommendation,neutral
gen_06621,kak bb 69 tb 168 m aja,size_recommendation,neutral
gen_06622,bang bb 86 tinggi 174 xl aja aman,size_recommendation,neutral
gen_06623,kak tb 177 bb 74 l aja,size_recommendation,neutral
gen_06624,min bb 76 tnggi 170 m aja,size_recommendation,neutral
gen_06625,kak bb 83 tinggi 175 l aja sih,size_recommendation,neutral
gen_06626,bang bb 66 tnggi 162 m aja,size_recommendation,neutral
gen_06627,kak bb 88 tinggi 179 xl aja,size_recommendation,neutral
gen_06628,min tb 179 bb 76 l aja,size_recommendation,neutral
gen_06629,kak bb 79 tnggi 173 mending m aja,size_recommendation,neutral
gen_06630,bang bb 74 tinggi 166 m aja,size_recommendation,neutral
gen_06631,kak bb 89 tnggi 180 xl aja,size_recommendation,neutral
gen_06632,min bb 61 tnggi 157 mending s aja,size_recommendation,neutral
gen_06633,kak bb 77 tinggi 172 m aja,size_recommendation,neutral
gen_06634,bang bb 84 tnggi 176 l aja aman,size_recommendation,neutral
gen_06635,kak bb 70 tnggi 163 m aja,size_recommendation,neutral
gen_06636,min bb 91 tnggi 179 xl aja,size_recommendation,neutral
gen_06637,kak tb 173 bb 72 l aja,size_recommendation,neutral
gen_06638,bang bb 68 tinggi 161 m aja,size_recommendation,neutral
gen_06639,kak bb 82 tnggi 178 l aja,size_recommendation,neutral
gen_06640,min bb 75 tnggi 167 m aja,size_recommendation,neutral
gen_06641,kak bb 90 tnggi 176 xl aja,size_recommendation,neutral
gen_06642,bang bb 66 tnggi 164 m aja,size_recommendation,neutral
gen_06643,kak bb 81 tnggi 174 l aja,size_recommendation,neutral
gen_06644,min bb 54 tnggi 152 s aja,size_recommendation,neutral
gen_06645,bang bb 87 tnggi 176 xl aja,size_recommendation,neutral
gen_06646,kak bb 59 tnggi 155 s aja,size_recommendation,neutral
gen_06647,min bb 79 tnggi 172 m aja,size_recommendation,neutral
gen_06648,kak bb 85 tnggi 178 l aja,size_recommendation,neutral
gen_06649,bang bb 73 tnggi 168 m aja,size_recommendation,neutral
gen_06650,kak bb 90 tnggi 179 xl aja,size_recommendation,neutral
gen_06651,min bb 65 tnggi 160 m aja,size_recommendation,neutral
gen_06652,kak bb 76 tnggi 173 m aja,size_recommendation,neutral
gen_06653,bang bb 88 tnggi 178 xl aja,size_recommendation,neutral
gen_06654,kak bb 68 tnggi 166 m aja,size_recommendation,neutral
gen_06655,min bb 84 tnggi 175 l aja,size_recommendation,neutral
gen_06656,kak bb 56 tnggi 153 s aja,size_recommendation,neutral
gen_06657,bang bb 72 tnggi 165 m aja,size_recommendation,neutral
gen_06658,kak bb 86 tnggi 177 xl aja,size_recommendation,neutral
gen_06659,min bb 67 tnggi 162 m aja,size_recommendation,neutral
gen_06660,kak tb 175 bb 71 pake l aja,size_recommendation,neutral
gen_06661,﻿kak bb 60 tb 156 buat kaos ambil s aja ya,size_recommendation,neutral
gen_06662,"bang tinggi 172 bb 68 mending m atau l, m aja aman",size_recommendation,neutral
gen_06663,kak 166 55 kg buat kemeja pake m aja,size_recommendation,neutral
gen_06664,min bb 84 tnggi 178 buat hoodie ambil l aja,size_recommendation,neutral
gen_06665,kak tb 170 bb 62 buat sweater m aja pas,size_recommendation,neutral
gen_06666,bang bb 76 tinggi 175 buat jogger l aja,size_recommendation,neutral
gen_06667,kak bb 63 tnggi 159 buat kaos polos s aja,size_recommendation,negative
gen_06668,min bb 80 tinggi 174 buat hoodie l aja,size_recommendation,neutral
gen_06669,kak tb 176 bb 73 buat sweater l aja aman,size_recommendation,neutral
gen_06670,bang bb 71 tnggi 165 buat kaos m aja,size_recommendation,neutral
gen_06671,kak bb 87 tinggi 178 buat hoodie xl aja,size_recommendation,neutral
gen_06672,min bb 66 tnggi 162 buat kemeja m aja,size_recommendation,neutral
gen_06673,kak tb 168 bb 59 buat kaos m aja,size_recommendation,neutral
gen_06674,bang bb 79 tnggi 172 buat jogger m aja,size_recommendation,neutral
gen_06675,kak bb 85 tinggi 176 buat hoodie l aja,size_recommendation,neutral
gen_06676,min tb 164 bb 55 buat sweater m aja,size_recommendation,neutral
gen_06677,kak bb 68 tnggi 166 buat kaos m aja,size_recommendation,neutral
gen_06678,bang bb 82 tinggi 171 buat hoodie l aja,size_recommendation,neutral
gen_06679,kak tb 174 bb 70 buat jogger l aja,size_recommendation,neutral
gen_06680,min bb 73 tnggi 163 buat kaos m aja,size_recommendation,neutral
gen_06681,kak bb 89 tinggi 177 buat hoodie xl aja,size_recommendation,neutral
gen_06682,bang tb 167 bb 62 buat kemeja m aja,size_recommendation,positive
gen_06683,kak bb 75 tnggi 170 buat kaos m aja,size_recommendation,neutral
gen_06684,min bb 81 tinggi 173 buat jogger l aja,size_recommendation,neutral
gen_06685,kak tb 179 bb 76 buat hoodie l aja,size_recommendation,neutral
gen_06686,bang bb 64 tnggi 158 buat kaos s aja,size_recommendation,neutral
gen_06687,kak bb 70 tinggi 166 buat kemeja m aja,size_recommendation,neutral
gen_06688,min tb 172 bb 66 buat sweater m aja,size_recommendation,neutral
gen_06689,kak bb 88 tnggi 175 buat hoodie xl aja,size_recommendation,neutral
gen_06690,bang bb 55 tnggi 153 buat kaos s aja,size_recommendation,neutral
gen_06691,kak tb 169 bb 65 buat jogger m aja,size_recommendation,negative
gen_06692,min bb 83 tinggi 168 buat hoodie m aja,size_recommendation,neutral
gen_06693,kak bb 77 tnggi 176 buat kaos l aja,size_recommendation,neutral
gen_06694,bang bb 92 tnggi 180 buat hoodie xl aja,size_recommendation,neutral
gen_06695,kak tb 165 bb 61 buat sweater m aja,size_recommendation,neutral
gen_06696,min bb 72 tnggi 165 buat kaos m aja,size_recommendation,neutral
gen_06697,kak bb 79 tinggi 173 buat jogger m aja,size_recommendation,neutral
gen_06698,bang tb 178 bb 75 buat hoodie l aja,size_recommendation,neutral
gen_06699,kak bb 69 tnggi 163 buat kemeja m aja,size_recommendation,neutral
gen_06700,min bb 86 tinggi 171 buat kaos l aja,size_recommendation,neutral
gen_06701,kak tb 171 bb 64 buat sweater m aja,size_recommendation,neutral
gen_06702,bang bb 74 tnggi 168 buat kaos m aja,size_recommendation,neutral
gen_06703,kak bb 90 tnggi 179 buat hoodie xl aja,size_recommendation,positive
gen_06704,min tinggi 162 bb 57 buat jogger m aja,size_recommendation,neutral
gen_06705,kak bb 62 tnggi 157 buat kaos s aja,size_recommendation,neutral
gen_06706,bang tb 176 bb 71 buat kemeja l aja,size_recommendation,neutral
gen_06707,kak bb 85 tnggi 172 buat kaos l aja,size_recommendation,neutral
gen_06708,min bb 58 tnggi 155 buat kaos s aja,size_recommendation,neutral
gen_06709,kak tb 174 bb 67 buat jogger l aja,size_recommendation,neutral
gen_06710,bang bb 82 tnggi 170 buat sweater l aja,size_recommendation,neutral
gen_06711,kak bb 67 tnggi 164 buat kaos m aja,size_recommendation,neutral
gen_06712,min bb 91 tnggi 181 buat hoodie xl aja,size_recommendation,neutral
gen_06713,"kak tb 183 bb 84 buat hoodie xl atau l, xl aja",size_recommendation,neutral
gen_06714,bang bb 76 tnggi 174 buat kaos m aja,size_recommendation,neutral
gen_06715,kak bb 88 tnggi 178 buat jogger l aja,size_recommendation,neutral
gen_06716,min tinggi 167 bb 63 buat kemeja m aja,size_recommendation,neutral
gen_06717,kak bb 71 tnggi 161 buat kaos m aja,size_recommendation,neutral
gen_06718,bang tb 172 bb 70 buat hoodie m aja,size_recommendation,neutral
gen_06719,kak bb 80 tnggi 169 buat sweeter m aja,size_recommendation,neutral
gen_06720,min bb 84 tnggi 177 buat kaos l aja,size_recommendation,neutral
gen_06721,kak tb 177 bb 72 buat hoodie l aja,size_recommendation,neutral
gen_06722,bang bb 65 tnggi 160 buat kaos m aja,size_recommendation,neutral
gen_06723,kak bb 73 tnggi 166 buat jogger m aja,size_recommendation,neutral
gen_06724,min bb 89 tnggi 176 buat hoodie xl aja,size_recommendation,negative
gen_06725,kak bb 59 tnggi 154 buat kaos s aja,size_recommendation,neutral
gen_06726,bang tb 169 bb 66 buat sweater m aja,size_recommendation,neutral
gen_06727,kak bb 78 tnggi 172 buat kemeja m aja,size_recommendation,neutral
gen_06728,min tinggi 165 bb 60 buat jogger m aja,size_recommendation,neutral
gen_06729,kak bb 87 tnggi 175 buat kaos l aja,size_recommendation,neutral
gen_06730,bang bb 70 tnggi 164 buat hoodie m aja,size_recommendation,neutral
gen_06731,kak bb 56 tnggi 152 buat kaos s aja,size_recommendation,neutral
gen_06732,min tb 173 bb 69 buat sweeter l aja,size_recommendation,neutral
gen_06733,kak bb 83 tnggi 172 buat hoodie m aja,size_recommendation,neutral
gen_06734,bang bb 75 tnggi 171 buat kaos m aja,size_recommendation,neutral
gen_06735,kak bb 92 tnggi 178 buat jogger xl aja,size_recommendation,neutral
gen_06736,min bb 54 tnggi 151 buat kaos s aja,size_recommendation,neutral
gen_06737,kak tb 166 bb 64 buat kemeja m aja,size_recommendation,neutral
gen_06738,bang bb 81 tnggi 173 buat sweeter l aja,size_recommendation,neutral
gen_06739,kak bb 45 tnggi 148 buat kaos s aja,size_recommendation,neutral
gen_06740,min bb 86 tnggi 173 buat jogger l aja,size_recommendation,neutral
gen_06741,kak tb 175 bb 74 buat hoodie l aja,size_recommendation,neutral
gen_06742,bang bb 68 tnggi 161 buat kaos m aja,size_recommendation,neutral
gen_06743,kak bb 90 tnggi 177 buat kemeja xl aja,size_recommendation,neutral
gen_06744,min bb 61 tnggi 156 buat kaos s aja,size_recommendation,neutral
gen_06745,kak tb 171 bb 68 buat sweater m aja,size_recommendation,neutral
gen_06746,bang bb 79 tnggi 176 buat jogger l aja,size_recommendation,neutral
gen_06747,kak bb 84 tnggi 170 buat hoodie m aja,size_recommendation,neutral
gen_06748,min bb 72 tnggi 169 buat kaos m aja,size_recommendation,neutral
gen_06749,kak bb 93 tnggi 183 buat hoodie xl aja,size_recommendation,neutral
gen_06750,bang tb 168 bb 63 buat kemeja m aja,size_recommendation,neutral
gen_06751,kak bb 77 tnggi 173 buat sweeter m aja,size_recommendation,neutral
gen_06752,min bb 66 tnggi 163 buat jogger m aja,size_recommendation,neutral
gen_06753,kak tb 181 bb 79 buat hoodie xl aja,size_recommendation,neutral
gen_06754,bang bb 85 tnggi 171 buat kaos l aja,size_recommendation,neutral
gen_06755,kak bb 57 tnggi 154 buat kaos s aja,size_recommendation,neutral
gen_06756,min bb 74 tnggi 167 buat kemeja m aja,size_recommendation,positive
gen_06757,kak tb 178 bb 73 buat jogger l aja,size_recommendation,neutral
gen_06758,bang bb 88 tnggi 179 buat hoodie xl aja,size_recommendation,neutral
gen_06759,kak bb 48 tnggi 150 buat kaos s aja,size_recommendation,neutral
gen_06760,min bb 69 tnggi 165 buat sweeter m aja,size_recommendation,neutral
gen_06761,kak tb 173 bb 66 buat kaos m aja,size_recommendation,neutral
gen_06762,bang bb 82 tnggi 175 buat hoodie l aja,size_recommendation,neutral
gen_06763,kak bb 91 tnggi 180 buat jogger xl aja,size_recommendation,neutral
gen_06764,min bb 63 tnggi 159 buat kaos s aja,size_recommendation,neutral
gen_06765,kak tb 167 bb 61 buat kemeja m aja,size_recommendation,neutral
gen_06766,bang bb 76 tnggi 172 buat sweeter m aja,size_recommendation,neutral
gen_06767,kak bb 86 tnggi 174 buat hoodie m aja,size_recommendation,neutral
gen_06768,min bb 52 tnggi 149 buat kaos s aja,size_recommendation,neutral
gen_06769,kak tb 176 bb 72 buat jogger l aja,size_recommendation,neutral
gen_06770,bang bb 80 tnggi 170 buat kaos m aja,size_recommendation,neutral
gen_06771,kak bb 89 tnggi 177 buat hoodie l aja,size_recommendation,neutral
gen_06772,min bb 67 tnggi 162 buat sweeter m aja,size_recommendation,neutral
gen_06773,kak tb 180 bb 78 buat hoodie xl aja,size_recommendation,neutral
gen_06774,bang bb 73 tnggi 169 buat kemeja m aja,size_recommendation,neutral
gen_06775,kak bb 78 tnggi 175 buat kaos m aja,size_recommendation,neutral
gen_06776,min tinggi 163 bb 58 buat jogger m aja,size_recommendation,neutral
gen_06777,"﻿kak kalo bb 77 tnggi 170, pake m aja udah aman kok",size_recommendation,neutral
gen_06778,"bang kalo tinggi 165 bb 59, mending s aja sih",size_recommendation,neutral
gen_06779,"kak bb 83 tb 174, l aja aman buat badan kamu",size_recommendation,neutral
gen_06780,"min kalo bb 70 tnggi 166, m aja biar ga kedodoran",size_recommendation,neutral
gen_06781,kak tb 172 bb 66 mending m atau l? m aja deh,size_recommendation,neutral
gen_06782,"bang kalo bb 88 tnggi 177, xl aja udah pas",size_recommendation,neutral
gen_06783,"kak tinggi 168 bb 64, m aja cukup nyaman",size_recommendation,neutral
gen_06784,"min kalo bb 74 tnggi 169, m aja aman",size_recommendation,positive
gen_06785,"kak bb 91 tnggi 180, xl aja buat jaga jaga",size_recommendation,neutral
gen_06786,"bang kalo tb 173 bb 68, l aja sih biar leluasa",size_recommendation,neutral
gen_06787,"kak bb 67 tnggi 161, m aja udah pas",size_recommendation,neutral
gen_06788,"min kalo tinggi 175 bb 71, l aja aman",size_recommendation,neutral
gen_06789,"kak tb 166 bb 57, m aja deh buat aman",size_recommendation,neutral
gen_06790,"bang kalo bb 79 tnggi 173, l aja udah nyaman",size_recommendation,neutral
gen_06791,"kak bb 85 tinggi 176, l aja buat nafas lega",size_recommendation,neutral
gen_06792,"min kalo bb 62 tnggi 157, s aja cukup",size_recommendation,neutral
gen_06793,"kak tb 178 bb 76, l aja udah pas",size_recommendation,neutral
gen_06794,"bang kalo bb 71 tnggi 167, m aja aman",size_recommendation,neutral
gen_06795,"kak tinggi 162 bb 53, m aja sih biar aman",size_recommendation,neutral
gen_06796,"min kalo bb 86 tnggi 175, l aja udah aman",size_recommendation,neutral
gen_06797,"kak tb 170 bb 60, m aja udah nyaman",size_recommendation,neutral
gen_06798,"bang kalo bb 81 tnggi 172, l aja biar aman",size_recommendation,neutral
gen_06799,"kak bb 65 tnggi 160, m aja cukup",size_recommendation,neutral
gen_06800,"min kalo tb 175 bb 69, l aja aman banget",size_recommendation,neutral
gen_06801,"kak bb 89 tnggi 178, xl aja biar aman",size_recommendation,neutral
gen_06802,"bang kalo tinggi 164 bb 56, m aja udah pas",size_recommendation,neutral
gen_06803,"kak tb 169 bb 65, m aja sih udah cukup",size_recommendation,neutral
gen_06804,"min kalo bb 73 tnggi 168, m aja aman",size_recommendation,neutral
gen_06805,"kak bb 82 tinggi 170, l aja udah nyaman",size_recommendation,neutral
gen_06806,"bang kalo tb 174 bb 72, l aja aman",size_recommendation,neutral
gen_06807,"kak bb 60 tnggi 158, s aja cukup",size_recommendation,neutral
gen_06808,"min kalo tinggi 170 bb 67, m aja udah pas",size_recommendation,positive
gen_06809,"kak tb 172 bb 61, m aja deh",size_recommendation,neutral
gen_06810,"bang kalo bb 84 tnggi 173, l aja aman",size_recommendation,neutral
gen_06811,"kak bb 75 tinggi 168, m aja udah aman",size_recommendation,neutral
gen_06812,"min kalo tb 177 bb 74, l aja biar aman",size_recommendation,neutral
gen_06813,"kak bb 92 tnggi 181, xl aja udah pas",size_recommendation,neutral
gen_06814,"bang kalo bb 68 tnggi 163, m aja cukup",size_recommendation,neutral
gen_06815,"kak tinggi 166 bb 55, m aja sih",size_recommendation,neutral
gen_06816,"min kalo bb 87 tnggi 176, l aja aman",size_recommendation,neutral
gen_06817,"kak tb 173 bb 70, l aja biar aman",size_recommendation,neutral
gen_06818,"bang kalo bb 76 tnggi 171, m aja udah pas",size_recommendation,neutral
gen_06819,"kak bb 64 tnggi 162, m aja cukup",size_recommendation,neutral
gen_06820,"min kalo tinggi 168 bb 62, m aja aman",size_recommendation,neutral
gen_06821,"kak tb 179 bb 77, xl aja biar aman",size_recommendation,neutral
gen_06822,"bang kalo bb 72 tnggi 166, m aja deh",size_recommendation,neutral
gen_06823,"kak bb 80 tinggi 175, l aja udah aman",size_recommendation,neutral
gen_06824,"min kalo tb 170 bb 68, l aja sih",size_recommendation,neutral
gen_06825,"kak bb 69 tnggi 164, m aja cukup",size_recommendation,neutral
gen_06826,"bang kalo tinggi 172 bb 63, m aja aman",size_recommendation,neutral
gen_06827,"kak tb 176 bb 72, l aja udah pas",size_recommendation,positive
gen_06828,"min kalo bb 78 tnggi 170, m aja deh",size_recommendation,neutral
gen_06829,"kak bb 90 tnggi 179, xl aja aman",size_recommendation,neutral
gen_06830,"bang kalo tb 171 bb 66, m aja udah aman",size_recommendation,neutral
gen_06831,"kak bb 63 tnggi 159, m aja cukup",size_recommendation,neutral
gen_06832,"min kalo tinggi 165 bb 61, m aja deh",size_recommendation,neutral
gen_06833,"kak tb 180 bb 78, xl aja biar aman",size_recommendation,negative
gen_06834,"bang kalo bb 85 tnggi 172, l aja aman",size_recommendation,neutral
gen_06835,"kak bb 58 tnggi 155, s aja cukup",size_recommendation,neutral
gen_06836,"min kalo tb 175 bb 73, l aja udah aman",size_recommendation,neutral
gen_06837,"kak bb 82 tinggi 174, l aja deh",size_recommendation,neutral
gen_06838,"bang kalo bb 74 tnggi 169, m aja biar pas",size_recommendation,neutral
gen_06839,"kak tb 167 bb 60, m aja aman",size_recommendation,neutral
gen_06840,"min kalo bb 88 tnggi 177, xl aja udah aman",size_recommendation,neutral
gen_06841,"kak bb 66 tnggi 163, m aja cukup",size_recommendation,neutral
gen_06842,"bang kalo tinggi 171 bb 65, m aja deh",size_recommendation,neutral
gen_06843,"kak tb 174 bb 71, l aja udah pas",size_recommendation,neutral
gen_06844,"min kalo bb 79 tnggi 175, l aja aman",size_recommendation,neutral
gen_06845,"kak bb 91 tnggi 178, xl aja biar aman",size_recommendation,neutral
gen_06846,"bang kalo tb 169 bb 63, m aja cukup",size_recommendation,neutral
gen_06847,"kak bb 70 tinggi 165, m aja udah pas",size_recommendation,neutral
gen_06848,"min kalo tinggi 173 bb 67, m aja deh",size_recommendation,neutral
gen_06849,"kak tb 177 bb 71, l aja aman",size_recommendation,neutral
gen_06850,"bang kalo bb 83 tnggi 176, l aja sih",size_recommendation,neutral
gen_06851,"kak bb 61 tnggi 158, s aja udah cukup",size_recommendation,neutral
gen_06852,"min kalo tb 171 bb 68, l aja deh",size_recommendation,neutral
gen_06853,"kak bb 86 tinggi 173, l aja udah aman",size_recommendation,neutral
gen_06854,"bang kalo bb 77 tnggi 172, m aja deh",size_recommendation,negative
gen_06855,"kak tb 168 bb 61, m aja aman",size_recommendation,neutral
gen_06856,"min kalo bb 92 tnggi 179, xl aja udah pas",size_recommendation,neutral
gen_06857,"kak bb 65 tnggi 162, m aja cukup",size_recommendation,neutral
gen_06858,"bang kalo tinggi 169 bb 66, m aja deh",size_recommendation,neutral
gen_06859,"kak tb 174 bb 69, l aja aman",size_recommendation,neutral
gen_06860,"min kalo bb 80 tnggi 173, l aja udah pas",size_recommendation,neutral
gen_06861,"kak bb 72 tinggi 168, m aja sih",size_recommendation,neutral
gen_06862,"bang kalo tb 176 bb 70, l aja aman",size_recommendation,neutral
gen_06863,"kak bb 89 tnggi 175, xl aja deh",size_recommendation,neutral
gen_06864,"min kalo bb 67 tnggi 164, m aja cukup",size_recommendation,neutral
gen_06865,"kak tb 172 bb 65, m aja deh",size_recommendation,neutral
gen_06866,"bang kalo bb 84 tnggi 171, l aja aman",size_recommendation,neutral
gen_06867,"kak bb 75 tinggi 172, m aja udah pas",size_recommendation,neutral
gen_06868,"min kalo tb 178 bb 74, l aja aman",size_recommendation,neutral
gen_06869,"kak bb 90 tnggi 177, xl aja biar pas",size_recommendation,neutral
gen_06870,"bang kalo bb 71 tnggi 166, m aja aman",size_recommendation,neutral
gen_06871,"kak tb 166 bb 59, m aja deh",size_recommendation,neutral
gen_06872,"min kalo bb 86 tnggi 174, l aja aman",size_recommendation,neutral
gen_06873,"kak bb 59 tnggi 156, s aja udah cukup",size_recommendation,neutral
gen_06874,"bang kalo tinggi 175 bb 67, m aja sih",size_recommendation,neutral
gen_06875,"kak tb 180 bb 79, xl aja aman",size_recommendation,neutral
gen_06876,"min kalo bb 82 tnggi 172, l aja deh",size_recommendation,neutral
gen_06877,"kak bb 73 tinggi 170, m aja udah pas",size_recommendation,neutral
gen_06878,"bang kalo tb 169 bb 62, m aja aman",size_recommendation,neutral
gen_06879,"kak bb 88 tnggi 176, xl aja deh",size_recommendation,neutral
gen_06880,"min kalo bb 76 tnggi 169, m aja aman",size_recommendation,neutral
gen_06881,"kak tb 173 bb 72, l aja deh",size_recommendation,neutral
gen_06882,"bang kalo bb 68 tnggi 160, m aja udah aman",size_recommendation,neutral
gen_06883,"kak bb 81 tinggi 175, l aja biar aman",size_recommendation,neutral
gen_06884,"min kalo tb 171 bb 64, m aja deh",size_recommendation,neutral
gen_06885,"kak bb 85 tnggi 173, l aja aman",size_recommendation,negative
gen_06886,"﻿kak kalo 170 cm 63 kg, m aja saya saranin",size_recommendation,neutral
gen_06887,"bang kalo bb 82 tb 175, l aja pas buat lo",size_recommendation,neutral
gen_06888,"kak 165 cm 57 kg, m aja udah nyaman",size_recommendation,neutral
gen_06889,"min kalo 173 cm 70 kg, l aja aman",size_recommendation,neutral
gen_06890,"kak 178 cm 75 kg, l atau xl sih, l aja",size_recommendation,neutral
gen_06891,"bang kalo 160 cm 51 kg, s aja cukup",size_recommendation,neutral
gen_06892,"kak 168 cm 62 kg, m aja sih udah pas",size_recommendation,neutral
gen_06893,"min kalo 172 cm 68 kg, m aja aman",size_recommendation,neutral
gen_06894,"kak 176 cm 72 kg, l aja biar pas",size_recommendation,neutral
gen_06895,"bang kalo 161 cm 54 kg, m aja deh",size_recommendation,neutral
gen_06896,"kak 169 cm 65 kg, m aja udah aman",size_recommendation,neutral
gen_06897,"min kalo 175 cm 73 kg, l aja sih",size_recommendation,neutral
gen_06898,"kak 167 cm 60 kg, m aja cukup",size_recommendation,neutral
gen_06899,"bang kalo 171 cm 66 kg, m aja aman",size_recommendation,neutral
gen_06900,"kak 179 cm 77 kg, xl aja biar aman",size_recommendation,neutral
gen_06901,"min kalo 163 cm 55 kg, m aja deh",size_recommendation,neutral
gen_06902,"kak 174 cm 69 kg, l aja udah pas",size_recommendation,neutral
gen_06903,"bang kalo 166 cm 58 kg, m aja cukup",size_recommendation,neutral
gen_06904,"kak 177 cm 74 kg, l aja aman",size_recommendation,neutral
gen_06905,"min kalo 162 cm 53 kg, s atau m? m aja",size_recommendation,neutral
gen_06906,"kak 180 cm 79 kg, xl aja biar aman",size_recommendation,neutral
gen_06907,"bang kalo 164 cm 56 kg, m aja deh",size_recommendation,neutral
gen_06908,"kak 170 cm 65 kg, m aja udah pas",size_recommendation,neutral
gen_06909,"min kalo 175 cm 71 kg, l aja aman",size_recommendation,neutral
gen_06910,"kak 168 cm 63 kg, m aja cukup",size_recommendation,neutral
gen_06911,"bang kalo 173 cm 67 kg, m aja deh",size_recommendation,neutral
gen_06912,"kak 179 cm 76 kg, l aja biar pas",size_recommendation,neutral
gen_06913,"min kalo 165 cm 59 kg, m aja udah aman",size_recommendation,neutral
gen_06914,"kak 172 cm 70 kg, l aja sih",size_recommendation,neutral
gen_06915,"bang kalo 161 cm 52 kg, s aja cukup",size_recommendation,neutral
gen_06916,"kak 176 cm 73 kg, l aja aman",size_recommendation,neutral
gen_06917,"min kalo 169 cm 61 kg, m aja deh",size_recommendation,neutral
gen_06918,"kak 181 cm 80 kg, xl aja biar aman",size_recommendation,neutral
gen_06919,"bang kalo 166 cm 57 kg, m aja cukup",size_recommendation,neutral
gen_06920,"kak 174 cm 68 kg, l aja udah pas",size_recommendation,neutral
gen_06921,"min kalo 167 cm 59 kg, m aja aman",size_recommendation,neutral
gen_06922,"kak 178 cm 75 kg, l aja sih udah pas",size_recommendation,neutral
gen_06923,"bang kalo 162 cm 55 kg, m aja deh",size_recommendation,neutral
gen_06924,"kak 171 cm 67 kg, l aja biar pas",size_recommendation,neutral
gen_06925,"min kalo 177 cm 72 kg, l aja aman",size_recommendation,neutral
gen_06926,"kak 164 cm 54 kg, m aja cukup",size_recommendation,neutral
gen_06927,"bang kalo 180 cm 78 kg, xl aja deh",size_recommendation,neutral
gen_06928,"kak 168 cm 61 kg, m aja udah aman",size_recommendation,neutral
gen_06929,"min kalo 173 cm 68 kg, m aja sih",size_recommendation,neutral
gen_06930,"kak 175 cm 74 kg, l aja aman",size_recommendation,neutral
gen_06931,"bang kalo 160 cm 50 kg, s aja cukup",size_recommendation,neutral
gen_06932,"kak 170 cm 66 kg, m aja deh",size_recommendation,neutral
gen_06933,"min kalo 179 cm 78 kg, xl aja biar aman",size_recommendation,neutral
gen_06934,"kak 165 cm 58 kg, m aja udah pas",size_recommendation,positive
gen_06935,"bang kalo 172 cm 65 kg, m aja aman",size_recommendation,neutral
gen_06936,"kak 176 cm 71 kg, l aja deh",size_recommendation,neutral
gen_06937,"min kalo 166 cm 56 kg, m aja cukup",size_recommendation,neutral
gen_06938,"kak 181 cm 81 kg, xl aja udah aman",size_recommendation,neutral
gen_06939,"bang kalo 169 cm 63 kg, m aja sih",size_recommendation,neutral
gen_06940,"kak 174 cm 70 kg, l aja biar pas",size_recommendation,neutral
gen_06941,"min kalo 163 cm 53 kg, m aja aman",size_recommendation,neutral
gen_06942,"kak 177 cm 73 kg, l aja deh",size_recommendation,neutral
gen_06943,"bang kalo 167 cm 62 kg, m aja udah pas",size_recommendation,neutral
gen_06944,"kak 159 cm 49 kg, s aja cukup",size_recommendation,neutral
gen_06945,"min kalo 175 cm 72 kg, l aja aman",size_recommendation,neutral
gen_06946,"kak 171 cm 68 kg, l aja sih",size_recommendation,neutral
gen_06947,"bang kalo 178 cm 76 kg, xl aja deh",size_recommendation,neutral
gen_06948,"kak 162 cm 54 kg, s atau m? s aja",size_recommendation,positive
gen_06949,"min kalo 165 cm 60 kg, m aja udah pas",size_recommendation,neutral
gen_06950,"kak 172 cm 69 kg, l aja aman",size_recommendation,neutral
gen_06951,"bang kalo 180 cm 80 kg, xl aja biar aman",size_recommendation,neutral
gen_06952,"kak 168 cm 60 kg, m aja deh",size_recommendation,neutral
gen_06953,"min kalo 174 cm 71 kg, l aja udah pas",size_recommendation,neutral
gen_06954,"kak 170 cm 64 kg, m aja cukup",size_recommendation,neutral
gen_06955,"bang kalo 160 cm 53 kg, s aja man",size_recommendation,neutral
gen_06956,"kak 176 cm 74 kg, l aja biar pas",size_recommendation,neutral
gen_06957,"min kalo 169 cm 62 kg, m aja aman",size_recommendation,positive
gen_06958,"kak 179 cm 77 kg, xl aja deh",size_recommendation,neutral
gen_06959,"bang kalo 164 cm 57 kg, m aja cukup",size_recommendation,neutral
gen_06960,"kak 173 cm 66 kg, m aja udah pas",size_recommendation,neutral
gen_06961,"min kalo 181 cm 82 kg, xl aja aman",size_recommendation,neutral
gen_06962,"kak 166 cm 59 kg, m aja deh",size_recommendation,neutral
gen_06963,"bang kalo 175 cm 70 kg, l aja sih",size_recommendation,neutral
gen_06964,"kak 171 cm 65 kg, m aja biar pas",size_recommendation,neutral
gen_06965,"min kalo 178 cm 73 kg, l aja aman",size_recommendation,neutral
gen_06966,"kak 163 cm 56 kg, m aja cukup",size_recommendation,neutral
gen_06967,"bang kalo 167 cm 61 kg, m aja deh",size_recommendation,neutral
gen_06968,"kak 180 cm 79 kg, xl aja udah aman",size_recommendation,neutral
gen_06969,"min kalo 172 cm 67 kg, m aja sih",size_recommendation,negative
gen_06970,"bang kalo 161 cm 55 kg, m aja deh",size_recommendation,neutral
gen_06971,"kak 169 cm 64 kg, m aja aman",size_recommendation,neutral
gen_06972,"min kalo 174 cm 69 kg, l aja cukup",size_recommendation,neutral
gen_06973,"kak 159 cm 51 kg, s aja deh",size_recommendation,neutral
gen_06974,"bang kalo 177 cm 74 kg, l aja aman",size_recommendation,neutral
gen_06975,"kak 165 cm 61 kg, m aja biar pas",size_recommendation,neutral
gen_06976,"min kalo 182 cm 83 kg, xl aja aman",size_recommendation,neutral
gen_06977,"kak 170 cm 63 kg, m aja deh cukup",size_recommendation,negative
gen_06978,"bang kalo 175 cm 69 kg, l aja udah pas",size_recommendation,neutral
gen_06979,"kak 168 cm 62 kg, m aja aman",size_recommendation,neutral
gen_06980,"min kalo 163 cm 58 kg, m aja sih",size_recommendation,neutral
gen_06981,"kak 179 cm 76 kg, l aja biar aman",size_recommendation,neutral
gen_06982,"bang kalo 166 cm 60 kg, m aja deh",size_recommendation,neutral
gen_06983,"kak 172 cm 68 kg, l aja sih aman",size_recommendation,neutral
gen_06984,"min kalo 181 cm 80 kg, xl aja biar aman",size_recommendation,neutral
gen_06985,"kak 164 cm 55 kg, m aja udah pas",size_recommendation,neutral
gen_06986,"bang kalo 176 cm 73 kg, l aja deh",size_recommendation,neutral
gen_06987,"kak 170 cm 67 kg, l aja biar pas",size_recommendation,neutral
gen_06988,"min kalo 162 cm 52 kg, m aja cukup",size_recommendation,neutral
gen_06989,"kak 180 cm 81 kg, xl aja deh aman",size_recommendation,neutral
gen_06990,"kak 163 cm 54 kg, m aja udah aman",size_recommendation,neutral
gen_06991,"bang kalo 171 cm 69 kg, l aja biar pas",size_recommendation,neutral
gen_06992,"min kalo 168 cm 58 kg, m aja cukup aman",size_recommendation,negative
gen_06993,"kak 178 cm 74 kg, l aja deh aman",size_recommendation,neutral
gen_06994,"bang kalo 160 cm 52 kg, s aja cukup aman",size_recommendation,neutral
gen_06995,"kak 175 cm 68 kg, l aja udah cukup pas",size_recommendation,neutral
gen_06996,"min kalo 169 cm 66 kg, m aja biar aman",size_recommendation,neutral
gen_06997,"kak 180 cm 78 kg, xl aja deh cukup",size_recommendation,neutral
gen_06998,"bang kalo 166 cm 61 kg, m aja aman pas",size_recommendation,neutral
gen_06999,"kak 174 cm 66 kg, l aja biar nyaman",size_recommendation,neutral
gen_07000,"min kalo 162 cm 53 kg, m aja cukup nyaman",size_recommendation,neutral
gen_07001,﻿kak eta 1 msh ad gak,stock_availability,positive
gen_07002,warna item masih ready ngga min,stock_availability,neutral
gen_07003,kapan restock yg hitam kk,stock_availability,neutral
gen_07004,size m yang coklat masih ad bang?,stock_availability,neutral
gen_07005,stok 5.5 nya masih ad ka,stock_availability,neutral
gen_07006,etalase 3 ready semua kah,stock_availability,neutral
gen_07007,kak 5 masih ready gak?,stock_availability,neutral
gen_07008,eta 10 yang abu2 abis belum,stock_availability,neutral
gen_07009,masih ad ga bang yang ukuran L,stock_availability,neutral
gen_07010,kak putih ready?,stock_availability,neutral
gen_07011,stok xxl masih ada gak min,stock_availability,neutral
gen_07012,kapan masuk lg yg navy,stock_availability,neutral
gen_07013,eta 8 msh full kak,stock_availability,neutral
gen_07014,warna merah habis blm bang,stock_availability,neutral
gen_07015,kak yang biru masih ready?,stock_availability,neutral
gen_07016,baju di etalase 12 masih ad ga ka,stock_availability,neutral
gen_07017,min size s msh ready kan,stock_availability,neutral
gen_07018,msh ad gak yang hitam full,stock_availability,neutral
gen_07019,eta 15 stoknya masih aman?,stock_availability,neutral
gen_07020,kak 6 yang coklat msh ad?,stock_availability,neutral
gen_07021,abis blm yg size 28 bang,stock_availability,neutral
gen_07022,kak hoodie etalase 4 msh ready?,stock_availability,neutral
gen_07023,stok pink masih ad ngga kk,stock_availability,neutral
gen_07024,kapan restock yg abu abu min,stock_availability,neutral
gen_07025,eta 2 msh ad gak bg,stock_availability,neutral
gen_07026,kak cream ready semua?,stock_availability,neutral
gen_07027,size xl msh ada gak bang,stock_availability,neutral
gen_07028,warna navy masih ready ngga?,stock_availability,neutral
gen_07029,kak 9 yg putih stok msh ad,stock_availability,neutral
gen_07030,etalase 20 abis belum kak,stock_availability,neutral
gen_07031,msh ready gak ka yang uk 30,stock_availability,neutral
gen_07032,kak hijau msh ad?,stock_availability,neutral
gen_07033,stock jeans 32 masih ada ngga min,stock_availability,neutral
gen_07034,kapan ready lg warna item,stock_availability,neutral
gen_07035,eta 7 ready semua kan kak,stock_availability,neutral
gen_07036,kak msh ad yg coklat size m,stock_availability,neutral
gen_07037,stoknya msh aman gak bang etalase 1?,stock_availability,neutral
gen_07038,kak 11 warna ungu masih ad gk,stock_availability,neutral
gen_07039,size L msh ready kk?,stock_availability,neutral
gen_07040,abis blm etalase 14 kak,stock_availability,neutral
gen_07041,kak putih etalase 5 msh ada?,stock_availability,neutral
gen_07042,masih ready ngga yg warna biru min,stock_availability,neutral
gen_07043,kak 6 stock masih penuh?,stock_availability,neutral
gen_07044,kapan restock kaos hitam bang,stock_availability,neutral
gen_07045,eta 9 yg abu2 msh ad gak,stock_availability,neutral
gen_07046,kak msh ready yg size s gk,stock_availability,neutral
gen_07047,warna cream masih ad ga ka?,stock_availability,neutral
gen_07048,etalase 2 abis belum bg,stock_availability,neutral
gen_07049,kak 13 yg navy msh ad?,stock_availability,neutral
gen_07050,stok 34 masih ready gak min,stock_availability,neutral
gen_07051,size m yg putih ready ka,stock_availability,neutral
gen_07052,kak item etalase 16 msh ad ga?,stock_availability,neutral
gen_07053,kapan masuk lg yang coklat kk,stock_availability,neutral
gen_07054,msh ad gak yg abu2 size xl bang,stock_availability,neutral
gen_07055,kak 18 msh ready semua?,stock_availability,neutral
gen_07056,warna hijau stok msh ad min,stock_availability,neutral
gen_07057,etalase 19 abis blm kak,stock_availability,neutral
gen_07058,kak yg 28 msh ad ga?,stock_availability,neutral
gen_07059,size s yg hitam ready bg?,stock_availability,neutral
gen_07060,kak 21 warna biru masih ad?,stock_availability,neutral
gen_07061,stok msh aman gak eta 1 min,stock_availability,neutral
gen_07062,kak abu2 etalase 22 ready?,stock_availability,neutral
gen_07063,kapan restock size xl bg,stock_availability,neutral
gen_07064,msh ad yg merah ukuran m kak?,stock_availability,neutral
gen_07065,kak 24 yang putih msh ad gak,stock_availability,neutral
gen_07066,warna navy masih ready kk?,stock_availability,neutral
gen_07067,etalase 25 abis belum ka,stock_availability,neutral
gen_07068,kak size m stok msh ad?,stock_availability,positive
gen_07069,yg hitam etalase 17 msh ready bang,stock_availability,neutral
gen_07070,kak 26 warna cream masih ad?,stock_availability,neutral
gen_07071,stok 2xl ready gak min,stock_availability,neutral
gen_07072,kapan ready lagi yg pink kak,stock_availability,neutral
gen_07073,eta 27 msh full gak bg,stock_availability,neutral
gen_07074,kak ungu etalase 28 masih ad?,stock_availability,neutral
gen_07075,size xl yg abu msh ad ka,stock_availability,neutral
gen_07076,kak 29 yg coklat ready gk,stock_availability,neutral
gen_07077,warna putih stok abis belum min,stock_availability,neutral
gen_07078,eta 30 msh ad gak kak,stock_availability,neutral
gen_07079,kak jeans 30 msh ready?,stock_availability,neutral
gen_07080,kapan restock yg navy bg,stock_availability,neutral
gen_07081,etalase 1 masih full gak kk,stock_availability,neutral
gen_07082,kak size l yg biru msh ad?,stock_availability,neutral
gen_07083,warna hitam msh ad ga ka?,stock_availability,neutral
gen_07084,stok 31 msh aman gak min,stock_availability,neutral
gen_07085,kak 3 yg hijau ready?,stock_availability,neutral
gen_07086,abis belum yg abu2 size xl,stock_availability,neutral
gen_07087,kak putih size m msh ad gk,stock_availability,neutral
gen_07088,eta 5 msh ready semua kak,stock_availability,neutral
gen_07089,kapan masuk yg warna merah bang,stock_availability,neutral
gen_07090,kak 6 yg navy msh ad ga?,stock_availability,neutral
gen_07091,stok L masih ready ngga min,stock_availability,neutral
gen_07092,kak etalase 7 item ready?,stock_availability,neutral
gen_07093,warna cream msh ad ka?,stock_availability,neutral
gen_07094,kak 8 yg ukuran 32 masih ad?,stock_availability,positive
gen_07095,eta 11 abis blm kak,stock_availability,positive
gen_07096,kak 12 yang pink msh ready?,stock_availability,neutral
gen_07097,stok ungu masih ad gak bang,stock_availability,neutral
gen_07098,kak 14 size s ready gak,stock_availability,neutral
gen_07099,warna coklat etalase 15 masih ad min,stock_availability,neutral
gen_07100,kak 17 yg abu2 stok msh ad?,stock_availability,neutral
gen_07101,eta 18 msh full gak kak,stock_availability,neutral
gen_07102,kak 19 putih masih ready?,stock_availability,neutral
gen_07103,warna navy size l msh ad gk,stock_availability,neutral
gen_07104,kak 20 yg hijau ready min,stock_availability,neutral
gen_07105,stok msh ad ga etalase 21,stock_availability,neutral
gen_07106,kak 22 yg item masih ready?,stock_availability,neutral
gen_07107,kapan restock yg pink ka,stock_availability,neutral
gen_07108,eta 23 abis belum kak,stock_availability,neutral
gen_07109,kak 24 warna cream msh ad?,stock_availability,neutral
gen_07110,stok xl etalase 25 ready bg,stock_availability,neutral
gen_07111,kak 26 yg biru masih ad gk,stock_availability,neutral
gen_07112,warna abu2 msh ready min,stock_availability,neutral
gen_07113,kak 27 size m stok msh ad?,stock_availability,neutral
gen_07114,eta 28 yg coklat ready bang,stock_availability,neutral
gen_07115,kak 29 putih msh ad ga?,stock_availability,positive
gen_07116,kapan masuk lg yg ungu kak,stock_availability,neutral
gen_07117,etalase 30 abis belum min,stock_availability,neutral
gen_07118,kak 2 yg hitam msh ready?,stock_availability,neutral
gen_07119,stok msh aman gak yg item,stock_availability,neutral
gen_07120,kak 4 yg cream masih ad?,stock_availability,neutral
gen_07121,warna hijau etalase 6 msh ad ka,stock_availability,neutral
gen_07122,kak 8 yg navy ready gak,stock_availability,neutral
gen_07123,eta 9 abis blm bang,stock_availability,neutral
gen_07124,kak 10 size l yg putih msh ad?,stock_availability,neutral
gen_07125,stok 2xl masih ready min,stock_availability,neutral
gen_07126,kak 12 yg merah etalase 13 ad?,stock_availability,negative
gen_07127,warna biru msh ready gk,stock_availability,neutral
gen_07128,kak 14 item size s masih ad?,stock_availability,neutral
gen_07129,eta 15 yg abu2 stok msh ad kak,stock_availability,neutral
gen_07130,kak 16 yg coklat ready min,stock_availability,neutral
gen_07131,kapan restock yg putih size xl bg,stock_availability,positive
gen_07132,kak 18 warna pink msh ad?,stock_availability,neutral
gen_07133,stok etalase 19 msh aman gak ka,stock_availability,neutral
gen_07134,kak 20 yg hijau msh ready?,stock_availability,neutral
gen_07135,eta 21 yg ungu abis belum kak,stock_availability,neutral
gen_07136,kak 22 size 28 masih ad?,stock_availability,neutral
gen_07137,warna cream etalase 23 ready min,stock_availability,neutral
gen_07138,kak 24 yg navy stok msh ad gk,stock_availability,neutral
gen_07139,kapan masuk yg abu2 bang,stock_availability,neutral
gen_07140,eta 25 yg item msh ad kak,stock_availability,neutral
gen_07141,kak 26 warna biru ready?,stock_availability,neutral
gen_07142,stok msh ad gak size m min,stock_availability,neutral
gen_07143,kak 27 yg putih etalase 28 ad?,stock_availability,neutral
gen_07144,warna merah msh ready kak,stock_availability,neutral
gen_07145,kak 29 size xl yg coklat ad gk,stock_availability,neutral
gen_07146,eta 30 yg hijau msh ad min,stock_availability,neutral
gen_07147,kak 1 warna abu2 stok ready?,stock_availability,neutral
gen_07148,kapan restock yg navy size l bg,stock_availability,neutral
gen_07149,kak 3 yg pink msh ad?,stock_availability,neutral
gen_07150,eta 4 abis blm min,stock_availability,neutral
gen_07151,kak 5 yg ungu masih ready?,stock_availability,neutral
gen_07152,stok 30 etalase 7 msh ad kak,stock_availability,neutral
gen_07153,kak 8 item size l ready gak,stock_availability,neutral
gen_07154,warna cream etalase 9 msh ad min,stock_availability,neutral
gen_07155,kak 10 yg biru msh ready?,stock_availability,negative
gen_07156,eta 11 yg hitam stok msh ad kak,stock_availability,neutral
gen_07157,kak 12 warna hijau msh ad gk,stock_availability,neutral
gen_07158,kapan masuk yg merah size m min,stock_availability,neutral
gen_07159,kak 13 yg abu2 ready bg,stock_availability,neutral
gen_07160,eta 14 yg coklat abis belum kak,stock_availability,neutral
gen_07161,kak 15 item masih ad?,stock_availability,negative
gen_07162,warna navy etalase 16 msh ad ka,stock_availability,neutral
gen_07163,kak 17 yg putih size s ready?,stock_availability,neutral
gen_07164,eta 18 yg pink msh ad gak bang,stock_availability,neutral
gen_07165,kak 19 warna ungu msh ad min,stock_availability,neutral
gen_07166,kapan restock yg cream kak,stock_availability,neutral
gen_07167,kak 20 yg hijau etalase 21 ad?,stock_availability,neutral
gen_07168,eta 22 item msh ready min,stock_availability,neutral
gen_07169,kak 23 yg biru stok msh ad gk,stock_availability,neutral
gen_07170,warna merah etalase 24 msh ad kak,stock_availability,neutral
gen_07171,kak 25 yg abu2 ready bang,stock_availability,neutral
gen_07172,eta 26 yg coklat msh ad min,stock_availability,neutral
gen_07173,kak 27 putih msh ad ga?,stock_availability,neutral
gen_07174,kapan masuk lg yg hitam size xl kak,stock_availability,neutral
gen_07175,kak 28 yg navy ready gak,stock_availability,neutral
gen_07176,eta 29 yg cream stok msh ad min,stock_availability,neutral
gen_07177,kak 30 yg ungu msh ad?,stock_availability,neutral
gen_07178,warna item etalase 1 msh ready kak,stock_availability,neutral
gen_07179,kak 2 yg hijau abis belum?,stock_availability,neutral
gen_07180,eta 3 yg pink msh ad gk min,stock_availability,neutral
gen_07181,kak 4 yg abu2 ready bg,stock_availability,neutral
gen_07182,warna coklat etalase 5 msh ad ka,stock_availability,neutral
gen_07183,kak 6 yg biru stok msh ad?,stock_availability,neutral
gen_07184,eta 7 yg putih msh ready min,stock_availability,neutral
gen_07185,kak 8 yg merah masih ad gk,stock_availability,negative
gen_07186,warna cream etalase 9 ready bang,stock_availability,neutral
gen_07187,kak 10 yg navy msh ad kak,stock_availability,neutral
gen_07188,eta 11 yg item stok msh ad min,stock_availability,neutral
gen_07189,kak 12 yg ungu msh ready gak,stock_availability,neutral
gen_07190,warna hijau etalase 13 msh ad kak,stock_availability,negative
gen_07191,kak 14 yg abu2 ready min,stock_availability,neutral
gen_07192,eta 15 yg coklat abis blm bang,stock_availability,neutral
gen_07193,kak 16 yg putih msh ad?,stock_availability,neutral
gen_07194,warna pink etalase 17 msh ready kak,stock_availability,neutral
gen_07195,kak 18 yg item stok msh ad gk,stock_availability,neutral
gen_07196,eta 19 yg biru msh ad min,stock_availability,neutral
gen_07197,kak 20 yg cream ready?,stock_availability,neutral
gen_07198,warna abu2 etalase 21 msh ad ka,stock_availability,neutral
gen_07199,kak 22 yg ungu stok msh ad bang,stock_availability,neutral
gen_07200,eta 23 yg merah msh ready kak,stock_availability,neutral
gen_07201,kak 24 yg hijau msh ad min,stock_availability,neutral
gen_07202,warna navy etalase 25 ready gak,stock_availability,neutral
gen_07203,kak 26 yg putih msh ad?,stock_availability,neutral
gen_07204,eta 27 yg item abis belum kak,stock_availability,neutral
gen_07205,kak 28 yg coklat msh ready gk,stock_availability,neutral
gen_07206,warna biru etalase 29 msh ad min,stock_availability,neutral
gen_07207,kak 30 yg pink stok msh ad bang,stock_availability,neutral
gen_07208,eta 1 yg cream msh ready kak,stock_availability,neutral
gen_07209,kak 2 yg abu2 msh ad gak,stock_availability,neutral
gen_07210,warna ungu etalase 3 ready min,stock_availability,neutral
gen_07211,kak 4 yg item msh ad?,stock_availability,neutral
gen_07212,eta 5 yg hijau stok msh ad kak,stock_availability,neutral
gen_07213,kak 6 yg merah msh ready gk,stock_availability,neutral
gen_07214,warna coklat etalase 7 msh ad min,stock_availability,neutral
gen_07215,kak 8 yg putih stok msh ad bang,stock_availability,neutral
gen_07216,eta 9 yg biru msh ready kak,stock_availability,neutral
gen_07217,kak 10 yg cream msh ad?,stock_availability,neutral
gen_07218,warna item etalase 11 ready gak min,stock_availability,neutral
gen_07219,kak 12 yg abu2 msh ad kak,stock_availability,neutral
gen_07220,eta 13 yg ungu stok msh ready,stock_availability,neutral
gen_07221,kak 14 yg hijau msh ad gk,stock_availability,neutral
gen_07222,warna pink etalase 15 msh ad min,stock_availability,neutral
gen_07223,kak 16 yg navy ready bang,stock_availability,neutral
gen_07224,eta 17 yg coklat msh ad kak,stock_availability,neutral
gen_07225,kak 18 yg item msh ready gak,stock_availability,neutral
gen_07226,warna merah etalase 19 msh ad min,stock_availability,neutral
gen_07227,kak 20 yg abu2 stok msh ad bang,stock_availability,neutral
gen_07228,eta 21 yg putih msh ready kak,stock_availability,neutral
gen_07229,kak 22 yg biru msh ad gk,stock_availability,neutral
gen_07230,warna cream etalase 23 msh ad min,stock_availability,neutral
gen_07231,kak 24 yg ungu stok msh ad kak,stock_availability,neutral
gen_07232,eta 25 yg hijau msh ready gak,stock_availability,neutral
gen_07233,kak 26 yg pink msh ad min,stock_availability,neutral
gen_07234,warna item etalase 27 ready bang,stock_availability,neutral
gen_07235,kak 28 yg navy msh ad?,stock_availability,neutral
gen_07236,eta 29 yg coklat stok msh ad kak,stock_availability,neutral
gen_07237,kak 30 yg abu2 msh ready gk,stock_availability,neutral
gen_07238,﻿kak msh ad ga yg tshirt hitam polos,stock_availability,neutral
gen_07239,tee abu2 etalase 4 masih ready gak min,stock_availability,neutral
gen_07240,kapan restock tshirt putih kk?,stock_availability,neutral
gen_07241,stok kemeja item masih aman bang?,stock_availability,neutral
gen_07242,kak flannel merah msh ad?,stock_availability,neutral
gen_07243,celana jeans biru masih ad gak kak,stock_availability,neutral
gen_07244,jogger item etalase 6 ready?,stock_availability,positive
gen_07245,kak hoodie abu msh ad gk,stock_availability,neutral
gen_07246,sweater navy masih ready min?,stock_availability,negative
gen_07247,kapan masuk lg kaos crewneck kak,stock_availability,neutral
gen_07248,stok polo hijau masih ad bang?,stock_availability,neutral
gen_07249,kak kemeja kotak2 msh ready?,stock_availability,neutral
gen_07250,celana cargo army masih ad gak min,stock_availability,neutral
gen_07251,tee putih size l etalase 9 ready ka,stock_availability,neutral
gen_07252,kak jeans hitam uk 30 msh ad?,stock_availability,neutral
gen_07253,hoodie cream masih ready gk bang,stock_availability,neutral
gen_07254,kapan restock flannel navy kk?,stock_availability,neutral
gen_07255,sweater coklat stok msh ad min?,stock_availability,neutral
gen_07256,kak polo hitam msh ready?,stock_availability,neutral
gen_07257,kemeja denim abu masih ad gak ka,stock_availability,neutral
gen_07258,jogger navy etalase 14 msh ad?,stock_availability,neutral
gen_07259,kak kaos item size m ready?,stock_availability,neutral
gen_07260,celana chino cream masih ad min,stock_availability,neutral
gen_07261,stok tshirt navy msh aman kak?,stock_availability,neutral
gen_07262,kak hoodie hitam msh ad gk,stock_availability,neutral
gen_07263,sweater abu2 still ready bang?,stock_availability,positive
gen_07264,kapan masuk lg polo hijau kak,stock_availability,negative
gen_07265,kemeja flanel merah stok msh ad min?,stock_availability,neutral
gen_07266,kak jeans 32 item masih ready?,stock_availability,neutral
gen_07267,tee putih etalase 19 abis belum?,stock_availability,neutral
gen_07268,hoodie abu2 size l msh ad ga kak,stock_availability,neutral
gen_07269,kak jogger hitam stok msh aman?,stock_availability,positive
gen_07270,kemeja putih masih ready gak min,stock_availability,neutral
gen_07271,celana jeans 34 biru msh ad bang?,stock_availability,neutral
gen_07272,kak polo cream ready?,stock_availability,neutral
gen_07273,tshirt item stok msh ad ga ka,stock_availability,neutral
gen_07274,sweater navy etalase 23 msh ad?,stock_availability,neutral
gen_07275,kak flannel coklat msh ready gk,stock_availability,neutral
gen_07276,kapan restock kemeja kotak2 kak,stock_availability,neutral
gen_07277,celana cargo hitam msh ad min?,stock_availability,neutral
gen_07278,kak hoodie cream size xl ready?,stock_availability,neutral
gen_07279,tee abu2 stok msh aman gak,stock_availability,neutral
gen_07280,jeans biru uk 29 msh ad bang?,stock_availability,neutral
gen_07281,kak polo hijau etalase 28 msh ready?,stock_availability,neutral
gen_07282,sweater item kapan masuk lg min,stock_availability,neutral
gen_07283,kemeja denim navy msh ad kak?,stock_availability,neutral
gen_07284,kak jogger abu2 masih ready?,stock_availability,neutral
gen_07285,stok flannel merah aman gak ka,stock_availability,neutral
gen_07286,kak tshirt putih size l msh ad?,stock_availability,neutral
gen_07287,hoodie navy stok msh ada min,stock_availability,neutral
gen_07288,kapan restock celana cargo kk,stock_availability,neutral
gen_07289,kak kemeja putih etalase 5 msh ad gak,stock_availability,neutral
gen_07290,tee item masih ready bang?,stock_availability,neutral
gen_07291,sweater coklat size m msh ad ka,stock_availability,neutral
gen_07292,kak jeans hitam 28 stok msh aman?,stock_availability,neutral
gen_07293,polo abu2 msh ready gak min,stock_availability,neutral
gen_07294,kemeja flanel navy msh ad kak?,stock_availability,negative
gen_07295,kak hoodie item etalase 11 ready?,stock_availability,neutral
gen_07296,celana chino cream masih ad gk,stock_availability,neutral
gen_07297,tshirt abu stok msh ad bang?,stock_availability,neutral
gen_07298,kak jogger navy size l msh ready?,stock_availability,neutral
gen_07299,sweater putih kapan masuk lg min,stock_availability,neutral
gen_07300,kemeja kotak2 merah msh ad kak,stock_availability,neutral
gen_07301,kak jeans biru 33 masih ready?,stock_availability,neutral
gen_07302,flannel coklat etalase 17 msh ad gak,stock_availability,neutral
gen_07303,kak polo cream stok msh aman?,stock_availability,neutral
gen_07304,tee hitam size s msh ad min,stock_availability,neutral
gen_07305,kemeja denim abu msh ready bang?,stock_availability,neutral
gen_07306,kak hoodie navy msh ad?,stock_availability,neutral
gen_07307,celana cargo army stok msh ad ka,stock_availability,neutral
gen_07308,kak jogger item etalase 22 ready gk,stock_availability,neutral
gen_07309,sweater abu2 msh ad min,stock_availability,neutral
gen_07310,kemeja flanel coklat msh ready kak,stock_availability,neutral
gen_07311,kak jeans hitam 31 stok aman?,stock_availability,neutral
gen_07312,polo navy msh ad gak bang,stock_availability,neutral
gen_07313,kak tshirt cream etalase 26 msh ready?,stock_availability,neutral
gen_07314,celana chino item msh ad ka,stock_availability,neutral
gen_07315,hoodie abu stok msh aman kak,stock_availability,neutral
gen_07316,kak kemeja putih size xl msh ad?,stock_availability,neutral
gen_07317,jogger cream masih ready gk min,stock_availability,neutral
gen_07318,kapan masuk lg flannel navy kak,stock_availability,neutral
gen_07319,kak sweater hitam msh ad?,stock_availability,neutral
gen_07320,tee putih stok msh ad ga bang,stock_availability,neutral
gen_07321,kemeja kotak2 abu msh ready min,stock_availability,neutral
gen_07322,kak jeans biru 30 etalase 4 msh ad?,stock_availability,neutral
gen_07323,polo hijau masih ad gk kak,stock_availability,neutral
gen_07324,hoodie cream msh ready bang?,stock_availability,neutral
gen_07325,kak flannel merah stok msh aman,stock_availability,neutral
gen_07326,sweater navy size m msh ad ka,stock_availability,neutral
gen_07327,kak jogger abu2 etalase 9 msh ready?,stock_availability,neutral
gen_07328,kemeja denim hitam msh ad min,stock_availability,neutral
gen_07329,kak tshirt navy msh ad gak,stock_availability,neutral
gen_07330,celana cargo item stok msh ready kak,stock_availability,neutral
gen_07331,kak polo putih msh ad?,stock_availability,neutral
gen_07332,flannel abu2 msh ready gk min,stock_availability,neutral
gen_07333,kak kemeja flanel merah etalase 14 msh ad,stock_availability,neutral
gen_07334,sweater item msh ad bang,stock_availability,neutral
gen_07335,kak jeans 29 biru msh ready?,stock_availability,neutral
gen_07336,hoodie coklat stok msh ad ka,stock_availability,neutral
gen_07337,kak jogger navy msh ad gak,stock_availability,neutral
gen_07338,tshirt item msh ready min,stock_availability,neutral
gen_07339,kak kemeja kotak2 navy etalase 19 msh ad?,stock_availability,neutral
gen_07340,celana chino abu msh ad bang,stock_availability,neutral
gen_07341,kak polo cream size l msh ready?,stock_availability,neutral
gen_07342,flannel coklat stok aman gak kak,stock_availability,neutral
gen_07343,kak tee hitam msh ad?,stock_availability,neutral
gen_07344,sweater abu etalase 23 ready gk,stock_availability,neutral
gen_07345,kemeja denim biru msh ad min,stock_availability,neutral
gen_07346,kak jeans hitam 33 msh ready?,stock_availability,neutral
gen_07347,hoodie navy stok msh ad ka,stock_availability,negative
gen_07348,kak jogger item msh ad bang,stock_availability,neutral
gen_07349,polo navy etalase 27 msh ready min,stock_availability,neutral
gen_07350,kak tshirt cream msh ad?,stock_availability,neutral
gen_07351,kemeja flanel item stok msh ad gak,stock_availability,neutral
gen_07352,kak celana cargo abu msh ready?,stock_availability,neutral
gen_07353,tee navy msh ad bang,stock_availability,neutral
gen_07354,kak sweater cream etalase 3 msh ad?,stock_availability,neutral
gen_07355,jeans biru 34 stok msh aman ka,stock_availability,neutral
gen_07356,kak hoodie abu2 msh ready gk,stock_availability,neutral
gen_07357,flannel merah msh ad min,stock_availability,neutral
gen_07358,kak kemeja kotak2 item etalase 8 msh ad?,stock_availability,neutral
gen_07359,jogger hitam stok msh ready kak,stock_availability,neutral
gen_07360,kak polo hijau msh ad gak,stock_availability,neutral
gen_07361,tshirt abu2 etalase 12 msh ad bang,stock_availability,neutral
gen_07362,kak celana chino cream msh ready?,stock_availability,neutral
gen_07363,sweater navy stok msh ad ka,stock_availability,neutral
gen_07364,kak kemeja denim abu msh ad?,stock_availability,neutral
gen_07365,hoodie item msh ready gk min,stock_availability,neutral
gen_07366,kak jogger navy size s etalase 16 msh ad?,stock_availability,neutral
gen_07367,flannel coklat msh ad bang,stock_availability,neutral
gen_07368,kak polo putih stok msh aman?,stock_availability,neutral
gen_07369,kemeja flanel navy msh ready ka,stock_availability,neutral
gen_07370,kak jeans hitam 30 msh ad gak,stock_availability,neutral
gen_07371,tee cream etalase 20 msh ad min,stock_availability,neutral
gen_07372,kak sweater item msh ready?,stock_availability,neutral
gen_07373,celana cargo navy stok msh ad bang,stock_availability,positive
gen_07374,kak hoodie cream msh ad?,stock_availability,neutral
gen_07375,kemeja kotak2 merah msh ready gk min,stock_availability,neutral
gen_07376,kak tshirt item size xl msh ad?,stock_availability,neutral
gen_07377,polo abu stok msh aman ka,stock_availability,neutral
gen_07378,kak flannel navy etalase 25 msh ad?,stock_availability,neutral
gen_07379,jogger cream msh ready bang,stock_availability,neutral
gen_07380,kak jeans biru 31 msh ad gak,stock_availability,neutral
gen_07381,sweater hitam etalase 29 msh ad min,stock_availability,neutral
gen_07382,kak kemeja putih stok msh ad?,stock_availability,neutral
gen_07383,hoodie navy msh ready ka,stock_availability,neutral
gen_07384,kak celana chino item etalase 33 msh ad gk,stock_availability,neutral
gen_07385,flannel abu msh ad bang,stock_availability,neutral
gen_07386,kak polo cream stok msh aman min,stock_availability,neutral
gen_07387,kemeja denim item msh ready kak,stock_availability,neutral
gen_07388,kak tshirt abu2 msh ad?,stock_availability,neutral
gen_07389,jeans 32 item msh ad gak ka,stock_availability,neutral
gen_07390,kak hoodie item etalase 37 msh ready?,stock_availability,neutral
gen_07392,kak kemeja flanel merah msh ad bang,stock_availability,neutral
gen_07393,jogger navy msh ready kak,stock_availability,neutral
gen_07394,kak polo hijau etalase 41 msh ad?,stock_availability,neutral
gen_07395,celana cargo hitam stok msh ad gk min,stock_availability,neutral
gen_07396,kak tee navy msh ready?,stock_availability,neutral
gen_07397,kemeja kotak2 abu stok aman kak,stock_availability,neutral
gen_07398,kak flannel item etalase 45 msh ad gak,stock_availability,neutral
gen_07399,﻿kak tau ga yang item ini msh ready gak?,stock_availability,positive
gen_07400,msh ad ga sih yang ukuran m itu,stock_availability,neutral
gen_07401,kak ini stoknya masih full belum?,stock_availability,neutral
gen_07402,bang yang abu2 abis blm?,stock_availability,neutral
gen_07403,etanya yang coklat ready ga min?,stock_availability,neutral
gen_07404,kak masih ad yang model ini gak?,stock_availability,neutral
gen_07405,yang navy msh ad ngga bang?,stock_availability,neutral
gen_07406,min yang putih ini udah sold out belum?,stock_availability,neutral
gen_07407,kak kalo yang hitam msh ready kan?,stock_availability,neutral
gen_07408,bang ada ga yang ukuran l nya?,stock_availability,positive
gen_07409,kak yang biru ini msh ad gak?,stock_availability,neutral
gen_07410,eta 3 yang item masih full?,stock_availability,neutral
gen_07411,kak yang abu2 ini ready ngga?,stock_availability,neutral
gen_07412,bang stok yang cream masih aman gak?,stock_availability,neutral
gen_07413,kak yang ungu abis blm ya?,stock_availability,neutral
gen_07414,min yang merah ini masih ad?,stock_availability,neutral
gen_07415,kak yang size 29 msh ready gak?,stock_availability,neutral
gen_07416,bang yang navy msh ad?,stock_availability,neutral
gen_07417,kak kalo yg putih ready ga sekarang,stock_availability,neutral
gen_07418,min etalase 5 masih full gak?,stock_availability,neutral
gen_07419,kak yang coklat msh ad ga?,stock_availability,negative
gen_07420,bang yang item ini abis belum sih,stock_availability,neutral
gen_07421,kak stoknya msh banyak ga?,stock_availability,neutral
gen_07422,yang hijau msh ready ngga min?,stock_availability,neutral
gen_07423,kak yang pink ini msh ad gak?,stock_availability,neutral
gen_07424,bang yang abu2 size l masih ad?,stock_availability,neutral
gen_07425,min yang biru udah pada habis blm?,stock_availability,neutral
gen_07426,kak yg navy msh ready gk?,stock_availability,neutral
gen_07427,kak yang putih ini msh ad kan?,stock_availability,neutral
gen_07428,bang stok yang item aman ga?,stock_availability,neutral
gen_07429,kak yang cream msh ad ngga?,stock_availability,neutral
gen_07430,min yang ungu msh ready?,stock_availability,negative
gen_07431,kak yang merah msh ad ga?,stock_availability,neutral
gen_07432,bang yang size xl abis blm?,stock_availability,neutral
gen_07433,kak yang hijau ini msh ad gak?,stock_availability,neutral
gen_07434,min yang coklat ready gak sekarang?,stock_availability,neutral
gen_07435,kak yang pink msh ad ngga?,stock_availability,neutral
gen_07436,bang yang abu2 msh ready?,stock_availability,neutral
gen_07437,kak yang navy ini stoknya msh ad?,stock_availability,neutral
gen_07438,min yang item msh ad ga?,stock_availability,neutral
gen_07439,kak yang putih abis blm nih?,stock_availability,neutral
gen_07440,bang yang biru msh ready gak?,stock_availability,neutral
gen_07441,kak yang cream ini msh ad gak?,stock_availability,neutral
gen_07442,min yang ungu msh ad kan?,stock_availability,neutral
gen_07443,kak yang merah msh ready ngga?,stock_availability,neutral
gen_07444,bang yang hijau stok msh ad?,stock_availability,neutral
gen_07445,kak yang size m abis blm ya?,stock_availability,neutral
gen_07446,min yang coklat msh ad gak?,stock_availability,neutral
gen_07447,kak yang pink msh ready ngga?,stock_availability,neutral
gen_07448,bang yang item ini msh ad?,stock_availability,neutral
gen_07449,kak yang abu2 msh ad kan?,stock_availability,neutral
gen_07450,min yang navy ready gak sekarang?,stock_availability,neutral
gen_07451,kak yang putih msh ad ngga?,stock_availability,neutral
gen_07452,bang yang cream msh ready?,stock_availability,neutral
gen_07453,kak yang ungu stok msh ad?,stock_availability,neutral
gen_07454,min yang merah msh ad gak?,stock_availability,neutral
gen_07455,kak yang hijau ini msh ready?,stock_availability,neutral
gen_07456,bang yang coklat abis blm?,stock_availability,neutral
gen_07457,kak yang biru msh ad ngga?,stock_availability,neutral
gen_07458,min yang item msh ready?,stock_availability,neutral
gen_07459,kak yang abu2 stok msh ad gak?,stock_availability,neutral
gen_07460,kak yang pink msh ad kan?,stock_availability,neutral
gen_07461,min yang cream msh ready gk?,stock_availability,neutral
gen_07462,kak yang ungu msh ad ga?,stock_availability,neutral
gen_07463,bang yang putih stok msh ad?,stock_availability,neutral
gen_07464,min yang hijau msh ad gak?,stock_availability,neutral
gen_07465,kak yang coklat msh ad kan?,stock_availability,neutral
gen_07466,bang yang biru msh ready?,stock_availability,neutral
gen_07467,kak yang item msh ad ngga?,stock_availability,neutral
gen_07468,min yang abu2 stok msh ad?,stock_availability,neutral
gen_07469,kak yang navy msh ready gak?,stock_availability,neutral
gen_07470,bang yang pink msh ad?,stock_availability,neutral
gen_07471,kak yang cream msh ad kan?,stock_availability,neutral
gen_07472,min yang ungu msh ready gk?,stock_availability,neutral
gen_07473,kak yang putih msh ad ga?,stock_availability,neutral
gen_07474,bang yang merah stok msh ad?,stock_availability,neutral
gen_07475,kak yang hijau msh ready ngga?,stock_availability,neutral
gen_07476,kak yang biru msh ad kan?,stock_availability,neutral
gen_07477,bang yang item msh ready?,stock_availability,neutral
gen_07478,kak yang abu2 msh ad ngga?,stock_availability,neutral
gen_07479,min yang navy stok msh ad?,stock_availability,neutral
gen_07480,kak yang pink msh ready gak?,stock_availability,neutral
gen_07481,bang yang cream msh ad?,stock_availability,neutral
gen_07482,kak yang ungu msh ad kan?,stock_availability,neutral
gen_07483,min yang putih msh ready gk?,stock_availability,neutral
gen_07484,kak yang coklat msh ready ngga?,stock_availability,neutral
gen_07485,min yang biru msh ad gak?,stock_availability,neutral
gen_07486,kak yang item msh ad kan?,stock_availability,neutral
gen_07487,kak yang navy msh ad ngga?,stock_availability,neutral
gen_07488,min yang pink stok msh ad?,stock_availability,neutral
gen_07489,kak yang cream msh ready gak?,stock_availability,neutral
gen_07490,bang yang ungu msh ad?,stock_availability,neutral
gen_07491,kak yang putih msh ad kan?,stock_availability,neutral
gen_07492,min yang merah msh ready gk?,stock_availability,neutral
gen_07493,kak yang hijau msh ad ga?,stock_availability,neutral
gen_07494,bang yang coklat stok msh ad?,stock_availability,neutral
gen_07495,kak yang biru msh ready ngga?,stock_availability,neutral
gen_07496,min yang item msh ad gak?,stock_availability,neutral
gen_07497,bang yang navy msh ready?,stock_availability,neutral
gen_07498,min yang cream stok msh ad?,stock_availability,neutral
gen_07499,kak yang ungu msh ready gak?,stock_availability,neutral
gen_07500,bang yang putih msh ad?,stock_availability,neutral
gen_07501,kak yang merah msh ad kan?,stock_availability,neutral
gen_07502,min yang hijau msh ready gk?,stock_availability,neutral
gen_07503,bang yang biru stok msh ad?,stock_availability,negative
gen_07504,kak yang item msh ready ngga?,stock_availability,neutral
gen_07505,min yang abu2 msh ad gak?,stock_availability,neutral
gen_07506,kak yang navy msh ad kan?,stock_availability,neutral
gen_07507,bang yang pink msh ready?,stock_availability,neutral
gen_07508,min yang ungu stok msh ad?,stock_availability,neutral
gen_07509,kak yang putih msh ready gak?,stock_availability,neutral
gen_07510,bang yang merah msh ad?,stock_availability,neutral
gen_07511,kak yang hijau msh ad kan?,stock_availability,neutral
gen_07512,min yang coklat msh ready gk?,stock_availability,neutral
gen_07513,kak yang biru msh ad ga?,stock_availability,neutral
gen_07514,bang yang item stok msh ad?,stock_availability,neutral
gen_07515,kak yang abu2 msh ready ngga?,stock_availability,neutral
gen_07516,min yang navy msh ad gak?,stock_availability,neutral
gen_07517,kak yang ungu msh ad ngga?,stock_availability,neutral
gen_07518,min yang putih stok msh ad?,stock_availability,neutral
gen_07519,kak yang merah msh ready gak?,stock_availability,neutral
gen_07520,bang yang hijau msh ad?,stock_availability,neutral
gen_07521,min yang biru msh ready gk?,stock_availability,neutral
gen_07522,kak yang item msh ad ga?,stock_availability,neutral
gen_07523,bang yang abu2 stok msh ad?,stock_availability,neutral
gen_07524,kak yang navy msh ready ngga?,stock_availability,neutral
gen_07525,min yang pink msh ad gak?,stock_availability,neutral
gen_07526,bang yang ungu msh ready?,stock_availability,neutral
gen_07527,min yang merah stok msh ad?,stock_availability,neutral
gen_07528,kak yang hijau msh ready gak?,stock_availability,neutral
gen_07529,bang yang coklat msh ad?,stock_availability,neutral
gen_07530,min yang item msh ready gk?,stock_availability,negative
gen_07531,kak yang abu2 msh ad ga?,stock_availability,neutral
gen_07532,bang yang navy stok msh ad?,stock_availability,neutral
gen_07533,min yang cream msh ad gak?,stock_availability,neutral
gen_07534,bang yang putih msh ready?,stock_availability,neutral
gen_07535,kak yang merah msh ad ngga?,stock_availability,neutral
gen_07536,min yang hijau stok msh ad?,stock_availability,positive
gen_07537,kak yang coklat msh ready gak?,stock_availability,neutral
gen_07538,bang yang biru msh ad?,stock_availability,positive
gen_07539,min yang abu2 msh ready gk?,stock_availability,neutral
gen_07540,kak yang navy msh ad ga?,stock_availability,neutral
gen_07541,bang yang pink stok msh ad?,stock_availability,neutral
gen_07542,kak yang cream msh ready ngga?,stock_availability,neutral
gen_07543,min yang ungu msh ad gak?,stock_availability,neutral
gen_07544,bang yang merah msh ready?,stock_availability,neutral
gen_07545,kak yang hijau msh ad ngga?,stock_availability,neutral
gen_07546,min yang coklat stok msh ad?,stock_availability,neutral
gen_07547,kak yang biru msh ready gak?,stock_availability,neutral
gen_07548,bang yang item msh ad?,stock_availability,neutral
gen_07549,min yang navy msh ready gk?,stock_availability,neutral
gen_07550,kak yang pink msh ad ga?,stock_availability,neutral
gen_07551,bang yang cream stok msh ad?,stock_availability,neutral
gen_07552,kak yang ungu msh ready ngga?,stock_availability,neutral
gen_07553,min yang putih msh ad gak?,stock_availability,positive
gen_07554,bang yang hijau msh ready?,stock_availability,neutral
gen_07555,kak yang coklat msh ad ngga?,stock_availability,neutral
gen_07556,min yang biru stok msh ad?,stock_availability,neutral
gen_07557,kak yang item msh ready gak?,stock_availability,neutral
gen_07558,bang yang abu2 msh ad?,stock_availability,neutral
gen_07559,min yang pink msh ready gk?,stock_availability,neutral
gen_07560,kak yang cream msh ad ga?,stock_availability,neutral
gen_07561,bang yang ungu stok msh ad?,stock_availability,neutral
gen_07562,kak yang putih msh ready ngga?,stock_availability,neutral
gen_07563,bang yang coklat msh ready?,stock_availability,neutral
gen_07564,min yang item stok msh ad?,stock_availability,neutral
gen_07565,kak yang abu2 msh ready gak?,stock_availability,neutral
gen_07566,﻿kak msh ready gak yg abu2 itu masih ada gak sih,stock_availability,neutral
gen_07567,bang yang item tuh msh ad ga ya,stock_availability,neutral
gen_07568,"kak eta 1 yg cream masih ada gak, mau pesen nih",stock_availability,neutral
gen_07569,"min yg navy msh ad gk, soalnya lg pengen beli",stock_availability,neutral
gen_07570,kak yg hijau ready ga? besok mau COD,stock_availability,neutral
gen_07571,"bang yg pink msh ad gak, kangen mau beli",stock_availability,neutral
gen_07572,"kak yg putih msh ad ga, btw udah lama ga liat",stock_availability,neutral
gen_07573,"min yg ungu msh ready gak, ini serius mau order",stock_availability,neutral
gen_07574,kak yg coklat masih ada gak? tadi liat video lama,stock_availability,neutral
gen_07575,"bang yg item stok msh aman ga, mau borong",stock_availability,neutral
gen_07576,"kak yg biru msh ad gak, pengen buat couple",stock_availability,neutral
gen_07577,min yg abu2 msh ad ga? janji mau ke TKP,stock_availability,neutral
gen_07578,"kak yg navy msh ready gak, mau buat hadiah",stock_availability,neutral
gen_07579,"bang yg merah msh ad gak, hari ini bisa diambil?",stock_availability,neutral
gen_07580,"kak yg cream msh ad ga, bentar lagi gajian nih",stock_availability,neutral
gen_07581,"min yg hijau msh ready gak, mau order sama temen",stock_availability,neutral
gen_07582,"kak yg pink msh ad gak, temenku nyariin",stock_availability,neutral
gen_07583,"bang yg item msh ad ga, kemarin sempet ketinggalan",stock_availability,neutral
gen_07584,"kak yg abu2 msh ready gak, btw ukurannya semua?",stock_availability,neutral
gen_07585,"min yg navy msh ad gak, tadi liat di reels",stock_availability,neutral
gen_07586,"kak yg putih msh ad ga, mau restock biar aman",stock_availability,negative
gen_07587,"bang yg ungu msh ready gak, lagi nabung nih",stock_availability,neutral
gen_07588,"kak yg coklat msh ad gak, buat adek",stock_availability,neutral
gen_07589,"min yg biru msh ad ga, mau beli 2",stock_availability,positive
gen_07590,"kak yg item msh ready gak, sama ukuran s ada?",stock_availability,neutral
gen_07591,"bang yg cream msh ad gak, kemarin sempet sold out",stock_availability,neutral
gen_07592,"kak yg hijau msh ad ga, baru tau ada warna ini",stock_availability,neutral
gen_07593,"min yg pink msh ready gak, pengen coba",stock_availability,neutral
gen_07594,"kak yg navy msh ad gak, masih ada semua size?",stock_availability,neutral
gen_07595,"bang yg abu2 msh ad ga, buat kado",stock_availability,neutral
gen_07596,"kak yg putih msh ready gak, min mau request warna?",stock_availability,neutral
gen_07597,"min yg item msh ad gak, minggu lalu kehabisan",stock_availability,neutral
gen_07598,"kak yg merah msh ad ga, sama stock 2xl?",stock_availability,neutral
gen_07599,"bang yg coklat msh ready gak, lupa nanya kemarin",stock_availability,neutral
gen_07600,"kak yg biru msh ad gak, hari minggu liat di FYP",stock_availability,neutral
gen_07601,"min yg cream msh ad ga, lagi promo gak?",stock_availability,negative
gen_07602,"kak yg ungu msh ready gak, buat pasangan",stock_availability,negative
gen_07603,"bang yg hijau msh ad gak, ada yang 3xl?",stock_availability,neutral
gen_07604,"kak yg pink msh ad ga, mau beliin mama",stock_availability,neutral
gen_07605,"min yg abu2 msh ad gak, udah restock blm?",stock_availability,neutral
gen_07606,"kak yg navy msh ready gak, ini varian favoritku",stock_availability,neutral
gen_07607,"bang yg item msh ad gak, ukuran 36?",stock_availability,neutral
gen_07608,"kak yg putih msh ad ga, batiknya masuk?",stock_availability,neutral
gen_07609,"min yg coklat msh ready gak, tadi pagi liat",stock_availability,neutral
gen_07610,"kak yg merah msh ad gak, mau pesen 3",stock_availability,positive
gen_07611,"bang yg cream msh ad ga, size 40?",stock_availability,neutral
gen_07612,"kak yg biru msh ready gak, sama varian hitam?",stock_availability,neutral
gen_07613,"min yg hijau msh ad gak, kapan restocknya sih",stock_availability,neutral
gen_07614,"kak yg pink msh ad ga, ini utk kado ultah",stock_availability,neutral
gen_07615,"bang yg item msh ready gak, udah lama banget cari",stock_availability,neutral
gen_07616,"kak yg abu2 msh ad gak, lg nabung buat beli",stock_availability,neutral
gen_07617,"min yg navy msh ad ga, semua ukuran ada?",stock_availability,neutral
gen_07618,"kak yg ungu msh ready gak, pengen matching sama baju",stock_availability,neutral
gen_07619,"bang yg coklat msh ad gak, kemarin abis",stock_availability,positive
gen_07620,"kak yg putih msh ad ga, size 44?",stock_availability,neutral
gen_07621,"min yg merah msh ready gak, mau order dulu deh",stock_availability,neutral
gen_07622,"kak yg cream msh ad gak, buat tugas? gapapa canda",stock_availability,neutral
gen_07623,"bang yg hijau msh ad ga, ukuran xl doang?",stock_availability,neutral
gen_07624,"kak yg pink msh ready gak, mau buat persiapan nikah",stock_availability,neutral
gen_07625,"min yg item msh ad gak, kok ga pernah liat di live",stock_availability,neutral
gen_07626,"kak yg abu2 msh ad ga, ijin tanya stok",stock_availability,neutral
gen_07627,"bang yg navy msh ready gak, buat kondangan",stock_availability,neutral
gen_07628,"kak yg biru msh ad gak, ini bisa COD?",stock_availability,neutral
gen_07629,"min yg coklat msh ad ga, kalo ada tolong kabarin",stock_availability,neutral
gen_07630,"kak yg ungu msh ready gak, tgl berapa masuknya?",stock_availability,neutral
gen_07631,"bang yg item msh ad gak, lg pengen banget",stock_availability,neutral
gen_07632,"kak yg putih msh ad ga, varian ini sering sold out",stock_availability,neutral
gen_07633,"min yg merah msh ready gak, udah restock nih?",stock_availability,neutral
gen_07634,"kak yg cream msh ad gak, tgl 20 mau ke TKP",stock_availability,neutral
gen_07635,"bang yg hijau msh ad ga, size 32 ada?",stock_availability,neutral
gen_07636,"kak yg pink msh ready gak, mau bawa pulang 2",stock_availability,neutral
gen_07637,"min yg abu2 msh ad gak, udah pada ngantri?",stock_availability,neutral
gen_07638,"kak yg navy msh ad ga, msh penuh semua?",stock_availability,neutral
gen_07639,"bang yg coklat msh ready gak, baru liat videonya",stock_availability,neutral
gen_07640,"kak yg biru msh ad gak, cobain dong di live",stock_availability,neutral
gen_07641,"min yg item msh ad ga, kapan ditampilin lagi",stock_availability,neutral
gen_07642,"kak yg ungu msh ready gak, tgl berapa restock",stock_availability,neutral
gen_07643,"bang yg putih msh ad gak, mau pesen 4",stock_availability,neutral
gen_07644,"kak yg merah msh ad ga, size 42 ada?",stock_availability,neutral
gen_07645,"min yg cream msh ready gak, udah abis ya?",stock_availability,neutral
gen_07646,"kak yg hijau msh ad gak, varian paling laris?",stock_availability,neutral
gen_07647,"bang yg pink msh ad ga, buat maen",stock_availability,neutral
gen_07648,"kak yg item msh ready gak, ini msh promo ga?",stock_availability,neutral
gen_07649,"min yg abu2 msh ad gak, kapan stok masuk",stock_availability,neutral
gen_07650,"kak yg navy msh ad ga, lg nyari banget nih",stock_availability,neutral
gen_07651,"bang yg coklat msh ready gak, sama model lain?",stock_availability,neutral
gen_07652,"kak yg biru msh ad gak, ini masuk etalase berapa",stock_availability,neutral
gen_07653,"min yg ungu msh ad ga, tgl berapa habisnya",stock_availability,neutral
gen_07654,"kak yg putih msh ready gak, besok bisa ambil?",stock_availability,neutral
gen_07655,"bang yg merah msh ad gak, udah turun ke TKP?",stock_availability,neutral
gen_07656,"kak yg cream msh ad ga, mau beliin adek",stock_availability,neutral
gen_07657,"min yg hijau msh ready gak, ini size terbesar apa",stock_availability,neutral
gen_07658,"kak yg pink msh ad gak, mau buat jualan",stock_availability,neutral
gen_07659,"bang yg item msh ad ga, kapan livenya lagi",stock_availability,neutral
gen_07660,"kak yg abu2 msh ready gak, ini udah lama ga ada",stock_availability,positive
gen_07661,"min yg navy msh ad gak, restock bulan apa",stock_availability,neutral
gen_07662,"kak yg coklat msh ad ga, msh penuh ngga",stock_availability,neutral
gen_07663,"bang yg biru msh ready gak, udah bisa COD?",stock_availability,neutral
gen_07664,"kak yg ungu msh ad gak, ini preorder kah",stock_availability,neutral
gen_07665,"min yg putih msh ad ga, msh ada yang 30",stock_availability,neutral
gen_07666,"kak yg merah msh ready gak, mau cus ke TKP",stock_availability,neutral
gen_07667,"bang yg cream msh ad gak, kapan masuk etalase",stock_availability,neutral
gen_07668,"kak yg hijau msh ad ga, ini ready semua gak",stock_availability,neutral
gen_07669,"min yg pink msh ready gak, mau order via chat",stock_availability,neutral
gen_07670,"kak yg item msh ad gak, kapan nge-live lagi",stock_availability,neutral
gen_07671,"bang yg abu2 msh ad ga, ini msh banyak stok?",stock_availability,neutral
gen_07672,"kak yg navy msh ready gak, ada potongan?",stock_availability,neutral
gen_07673,"min yg coklat msh ad gak, stok yang 34?",stock_availability,neutral
gen_07674,"kak yg biru msh ad ga, ini bisa titip?",stock_availability,neutral
gen_07675,"bang yg ungu msh ready gak, lg bongkar kulkas wkwk",stock_availability,neutral
gen_07676,"kak yg putih msh ad gak, bentar lagi bayar nih",stock_availability,neutral
gen_07677,"min yg merah msh ad ga, udah pada serbu?",stock_availability,neutral
gen_07678,"kak yg cream msh ready gak, msh aman buat weekend?",stock_availability,neutral
gen_07679,"bang yg hijau msh ad gak, mau pilih warna dulu",stock_availability,neutral
gen_07680,"kak yg pink msh ad ga, ini ukuran terkecil apa",stock_availability,neutral
gen_07681,"min yg item msh ready gak, kapan restock terakhir",stock_availability,neutral
gen_07682,"kak yg abu2 msh ad gak, lg seru serunya belanja",stock_availability,neutral
gen_07683,"bang yg navy msh ad ga, besok siang bisa?",stock_availability,neutral
gen_07684,"kak yg coklat msh ready gak, udah diklik live?",stock_availability,neutral
gen_07685,"min yg biru msh ad gak, stok yang 38?",stock_availability,neutral
gen_07686,"kak yg ungu msh ad ga, ini sering diburu",stock_availability,neutral
gen_07687,"bang yg putih msh ready gak, mau transfer bentar",stock_availability,neutral
gen_07688,"kak yg merah msh ad gak, udah restock semua?",stock_availability,neutral
gen_07689,"min yg cream msh ad ga, kalo udah abis bilang",stock_availability,neutral
gen_07690,"kak yg hijau msh ready gak, lgi rame banget ini",stock_availability,neutral
gen_07691,"bang yg pink msh ad gak, mau serbu besok",stock_availability,neutral
gen_07692,"kak yg item msh ad ga, ukuran 46 ada?",stock_availability,neutral
gen_07693,"min yg abu2 msh ready gak, ini termasuk best seller",stock_availability,neutral
gen_07694,"kak yg navy msh ad gak, bisa diboking?",stock_availability,neutral
gen_07695,"bang yg coklat msh ad ga, msh lama buat restock",stock_availability,neutral
gen_07696,"kak yg biru msh ready gak, udah banyak peminat?",stock_availability,neutral
gen_07697,"min yg ungu msh ad gak, minggu ini masuk ga",stock_availability,neutral
gen_07698,"kak yg putih msh ad ga, ada diskon member?",stock_availability,neutral
gen_07699,"bang yg merah msh ready gak, lgsg chat aja",stock_availability,neutral
gen_07700,"kak yg cream msh ad gak, mau nitip sama temen",stock_availability,neutral
gen_07701,"min yg hijau msh ad ga, beneran ready kan?",stock_availability,neutral
gen_07702,"kak yg pink msh ready gak, udah turun etalase?",stock_availability,neutral
gen_07703,"bang yg item msh ad gak, sempet kelewatan live",stock_availability,neutral
gen_07704,"kak yg abu2 msh ad ga, kapan masuk lagi ya",stock_availability,neutral
gen_07705,"min yg navy msh ready gak, ini udah restock?",stock_availability,neutral
gen_07706,"kak yg coklat msh ad gak, besok pagi bisa?",stock_availability,neutral
gen_07707,"bang yg biru msh ad ga, mau siapin duit dulu",stock_availability,neutral
gen_07708,"kak yg ungu msh ready gak, baru nemu video ini",stock_availability,neutral
gen_07709,"min yg putih msh ad gak, lgi diburu-buru",stock_availability,neutral
gen_07710,"kak yg merah msh ad ga, masih penuh semua?",stock_availability,neutral
gen_07711,"bang yg cream msh ready gak, kapan jadwal live",stock_availability,neutral
gen_07712,"kak yg hijau msh ad gak, mau langsung ke gudang",stock_availability,neutral
gen_07713,"min yg pink msh ad ga, abisnya lama ga?",stock_availability,neutral
gen_07714,"kak yg item msh ready gak, udah waktunya restock?",stock_availability,neutral
gen_07715,"bang yg abu2 msh ad gak, msh ready buat besok?",stock_availability,neutral
gen_07716,"kak yg navy msh ad ga, kapan sih restock",stock_availability,neutral
gen_07717,"min yg coklat msh ready gak, mau beli pas live",stock_availability,neutral
gen_07718,"kak yg biru msh ad gak, udah bisa dipesan?",stock_availability,negative
gen_07719,"bang yg ungu msh ad ga, bentar lagi ulang tahun",stock_availability,neutral
gen_07720,"kak yg putih msh ready gak, ada stok di cabang?",stock_availability,neutral
gen_07721,"min yg merah msh ad gak, msh aman kan?",stock_availability,neutral
gen_07722,﻿kak eta 1 msh ad? mau cek,stock_availability,neutral
gen_07723,warna item msh ready kak?,stock_availability,neutral
gen_07724,size m msh ad gak,stock_availability,neutral
gen_07725,kak 3 msh full ga?,stock_availability,neutral
gen_07726,abang abu2 msh ad?,stock_availability,neutral
gen_07727,min stoknya msh ada?,stock_availability,neutral
gen_07728,kak putih msh ready gak?,stock_availability,neutral
gen_07729,etalase 7 msh ad?,stock_availability,neutral
gen_07730,kak biru msh ad gak?,stock_availability,negative
gen_07731,warna cream masih ada kk?,stock_availability,neutral
gen_07732,kak navy msh ready?,stock_availability,neutral
gen_07733,size l msh ad gak,stock_availability,neutral
gen_07734,kak 12 abis blm?,stock_availability,neutral
gen_07735,min coklat msh ad?,stock_availability,neutral
gen_07736,kak merah msh ready gak?,stock_availability,neutral
gen_07737,eta 15 msh full?,stock_availability,neutral
gen_07738,kak hijau msh ad gak?,stock_availability,neutral
gen_07739,warna pink masih ad kk?,stock_availability,negative
gen_07740,kak item msh ready?,stock_availability,neutral
gen_07741,size xl msh ad gak,stock_availability,neutral
gen_07742,kak 20 abis blm?,stock_availability,neutral
gen_07743,min abu2 msh ad?,stock_availability,neutral
gen_07744,kak ungu msh ready gak?,stock_availability,neutral
gen_07745,eta 24 msh full?,stock_availability,neutral
gen_07746,kak cream msh ad gak?,stock_availability,neutral
gen_07747,warna navy masih ad kk?,stock_availability,neutral
gen_07748,kak 27 msh ready?,stock_availability,neutral
gen_07749,size s msh ad gak,stock_availability,neutral
gen_07750,kak coklat msh ad gak?,stock_availability,neutral
gen_07751,min merah msh ready?,stock_availability,neutral
gen_07752,kak 30 abis blm?,stock_availability,neutral
gen_07753,eta 2 msh full?,stock_availability,neutral
gen_07754,warna item masih ad kk?,stock_availability,neutral
gen_07755,kak 5 msh ready?,stock_availability,neutral
gen_07756,size 2xl msh ad gak,stock_availability,neutral
gen_07757,min ungu msh ready?,stock_availability,neutral
gen_07758,kak 8 abis blm?,stock_availability,neutral
gen_07759,eta 10 msh full?,stock_availability,neutral
gen_07760,kak pink msh ad gak?,stock_availability,neutral
gen_07761,warna abu2 masih ad kk?,stock_availability,neutral
gen_07762,kak 13 msh ready?,stock_availability,neutral
gen_07763,size 3xl msh ad gak,stock_availability,neutral
gen_07764,min item msh ready?,stock_availability,neutral
gen_07765,kak 16 abis blm?,stock_availability,neutral
gen_07766,eta 18 msh full?,stock_availability,neutral
gen_07767,kak navy msh ad gak?,stock_availability,neutral
gen_07768,warna coklat masih ad kk?,stock_availability,neutral
gen_07769,kak 21 msh ready?,stock_availability,neutral
gen_07770,size m lgi msh ad gak,stock_availability,neutral
gen_07771,kak merah msh ad gak?,stock_availability,neutral
gen_07772,min biru msh ready?,stock_availability,neutral
gen_07773,kak 25 abis blm?,stock_availability,neutral
gen_07774,eta 28 msh full?,stock_availability,neutral
gen_07775,kak putih msh ad gak?,stock_availability,neutral
gen_07776,warna hijau masih ad kk?,stock_availability,neutral
gen_07777,kak 4 msh ready?,stock_availability,neutral
gen_07778,kak ungu msh ad gak?,stock_availability,negative
gen_07779,min cream msh ready?,stock_availability,neutral
gen_07780,kak 6 abis blm?,stock_availability,neutral
gen_07781,eta 9 msh full?,stock_availability,neutral
gen_07782,kak item msh ad gak?,stock_availability,neutral
gen_07783,kak 11 msh ready?,stock_availability,positive
gen_07784,kak abu2 msh ad gak?,stock_availability,neutral
gen_07785,min navy msh ready?,stock_availability,neutral
gen_07786,kak 14 abis blm?,stock_availability,neutral
gen_07787,eta 17 msh full?,stock_availability,neutral
gen_07788,warna merah masih ad kk?,stock_availability,neutral
gen_07789,kak 19 msh ready?,stock_availability,neutral
gen_07790,min hijau msh ready?,stock_availability,positive
gen_07791,kak 22 abis blm?,stock_availability,neutral
gen_07792,eta 26 msh full?,stock_availability,neutral
gen_07793,kak 29 msh ready?,stock_availability,neutral
gen_07794,size 28 msh ad gak,stock_availability,neutral
gen_07795,kak 7 abis blm?,stock_availability,neutral
gen_07796,eta 12 msh full?,stock_availability,neutral
gen_07797,kak 15 msh ready?,stock_availability,neutral
gen_07798,size 29 msh ad gak,stock_availability,neutral
gen_07799,min coklat msh ready?,stock_availability,neutral
gen_07800,kak 18 abis blm?,stock_availability,neutral
gen_07801,eta 22 msh full?,stock_availability,neutral
gen_07802,warna biru masih ad kk?,stock_availability,neutral
gen_07803,kak 23 msh ready?,stock_availability,neutral
gen_07804,size 30 msh ad gak,stock_availability,neutral
gen_07805,min pink msh ready?,stock_availability,neutral
gen_07806,kak 27 abis blm?,stock_availability,neutral
gen_07807,eta 30 msh full?,stock_availability,positive
gen_07808,warna cream masih ad kk?,stock_availability,neutral
gen_07809,size 31 msh ad gak,stock_availability,neutral
gen_07810,eta 11 msh full?,stock_availability,neutral
gen_07811,warna putih masih ad kk?,stock_availability,neutral
gen_07812,size 32 msh ad gak,stock_availability,neutral
gen_07813,eta 20 msh full?,stock_availability,neutral
gen_07814,warna hitam masih ad kk?,stock_availability,neutral
gen_07815,size 33 msh ad gak,stock_availability,neutral
gen_07816,kak 24 abis blm?,stock_availability,neutral
gen_07817,size 34 msh ad gak,stock_availability,neutral
gen_07818,kak 9 abis blm?,stock_availability,neutral
gen_07819,eta 13 msh full?,stock_availability,neutral
gen_07820,warna ungu masih ad kk?,stock_availability,neutral
gen_07821,kak 14 msh ready?,stock_availability,neutral
gen_07822,size 35 msh ad gak,stock_availability,neutral
gen_07823,kak 17 abis blm?,stock_availability,neutral
gen_07824,eta 21 msh full?,stock_availability,neutral
gen_07825,kak 22 msh ready?,stock_availability,neutral
gen_07826,size 36 msh ad gak,stock_availability,neutral
gen_07827,eta 29 msh full?,stock_availability,neutral
gen_07828,size 37 msh ad gak,stock_availability,neutral
gen_07829,kak 12 msh ready?,stock_availability,neutral
gen_07830,size 38 msh ad gak,stock_availability,neutral
gen_07831,kak 15 abis blm?,stock_availability,neutral
gen_07832,eta 19 msh full?,stock_availability,neutral
gen_07833,kak 18 msh ready?,stock_availability,neutral
gen_07834,size 39 msh ad gak,stock_availability,neutral
gen_07835,kak 23 abis blm?,stock_availability,neutral
gen_07836,kak 26 msh ready?,stock_availability,neutral
gen_07837,size 40 msh ad gak,stock_availability,neutral
gen_07838,kak 3 abis blm?,stock_availability,neutral
gen_07839,eta 6 msh full?,stock_availability,neutral
gen_07840,kak 8 msh ready?,stock_availability,neutral
gen_07841,size 41 msh ad gak,stock_availability,positive
gen_07842,kak 11 abis blm?,stock_availability,neutral
gen_07843,kak 16 msh ready?,stock_availability,neutral
gen_07844,size 42 msh ad gak,stock_availability,neutral
gen_07845,kak 19 abis blm?,stock_availability,neutral
gen_07846,eta 23 msh full?,stock_availability,neutral
gen_07847,kak 20 msh ready?,stock_availability,neutral
gen_07848,size 43 msh ad gak,stock_availability,neutral
gen_07849,eta 27 msh full?,stock_availability,neutral
gen_07850,kak 30 msh ready?,stock_availability,neutral
gen_07851,size 44 msh ad gak,stock_availability,neutral
gen_07852,kak 5 abis blm?,stock_availability,neutral
gen_07853,kak 10 msh ready?,stock_availability,neutral
gen_07854,size 45 msh ad gak,stock_availability,neutral
gen_07855,kak 17 msh ready?,stock_availability,neutral
gen_07856,size 46 msh ad gak,stock_availability,neutral
gen_07857,eta 25 msh full?,stock_availability,neutral
gen_07858,kak 28 msh ready?,stock_availability,neutral
gen_07859,size 47 msh ad gak,stock_availability,neutral
gen_07860,size 48 msh ad gak,stock_availability,neutral
gen_07861,size 49 msh ad gak,stock_availability,neutral
gen_07862,kak 26 abis blm?,stock_availability,neutral
gen_07863,kak 1 msh ready?,stock_availability,neutral
gen_07864,size 50 msh ad gak,stock_availability,neutral
gen_07865,﻿kak masih ready gak yang putih itu?,stock_availability,neutral
gen_07866,masih ada gak sih yang abu2 ukuran l,stock_availability,neutral
gen_07867,kak stoknya masih banyak gak?,stock_availability,neutral
gen_07868,bang eta 1 masih full belum?,stock_availability,neutral
gen_07869,min yang item msh ready kan?,stock_availability,neutral
gen_07870,kak yang navy ada stok gak?,stock_availability,neutral
gen_07871,masih ad gak kak yang biru?,stock_availability,neutral
gen_07872,kak ini ready semua gak warnanya?,stock_availability,neutral
gen_07873,bang stok yang cream msh ad ga?,stock_availability,neutral
gen_07874,min yang hijau masih ada?,stock_availability,neutral
gen_07875,kak yang pink udah abis blm?,stock_availability,neutral
gen_07876,bang yang ungu msh ad gak?,stock_availability,neutral
gen_07877,kak yang hitam stok masih aman?,stock_availability,positive
gen_07878,min yang abu2 ready gak?,stock_availability,neutral
gen_07879,kak yang merah msh ad nggak?,stock_availability,neutral
gen_07880,kak yang item msh ready kan?,stock_availability,neutral
gen_07881,kak yang cream ready gak sekarang?,stock_availability,neutral
gen_07882,bang yang biru msh ad gak?,stock_availability,neutral
gen_07883,kak yang hijau msh ready nggak?,stock_availability,neutral
gen_07884,bang yang merah msh ad gak?,stock_availability,neutral
gen_07885,min yang navy msh ready gak?,stock_availability,neutral
gen_07886,kak yang abu2 msh ad gak?,stock_availability,neutral
gen_07887,kak yang putih msh ready nggak?,stock_availability,neutral
gen_07888,kak yang cream msh ready?,stock_availability,positive
gen_07889,bang yang hijau msh ad gak?,stock_availability,neutral
gen_07890,min yang item msh ready gak?,stock_availability,neutral
gen_07891,kak yang navy msh ad nggak?,stock_availability,neutral
gen_07892,kak yang ungu msh ad gak?,stock_availability,neutral
gen_07893,min yang merah msh ad kan?,stock_availability,neutral
gen_07894,bang yang putih msh ad nggak?,stock_availability,neutral
gen_07895,min yang cream msh ready gak?,stock_availability,neutral
gen_07896,kak yang item msh ad gak?,stock_availability,neutral
gen_07897,bang yang navy msh ad kan?,stock_availability,neutral
gen_07898,bang yang ungu msh ready nggak?,stock_availability,neutral
gen_07899,kak yang merah msh ad gak?,stock_availability,neutral
gen_07900,min yang biru msh ad kan?,stock_availability,neutral
gen_07901,bang yang item msh ad nggak?,stock_availability,neutral
gen_07902,kak yang cream msh ad gak?,stock_availability,neutral
gen_07903,min yang navy msh ad kan?,stock_availability,neutral
gen_07904,bang yang abu2 msh ad gak?,stock_availability,neutral
gen_07905,min yang coklat msh ready nggak?,stock_availability,neutral
gen_07906,bang yang merah msh ad kan?,stock_availability,neutral
gen_07907,bang yang putih msh ready gak?,stock_availability,neutral
gen_07908,kak yang cream msh ad nggak?,stock_availability,neutral
gen_07909,bang yang pink msh ready gak?,stock_availability,neutral
gen_07910,kak yang coklat msh ad gak?,stock_availability,neutral
gen_07911,kak yang merah msh ready nggak?,stock_availability,neutral
gen_07912,bang yang item msh ad gak?,stock_availability,negative
gen_07913,kak yang putih msh ad gak?,stock_availability,neutral
gen_07914,bang yang cream msh ad kan?,stock_availability,neutral
gen_07915,min yang abu2 msh ad nggak?,stock_availability,neutral
gen_07916,kak yang pink msh ad gak?,stock_availability,neutral
gen_07917,bang yang coklat msh ad kan?,stock_availability,neutral
gen_07918,bang yang navy msh ready nggak?,stock_availability,neutral
gen_07919,kak yang biru msh ad gak?,stock_availability,neutral
gen_07920,min yang putih msh ad kan?,stock_availability,neutral
gen_07921,min yang pink msh ready nggak?,stock_availability,neutral
gen_07922,bang yang ungu msh ad kan?,stock_availability,neutral
gen_07923,bang yang biru msh ready nggak?,stock_availability,neutral
gen_07924,min yang cream msh ad kan?,stock_availability,neutral
gen_07925,bang yang putih msh ready nggak?,stock_availability,neutral
gen_07926,min yang hijau msh ad kan?,stock_availability,neutral
gen_07927,bang yang pink msh ad gak?,stock_availability,neutral
gen_07928,min yang ungu msh ready nggak?,stock_availability,neutral
gen_07929,bang yang item msh ad kan?,stock_availability,neutral
gen_07930,bang yang cream msh ready nggak?,stock_availability,neutral
gen_07931,kak yang hijau msh ad gak?,stock_availability,neutral
gen_07932,min yang abu2 msh ad kan?,stock_availability,neutral
gen_07933,bang yang coklat msh ad gak?,stock_availability,neutral
gen_07934,min yang merah msh ready nggak?,stock_availability,neutral
gen_07935,bang yang hijau msh ready nggak?,stock_availability,neutral
gen_07936,min yang pink msh ad kan?,stock_availability,neutral
gen_07937,min yang item msh ready nggak?,stock_availability,neutral
gen_07938,kak yang navy msh ad gak?,stock_availability,neutral
gen_07939,bang yang biru msh ad kan?,stock_availability,neutral
gen_07940,bang yang abu2 msh ready nggak?,stock_availability,neutral
gen_07941,min yang coklat msh ad kan?,stock_availability,neutral
gen_07942,min yang navy msh ready nggak?,stock_availability,neutral
gen_07943,bang yang putih msh ad kan?,stock_availability,neutral
gen_07944,bang yang pink msh ready nggak?,stock_availability,neutral
gen_07945,min yang biru msh ready nggak?,stock_availability,neutral
gen_07946,bang yang coklat msh ready nggak?,stock_availability,neutral
gen_07947,bang yang navy msh ad gak?,stock_availability,positive
gen_07948,min yang putih msh ready nggak?,stock_availability,neutral
gen_07949,bang yang hijau msh ad kan?,stock_availability,neutral
gen_07950,min yang item msh ad kan?,stock_availability,neutral
gen_07951,min yang cream msh ready nggak?,stock_availability,neutral
gen_07952,bang yang abu2 msh ad kan?,stock_availability,neutral
gen_07953,bang yang merah msh ready nggak?,stock_availability,neutral
gen_07954,bang yang putih msh ad gak?,stock_availability,neutral
gen_07955,min yang hijau msh ready nggak?,stock_availability,neutral
gen_07956,bang yang pink msh ad kan?,stock_availability,neutral
gen_07957,bang yang item msh ready nggak?,stock_availability,neutral
gen_07958,bang yang cream msh ad gak?,stock_availability,neutral
gen_07959,min yang abu2 msh ready nggak?,stock_availability,negative
gen_07960,﻿kak kaos item ready ga stoknya?,stock_availability,neutral
gen_07961,bang kaos hitam ada stock ga?,stock_availability,neutral
gen_07962,min kaos putih ready berapa biji?,stock_availability,neutral
gen_07963,kak kaos navy ready kak?,stock_availability,positive
gen_07964,bang kaos abu2 ada stok?,stock_availability,neutral
gen_07965,min kaos cream ready ga min?,stock_availability,neutral
gen_07966,kak kaos coklat stoknya ada?,stock_availability,neutral
gen_07967,bang kaos hijau ada ready?,stock_availability,neutral
gen_07968,min kaos pink ada stock ga?,stock_availability,neutral
gen_07969,kak kaos ungu ready bang?,stock_availability,neutral
gen_07970,bang kaos biru stok ada?,stock_availability,neutral
gen_07971,min kaos kuning ada ready?,stock_availability,neutral
gen_07972,kak kaos merah ready ga min?,stock_availability,neutral
gen_07973,bang kaos krem ada stoknya?,stock_availability,neutral
gen_07974,min kaos army ready stok?,stock_availability,neutral
gen_07975,kak kaos toska ada ga stok?,stock_availability,neutral
gen_07976,bang kaos sage ada stock?,stock_availability,neutral
gen_07977,min kaos mustard ready ga?,stock_availability,neutral
gen_07978,kak kaos dusty ada stok ga?,stock_availability,neutral
gen_07979,bang kaos maroon stok ready?,stock_availability,positive
gen_07980,kak kemeja item ada stock?,stock_availability,neutral
gen_07981,bang kemeja putih ready stok?,stock_availability,neutral
gen_07982,min kemeja navy ada ka ready?,stock_availability,neutral
gen_07983,kak kemeja abu2 stoknya ada?,stock_availability,neutral
gen_07984,bang kemeja coklat ready ga?,stock_availability,neutral
gen_07985,min kemeja cream ada stoknya?,stock_availability,negative
gen_07986,kak kemeja hijau ready stock?,stock_availability,neutral
gen_07987,bang kemeja pink ada ga stock?,stock_availability,neutral
gen_07988,min kemeja ungu ada ready?,stock_availability,neutral
gen_07989,kak kemeja biru stok ready ga?,stock_availability,neutral
gen_07990,bang kemeja kuning ada stok?,stock_availability,neutral
gen_07991,min kemeja merah ready stoknya?,stock_availability,neutral
gen_07992,kak kemeja krem stok ada ga?,stock_availability,neutral
gen_07993,bang kemeja army ready stock?,stock_availability,neutral
gen_07994,min kemeja toska ada ka ready?,stock_availability,neutral
gen_07995,kak kemeja sage stok ready?,stock_availability,neutral
gen_07996,bang kemeja mustard ada stock ga?,stock_availability,neutral
gen_07997,min kemeja dusty ready ga stock?,stock_availability,neutral
gen_07998,kak kemeja maroon stock ready?,stock_availability,neutral
gen_07999,bang hoodie item ready stok?,stock_availability,neutral
gen_08000,min hoodie putih ada ga stock?,stock_availability,neutral
gen_08001,kak hoodie navy stok ready?,stock_availability,neutral
gen_08002,bang hoodie abu2 ada stock?,stock_availability,neutral
gen_08003,min hoodie cream ready stock?,stock_availability,neutral
gen_08004,kak hoodie coklat stok ada?,stock_availability,neutral
gen_08005,bang hoodie hijau ready ga stok?,stock_availability,neutral
gen_08006,min hoodie pink ada ready stok?,stock_availability,neutral
gen_08007,kak hoodie ungu stock ready?,stock_availability,neutral
gen_08008,bang hoodie biru ada stok ready?,stock_availability,neutral
gen_08009,min hoodie kuning ready stock?,stock_availability,neutral
gen_08010,kak hoodie merah stok ada ga?,stock_availability,neutral
gen_08011,bang hoodie krem ready stoknya?,stock_availability,neutral
gen_08012,min hoodie army ada stock?,stock_availability,neutral
gen_08013,kak hoodie toska stok ready ga?,stock_availability,neutral
gen_08014,bang hoodie sage ada ready stok?,stock_availability,neutral
gen_08015,min hoodie mustard stock ready?,stock_availability,neutral
gen_08016,kak hoodie dusty ready ga stoknya?,stock_availability,neutral
gen_08017,bang hoodie maroon stok ready?,stock_availability,neutral
gen_08018,kak sweater item ada ready stock?,stock_availability,neutral
gen_08019,bang sweater putih ready stok?,stock_availability,neutral
gen_08020,min sweater navy stock ada ga?,stock_availability,neutral
gen_08021,kak sweater abu2 ready stoknya?,stock_availability,neutral
gen_08022,bang sweater cream ada stock ready?,stock_availability,neutral
gen_08023,min sweater coklat stok ready?,stock_availability,neutral
gen_08024,kak sweater hijau ready ga stock?,stock_availability,neutral
gen_08025,bang sweater pink stock ada?,stock_availability,neutral
gen_08026,min sweater ungu ada ready stok?,stock_availability,neutral
gen_08027,kak sweater biru ready stock?,stock_availability,neutral
gen_08028,bang sweater kuning stok ready ga?,stock_availability,neutral
gen_08029,min sweater merah ada stock?,stock_availability,neutral
gen_08030,kak sweater krem ready stoknya?,stock_availability,positive
gen_08031,bang sweater army stock ready?,stock_availability,neutral
gen_08032,min sweater toska ready stock?,stock_availability,neutral
gen_08033,kak sweater sage ada stock?,stock_availability,neutral
gen_08034,bang sweater mustard stok ready?,stock_availability,neutral
gen_08035,min sweater dusty ready ga stock?,stock_availability,neutral
gen_08036,kak sweater maroon stock ada?,stock_availability,negative
gen_08037,bang jogger item ready stock?,stock_availability,neutral
gen_08038,min jogger putih stock ready?,stock_availability,neutral
gen_08039,kak jogger navy ready stok?,stock_availability,neutral
gen_08040,bang jogger abu2 ada stock?,stock_availability,neutral
gen_08041,min jogger cream ready ga stock?,stock_availability,neutral
gen_08042,kak jogger coklat stock ready?,stock_availability,neutral
gen_08043,bang jogger hijau ada stock?,stock_availability,neutral
gen_08044,min jogger pink ready stoknya?,stock_availability,neutral
gen_08045,kak jogger ungu stock ada?,stock_availability,neutral
gen_08046,bang jogger biru ready ga stock?,stock_availability,neutral
gen_08047,min jogger kuning stock ready?,stock_availability,neutral
gen_08048,kak jogger merah ada ready stock?,stock_availability,negative
gen_08049,bang jogger krem stock ready?,stock_availability,neutral
gen_08050,min jogger army ready stock?,stock_availability,neutral
gen_08051,kak jogger toska stock ready?,stock_availability,neutral
gen_08052,bang jogger sage ada ready stok?,stock_availability,neutral
gen_08053,min jogger mustard ready ga stock?,stock_availability,neutral
gen_08054,kak jogger dusty stock ready?,stock_availability,neutral
gen_08055,bang jogger maroon ada stock?,stock_availability,neutral
gen_08056,kak celana item ready stok?,stock_availability,neutral
gen_08057,bang celana putih stock ready?,stock_availability,neutral
gen_08058,min celana navy ready stock?,stock_availability,neutral
gen_08059,kak celana abu2 stok ready?,stock_availability,neutral
gen_08060,bang celana cream ada stock?,stock_availability,neutral
gen_08061,min celana coklat ready stock?,stock_availability,neutral
gen_08062,kak celana hijau ada stok ready?,stock_availability,neutral
gen_08063,bang celana pink ready stock?,stock_availability,neutral
gen_08064,min celana ungu stok ready?,stock_availability,neutral
gen_08065,kak celana biru ada stock?,stock_availability,neutral
gen_08066,bang celana kuning ready stock?,stock_availability,neutral
gen_08067,min celana merah stok ready?,stock_availability,positive
gen_08068,kak celana krem ready ga stock?,stock_availability,neutral
gen_08069,bang celana army ada ready stok?,stock_availability,neutral
gen_08070,min celana toska ready stock?,stock_availability,neutral
gen_08071,kak celana sage stok ready?,stock_availability,neutral
gen_08072,bang celana mustard ada stock?,stock_availability,neutral
gen_08073,min celana dusty ready stok?,stock_availability,neutral
gen_08074,kak celana maroon ready ga stock?,stock_availability,neutral
gen_08075,bang kaos polos item stock?,stock_availability,neutral
gen_08076,kak kaos polos putih ready stok?,stock_availability,neutral
gen_08077,min kaos polos navy stok ready?,stock_availability,neutral
gen_08078,kak kaos polos abu2 ada stok?,stock_availability,neutral
gen_08079,bang kaos polos cream ready stock?,stock_availability,neutral
gen_08080,kak kaos polos coklat ready stok?,stock_availability,neutral
gen_08081,min kaos polos hijau stock ready?,stock_availability,neutral
gen_08082,kak kaos polos pink ready stok?,stock_availability,neutral
gen_08083,bang kaos polos ungu stock ready?,stock_availability,neutral
gen_08084,kak kaos polos biru stok ada?,stock_availability,neutral
gen_08085,min kaos polos kuning ready ga stok?,stock_availability,neutral
gen_08086,kak kaos polos merah ready stock?,stock_availability,neutral
gen_08087,bang kaos polos krem stok ready?,stock_availability,neutral
gen_08088,kak kaos polos army stock ready?,stock_availability,neutral
gen_08089,min kaos polos toska ada stok?,stock_availability,neutral
gen_08090,kak kaos polos sage ready stock?,stock_availability,neutral
gen_08091,bang kaos polos mustard stok ready?,stock_availability,neutral
gen_08092,kak kaos polos dusty ready stok stock?,stock_availability,neutral
gen_08093,min kaos polos maroon stok ready stock?,stock_availability,neutral
gen_08094,kak kaos polos item ready stock?,stock_availability,neutral
gen_08095,﻿kak stok kaos hitam masih ada?,stock_availability,neutral
gen_08096,bang kaos putih ready lagi ga?,stock_availability,neutral
gen_08097,min kaos navy abis belum?,stock_availability,neutral
gen_08098,kak kaos abu2 ready kak?,stock_availability,neutral
gen_08099,bang kaos cream masih ready?,stock_availability,neutral
gen_08100,min kaos coklat stok masih ada?,stock_availability,neutral
gen_08101,kak kaos hijau ready nggak?,stock_availability,neutral
gen_08102,bang kaos pink abis ga?,stock_availability,neutral
gen_08103,min kaos ungu masih ready?,stock_availability,neutral
gen_08104,kak kaos biru ready lagi?,stock_availability,neutral
gen_08105,bang kaos kuning stok ada lagi?,stock_availability,neutral
gen_08106,min kaos merah ready kah?,stock_availability,neutral
gen_08107,kak kaos krem masih stok?,stock_availability,neutral
gen_08108,bang kaos army ready lagi ga?,stock_availability,neutral
gen_08109,min kaos toska stok masih?,stock_availability,neutral
gen_08110,kak kaos sage ready kah?,stock_availability,neutral
gen_08111,bang kaos mustard abis belum?,stock_availability,neutral
gen_08112,min kaos dusty stok ready?,stock_availability,neutral
gen_08113,kak kaos maroon masih ada?,stock_availability,neutral
gen_08114,bang kemeja hitam stok ada?,stock_availability,neutral
gen_08115,min kemeja putih ready lagi?,stock_availability,neutral
gen_08116,kak kemeja navy masih ready?,stock_availability,neutral
gen_08117,bang kemeja abu2 ready kah?,stock_availability,neutral
gen_08118,min kemeja cream stok ada?,stock_availability,neutral
gen_08119,kak kemeja coklat ready lagi?,stock_availability,neutral
gen_08120,bang kemeja hijau masih stok?,stock_availability,neutral
gen_08121,min kemeja pink ready kah?,stock_availability,neutral
gen_08122,kak kemeja ungu stok masih?,stock_availability,neutral
gen_08123,bang kemeja biru ready lagi ga?,stock_availability,neutral
gen_08124,min kemeja kuning masih ready?,stock_availability,neutral
gen_08125,kak kemeja merah stok ada?,stock_availability,neutral
gen_08126,bang kemeja krem ready kah?,stock_availability,neutral
gen_08127,min kemeja army stok ready?,stock_availability,neutral
gen_08128,kak kemeja toska masih ada?,stock_availability,neutral
gen_08129,bang kemeja sage ready lagi?,stock_availability,neutral
gen_08130,min kemeja mustard stok ada?,stock_availability,neutral
gen_08131,kak kemeja dusty ready kah?,stock_availability,neutral
gen_08132,bang kemeja maroon masih stok?,stock_availability,neutral
gen_08133,min hoodie hitam ready lagi?,stock_availability,neutral
gen_08134,kak hoodie putih stok ada?,stock_availability,neutral
gen_08135,bang hoodie navy ready kah?,stock_availability,neutral
gen_08136,min hoodie abu2 masih stok?,stock_availability,neutral
gen_08137,kak hoodie cream ready lagi?,stock_availability,neutral
gen_08138,bang hoodie coklat stok masih?,stock_availability,neutral
gen_08139,min hoodie hijau ready kah?,stock_availability,neutral
gen_08140,kak hoodie pink masih ready?,stock_availability,neutral
gen_08141,bang hoodie ungu stok ada?,stock_availability,negative
gen_08142,min hoodie biru ready lagi ga?,stock_availability,neutral
gen_08143,kak hoodie kuning ready kah?,stock_availability,neutral
gen_08144,bang hoodie merah stok masih?,stock_availability,neutral
gen_08145,min hoodie krem ready lagi?,stock_availability,positive
gen_08146,kak hoodie army masih stok?,stock_availability,neutral
gen_08147,bang hoodie toska ready kah?,stock_availability,positive
gen_08148,min hoodie sage stok ada?,stock_availability,neutral
gen_08149,kak hoodie mustard ready lagi?,stock_availability,neutral
gen_08150,bang hoodie dusty stok masih?,stock_availability,neutral
gen_08151,min hoodie maroon ready kah?,stock_availability,neutral
gen_08152,kak sweater hitam stok ada?,stock_availability,neutral
gen_08153,bang sweater putih ready kah?,stock_availability,neutral
gen_08154,min sweater navy masih ready?,stock_availability,neutral
gen_08155,kak sweater abu2 stok masih?,stock_availability,neutral
gen_08156,bang sweater cream ready lagi?,stock_availability,neutral
gen_08157,min sweater coklat ready kah?,stock_availability,neutral
gen_08158,kak sweater hijau stok ada?,stock_availability,neutral
gen_08159,bang sweater pink masih stok?,stock_availability,neutral
gen_08160,min sweater ungu ready lagi?,stock_availability,neutral
gen_08161,kak sweater biru ready kah?,stock_availability,neutral
gen_08162,bang sweater kuning stok masih?,stock_availability,neutral
gen_08163,min sweater merah ready lagi?,stock_availability,neutral
gen_08164,kak sweater krem stok ada?,stock_availability,neutral
gen_08165,bang sweater army ready kah?,stock_availability,neutral
gen_08166,min sweater toska masih ready?,stock_availability,neutral
gen_08167,kak sweater sage stok masih?,stock_availability,neutral
gen_08168,bang sweater mustard ready lagi?,stock_availability,neutral
gen_08169,min sweater dusty ready kah?,stock_availability,neutral
gen_08170,kak sweater maroon stok ada?,stock_availability,positive
gen_08171,bang jogger hitam ready kah?,stock_availability,neutral
gen_08172,min jogger putih still ready?,stock_availability,neutral
gen_08173,kak jogger navy stok ada?,stock_availability,negative
gen_08174,bang jogger abu2 masih stok?,stock_availability,neutral
gen_08175,min jogger cream ready kah?,stock_availability,neutral
gen_08176,kak jogger coklat ready lagi?,stock_availability,neutral
gen_08177,bang jogger hijau stok masih?,stock_availability,neutral
gen_08178,min jogger pink ready kah?,stock_availability,neutral
gen_08179,kak jogger ungu masih ready?,stock_availability,neutral
gen_08180,bang jogger biru stok ada?,stock_availability,neutral
gen_08181,min jogger kuning ready lagi?,stock_availability,neutral
gen_08182,kak jogger merah stok masih?,stock_availability,neutral
gen_08183,bang jogger krem ready kah?,stock_availability,negative
gen_08184,min jogger army stok ada?,stock_availability,neutral
gen_08185,kak jogger toska ready kah?,stock_availability,neutral
gen_08186,bang jogger sage masih stok?,stock_availability,neutral
gen_08187,min jogger mustard ready lagi?,stock_availability,neutral
gen_08188,kak jogger dusty ready kah?,stock_availability,neutral
gen_08189,bang jogger maroon stok masih?,stock_availability,neutral
gen_08190,min celana hitam ready kah?,stock_availability,positive
gen_08191,kak celana putih stok ada?,stock_availability,neutral
gen_08192,bang celana navy masih ready?,stock_availability,neutral
gen_08193,min celana abu2 ready kah?,stock_availability,neutral
gen_08194,kak celana cream stok masih?,stock_availability,neutral
gen_08195,bang celana coklat ready lagi?,stock_availability,neutral
gen_08196,min celana hijau ready kah?,stock_availability,neutral
gen_08197,kak celana pink stok ada?,stock_availability,neutral
gen_08198,bang celana ungu masih stok?,stock_availability,neutral
gen_08199,min celana biru ready kah?,stock_availability,neutral
gen_08200,kak celana kuning stok masih?,stock_availability,neutral
gen_08201,bang celana merah ready lagi?,stock_availability,neutral
gen_08202,min celana krem ready kah?,stock_availability,neutral
gen_08203,kak celana army stok ada?,stock_availability,neutral
gen_08204,bang celana toska masih ready?,stock_availability,neutral
gen_08205,min celana sage ready kah?,stock_availability,neutral
gen_08206,kak celana mustard stok masih?,stock_availability,neutral
gen_08207,bang celana dusty ready lagi?,stock_availability,neutral
gen_08208,min celana maroon stok ada?,stock_availability,neutral
gen_08209,kak kaos polos hitam ready kah?,stock_availability,neutral
gen_08210,bang kaos polos putih stok ada?,stock_availability,neutral
gen_08211,min kaos polos navy ready kah?,stock_availability,neutral
gen_08212,kak kaos polos abu2 stok masih?,stock_availability,neutral
gen_08213,bang kaos polos cream ready lagi?,stock_availability,neutral
gen_08214,min kaos polos coklat ready kah?,stock_availability,neutral
gen_08215,kak kaos polos hijau stok ada?,stock_availability,neutral
gen_08216,bang kaos polos pink still stok?,stock_availability,neutral
gen_08217,min kaos polos ungu ready kah?,stock_availability,neutral
gen_08218,kak kaos polos biru ready lagi?,stock_availability,neutral
gen_08219,bang kaos polos kuning stok masih?,stock_availability,neutral
gen_08220,min kaos polos merah ready kah?,stock_availability,neutral
gen_08221,kak kaos polos krem stok ada?,stock_availability,neutral
gen_08222,bang kaos polos army ready kah?,stock_availability,neutral
gen_08223,min kaos polos toska stok masih?,stock_availability,neutral
gen_08224,kak kaos polos sage ready lagi?,stock_availability,neutral
gen_08225,bang kaos polos mustard ready kah?,stock_availability,neutral
gen_08226,min kaos polos dusty stok ada?,stock_availability,neutral
gen_08227,kak kaos polos maroon still ready?,stock_availability,neutral
gen_08228,﻿kak kaos hitam ready nggak stoknya?,stock_availability,neutral
gen_08229,bang kaos putih ready ga stok?,stock_availability,neutral
gen_08230,min kaos navy ready ga stoknya?,stock_availability,negative
gen_08231,kak kaos abu2 ready ga stock?,stock_availability,neutral
gen_08232,bang kaos cream ready ga sdg?,stock_availability,neutral
gen_08233,min kaos coklat ready ngga stock?,stock_availability,neutral
gen_08234,kak kaos hijau ready ga lagi?,stock_availability,neutral
gen_08235,bang kaos pink ready ga stock?,stock_availability,neutral
gen_08236,min kaos ungu ready ga stoknya?,stock_availability,neutral
gen_08237,kak kaos biru ready nggak?,stock_availability,neutral
gen_08238,bang kaos kuning ready ga stok?,stock_availability,positive
gen_08239,min kaos merah ready ga saat ini?,stock_availability,neutral
gen_08240,kak kaos krem ready ga stocknya?,stock_availability,neutral
gen_08241,bang kaos army ready ga sekarang?,stock_availability,neutral
gen_08242,min kaos toska ready ga stok?,stock_availability,neutral
gen_08243,kak kaos sage ready ngga?,stock_availability,neutral
gen_08244,bang kaos mustard ready ga stock?,stock_availability,neutral
gen_08245,min kaos dusty ready ga stoknya?,stock_availability,neutral
gen_08246,kak kaos maroon ready ga stok?,stock_availability,neutral
gen_08247,bang kaos item ready ga stock?,stock_availability,neutral
gen_08248,min kaos hitam ready ga stok?,stock_availability,neutral
gen_08249,kak kaos putih ready ga stock?,stock_availability,neutral
gen_08250,kak kaos navy ready ga stoknya?,stock_availability,neutral
